titulo,fecha,url,resumen_original,texto,longitud_caracteres,resumen_tematico,estilo_predominante,critica_editorial,claridad_y_estructura,rigor_y_argumentacion,puntos_fuertes,puntos_mejora,version_criterio
No son elecciones,2026-10-10T05:00:00+02:00,https://cronicavasca.elespanol.com/opinion/20261010/no-elecciones/1003742801658_12.html,"Semana y pico comparando tarifas del gas. Una incluye descuento en el término fijo durante los seis primeros meses y ni idea de qué pasa después. Otra promete energía verde, pero no llego a descifrar la letra pequeña. También hay un teleoperador de voz amabilísima que me ha llamado cuatro veces. A la quinta me tocará preguntarle por la familia y, de paso, anunciar mi rendición: ya que todas van a atracar, mejor con delicadeza.","Semana y pico comparando tarifas del gas. Una incluye descuento en el término fijo durante los seis primeros meses y ni idea de qué pasa después. Otra promete energía verde , pero no llego a descifrar la letra pequeña. También hay un teleoperador de voz amabilísima que me ha llamado cuatro veces. A la quinta me tocará preguntarle por la familia y, de paso, anunciar mi rendición: ya que todas van a atracar, mejor con delicadeza.

Cuento esto para cagarme en esos sinvergüenzas que llevan semanas sermoneando sobre la libertad de elección. Y porque yo, a diferencia de Maricarmen , sigo viva y en casa, con un nudo que no sé si es rabia o pena. Así que toca desatar.

No escogemos dónde nacemos, la talla del zapato, tener pies planos o voz de pito. En muchas otras cosas, al menos en teoría, decidimos. Letras o Ciencias. Dónde ir de vacaciones. Hipoteca fija. Bajar al pilón o mejor esta noche leer un libro.

Y nos encanta. Elegir nos hace sentir dueños de nuestra existencia. Además, afortunados nosotros, vivimos en una época con posibilidades infinitas. Qué sé yo: quince plataformas de televisión , veinte variedades de rooibos , aplicaciones donde puedes encontrar el amor entre miles de señores moviendo un dedo mientras haces caca...

Hasta que un día, oh, sorpresa, descubres que una cosa es tener opciones y otra muy diferente elegir. El abanico se estrecha cuanto más te juegas y más abajo estás en la escala social. Al final, a poco que seas una persona corriente y moliente, solo descartas y te quedas con lo que puedes, ya sea un piso sin ascensor o un trabajo aburridísimo para pagar facturas.

Y aun así siempre habrá imbéciles en primetime , y por contagio en la barra del bar, responsabilizando al desgraciado de turno de que las cosas no le vayan mejor. Supongo que es lo que tiene confundir buena suerte, o una descomunal falta de escrúpulos, con talento y responsabilidad.

Maricarmen también podía elegir, decían. Tenía la oportunidad de haberse ido antes de que la echaran de la casa en la que vivió durante 71 años . Susto o muerte. Culpa solo suya.

Qué rotos tienen que estar esos corazones para juzgar con tanta facilidad y someter a la víctima a una auditoría moral: rebuscar entre sus costumbres, su pensión, las arrugas de su cara, hasta encontrar algo que permita justificar la barbarie. Cuánta mala sombra para denunciar instrumentalización política cuando no saben hacer otra cosa que inseminar odio. Qué miserable reducir la compasión a un derecho de santos inocentes; justo lo que ellos jamás fueron, ni serán.

Con lo fácil que habría sido, digo yo, preguntarse si alguien más podía elegir. Los fondos buitre , mismamente. ¿No podían conformarse con ganar un poquito menos? ¿Dejar que una casi nonagenaria muriera en su cama, con sus sábanas y manías?

Pero no. De eso, ni palabra. Maricarmen, una jetas. Aquellos que tienen el dinero y la sartén por el mango, coherentes. Y ahí queda la conclusión: la libertad de elegir consiste en que los de abajo aprendan a perder y los de arriba no tengan que hacerlo jamás.

Mientras tanto, quienes chupan de la teta pública a lo suyo. Me refiero, sobre todo, a los señores que confunden hacer oposición con lanzar la bomba atómica. Pero también a esos gobernantes que según sus estatutos flirtean con el bien común y siguen tratando el asunto ojipláticos perdidos como si fueran Britney Spears cantando Ups, I did it again .

Pudieron elegir el intento de hacer algo muchísimo antes y antes de eso buscar aliados, porque los decretos, las normativas y demás principios fundamentales no caen del cielo que iba a asaltar Iglesias . Hubo margen para ofrecer un desenlace más digno a Maricarmen. Lo mismo para el colega que comparte piso con 43 castañas o tu hermana recién divorciada de vuelta en casa de papá y mamá con dos maletas, una planta y la autoestima regulín. Pero las riñas de patio desgastan demasiado. Entiéndelos.

Por eso, ahora que Pedro Sánchez acaba de anunciar elecciones anticipadas , me pregunto: ¿elecciones, deberíamos seguir llamándolas así? ¿Acaso no se han convertido en un formidable proceso de descarte? En especial, para las personas que tenemos el mal gusto de considerarnos de izquierdas y la incoherencia de vestir fenomenal.

No hay día que despierte sin que me recuerden la amenaza de la ultraderecha. Y sí, gracias por el aviso. Me enteré: viene el lobo feroz y su escuadrón al completo con ganas de desgarrar cualquier avance social que les recuerde lo egoístas, inseguros y pobres de mente que son.

Pero, una vez procesado el peligro, qué. ¿Sería mucho pedir alguna razón más que no pase por hacernos sentir tan responsables del avance de los fachas, nosotros que compramos la carne debajo de casa y nos llevamos decentemente con nuestros vecinos de Marruecos?

Votar para evitar desgracias mayores es importante. Y lo vamos a seguir haciendo. Lo que no puede ser es que esa gente que dice representar el progresismo pase media vida recordando las taras del vecino, un cuarto justificando por qué volverá a prometer hasta meter y el restante cumpliendo lo justito como mi compañera de 4º de EGB, Madalena , que encima recibía regalo al terminar el curso.

Por supuesto, no pretendo ir al colegio electoral con la euforia de cuando pisé Eurodisney. No necesito que Mickey Mouse me dé la bienvenida mientras Campanilla esparce polvo de hadas sobre la mesa 7B. Tú, supongo, tampoco.

Elegir de adulto casi siempre significa renunciar a algo. Ningún crush viene con garantías. Ninguna casa tiene los metros, la luz o la terraza que querrías. No hay democracia perfecta. Pero entre esperar maripositas en el estómago como los fans del Perro y resignarnos hasta la eternidad al “vótame porque mira qué miedo da el otro” debería existir algo.

¿Confianza, transparencia, un proyecto? Por ejemplo.

Esto es lo que le diría a quien se supone que he de votar en noviembre. Confiésate. Ponte de rodillas ante mí, siervo, y acepta lo que hiciste mal. Arrepiéntete. Y luego, explica cómo lo vas a corregir. Qué plan tienes para que el hijo de mi mejor amiga pueda emanciparse o mi padre consiga cita con Cardiología antes de que le estalle la patata. Por qué debería confiar otra vez, si mi ex me decepcionó la mitad que tú y es justo eso: mi ex.

Hay que ir a las urnas, vale, pero el derecho a escoger pierde sentido cuando nuestras vidas consisten en administrar las renuncias que otros han decidido por nosotros. Además, antes de volver a regalar las llaves del poder, convendría recordar que de poco sirve decidir quién abre y cierra las puertas si acaban reventando las de los más indefensos.

Y no sé tú, pero yo siento que empieza a hacer mucho frío ahí fuera.",6671,"El texto reflexiona sobre la ilusión de la libertad de elección en la vida cotidiana y política, usando la historia de Maricarmen y la situación de las elecciones anticipadas para cuestionar la desigualdad de opciones.",provocador,"El artículo carece de una tesis claramente definida y se pierde en digresiones que dificultan seguir el hilo argumental. La estructura es caótica, con saltos temáticos abruptos y excesivo lenguaje vulgar que empaña la fuerza del mensaje. Además, la argumentación es superficial, recurriendo a clichés y anécdotas sin profundizar en el análisis.",4.5,4.0,"['Voz emotiva y enérgica que captura la frustración del autor', 'Uso de ejemplos cotidianos que acercan el tema al lector', 'Tono provocador que busca sacudir la complacencia']","['Definir y mantener una tesis clara a lo largo del texto', 'Organizar las ideas con una estructura lógica y coherente', 'Reducir el lenguaje vulgar y evitar clichés para fortalecer la argumentación']",opinion_v5
"Hasta luego, Maricarmen",2026-10-03T05:00:00+02:00,https://cronicavasca.elespanol.com/opinion/20261003/luego-maricarmen/1003742799064_12.html,"Puede que hoy vayas al supermercado. Tal vez a la peluquería, al trabajo o al bar. Pero donde seguro volverás, a poco que te acompañe la suerte, es a casa. Además así, a diferencia del resto de lugares comunes: sin artículo.","Puede que hoy vayas al supermercado. Tal vez a la peluquería, al trabajo o al bar. Pero donde seguro volverás, a poco que te acompañe la suerte, es a casa. Además así, a diferencia del resto de lugares comunes: sin artículo. Estás en casa. Sales de casa. Qué ganas tienes de llegar a casa. Casa es casa. Y, cuando la nombras, nadie pregunta cuál. Hasta que el mercado atraviesa la puerta. Entonces, se convierte en otra cosa. Los economistas hablan de vivienda. El catastro, de inmueble. En los anuncios es propiedad. En los fondos, activo. Para inversores, cartera. Y, si te alejas un poco más, llegará un momento en que aquellos 65 metros cuadrados donde alguien crió a sus hijos, cuidó a sus padres, aprendió sus primeros acordes o lloró el tercer desamor pasará a ser una oportunidad. Vale, ninguna de esas palabras dice algo que no sea cierto. Las casas tienen precio. Se compran, venden, alquilan, heredan. El problema es que hemos aprendido a mirar nuestro hogar igualito que los señores encorbatados especialistas en rentabilidad. No vale con tener casa en la que cobijarnos. También confiamos en que haga de hucha, red de seguridad y salvavidas para la vejez. Que nos resguarde de la lluvia de otoño y, ya que estamos, de la próxima tormenta económica. Ahí empiezan las contradicciones. Porque lo queremos todo. Que haya arrendamientos baratos para que el niño se emancipe de una vez y sacar un pico al cuchitril de la abuela. Que baje la nueva promoción de adosados y nuestro tercero con vistas a un patio interior siga revalorizándose. Que se construya vivienda pública, pero primero para los de aquí, aunque nadie tenga claro desde qué generación empieza el complemento circunstancial de lugar. Y, por supuesto, no ser el único idiota del barrio que cobra quinientos si se puede sacar trescientos más. Pues traigo malas noticias: consumar este malabarismo sería como pretender un abdomen plano sin darle respiro a la cerveza. Lógicamente las casas tienen precio, dueños, escrituras. Nadie está diciendo que quien haya invertido sus ahorros en una deba ofrecerla al primero que pase a cambio de dos gallinas y un abrazo. Pero quizá va siendo hora de reconocer lo que llevamos siglos empeñados en olvidar: con los derechos fundamentales no se especula. Ni Botín, ni tú. Maricarmen. 87 años, 71 viviendo en el mismo piso de Madrid. Renta antigua. Contrato subrogado tras la muerte de su madre. Un fondo buitre decidido a llegar hasta el final. Una camilla saliendo por el portal. Propiedad versus pertenencia. Vaya choque de trenes. La propiedad cabe en una escritura. Incluye porcentajes, firmas, sellos y un nombre en el Registro. La segunda es bastante más difícil de archivar. ¿Dónde se inscribe una biografía, cuánto ocupa en el Catastro una vida? Los papeles pueden acreditar quién posee una casa, pero no todo lo que una vida acaba haciendo suya. Y esa diferencia importa porque obliga a hacerse preguntas. Qué protegemos. Hasta dónde. Cuánto puede mandar el dinero. Por eso, supongo, se inventó la política. Para, ante cualquier conflicto, sacar la lupa, establecer límites y decidir qué asuntos son demasiado importantes como para que la única respuesta sea “lo que diga el mercado”. Si le dejas, el mercado siempre responderá “hasta luego, Maricarmen”. Fue diseñado para eso: hacer cálculos, comparar cifras, sacar provecho. Y ya. No va a tener en cuenta las rayas a lápiz en la pared de cuando estabas creciendo, ni las recetas escritas a mano por una madre muerta que siguen en el tercer cajón de la cocina. Eso no aumenta el valor de una vivienda. Y, sin embargo, es justo lo que la convierte en casa. Qué tragaderas hemos tenido. Hasta ahora. El desahucio de Maricarmen prendió algo que llevaba demasiado tiempo empapado en gasolina. Miles y miles de personas están saliendo a las calles de Madrid. Cientos duermen desde hace una semana en Sol. Las protestas se han extendido a nuestro terruño. Y ya se está rompiendo el puzzle. Ella vuelve a casa con un acuerdo razonable. El Gobierno ha aprobado medidas que ahora deberán superar el peaje del Congreso. ¿Problema resuelto? Evidentemente no. Pero se está consiguiendo algo bastante más importante de lo que parece: obligar a los políticos a hacer política. Ahora, la clave: no desfallecer. Hay que apretar, forzar la discusión. Toda. Qué funciona y qué no. Qué efectos secundarios provoca cada intervención. Cuánto ladrillo hace falta y qué rehabilitar antes. Cuál es la protección que necesita quien alquila y qué seguridad quien pone su vivienda en alquiler. Qué hacemos con los grandes tenedores, los pisos turísticos y la vivienda vacía. O si reventamos ya este sistema para construir uno nuevo. Pero nada de levantar el campamento, por favor. Sobre todo, el mental. Que siga dando el Sol para sacar a la luz lo que durante demasiado tiempo hemos padecido a oscuras, a solas, en la intimidad. Piénsalo. Tu casa es casi con toda seguridad el espacio más privado que tienes. Cierras la puerta para dejar el mundo fuera y habitar el tuyo. Te pones la camiseta de bolillos. Follas. Lloras. Pruebas otra vez la receta de pan con masa madre. Duermes desde la tranquilidad elemental de saber que, al despertar, seguirás en las mismas sábanas. Y, sin embargo, para defender el fortín donde puedes bajar la guardia y ser más tú que en ningún otro sitio has de hacer al revés. Abrir la puerta. Salir. Encontrarte con la gente. Ocupar una plaza. Hacer ruido. Incomodar. Pocas cosas habrán cambiado en la historia gracias a que todo el mundo estuviera razonablemente de acuerdo desde su salón. Las instituciones, además, desarrollan una extraordinaria tolerancia a los problemas ciudadanos. Los incorporan a la agenda, anuncian un plan, crean una comisión, encargan un informe y para cuando llega el siguiente ya nadie recuerda en qué bandeja acabó el primero. La calle sirve, entre otras movidas, para sacudirles el archivador. También para recordarnos lo siguiente. Y con esto lo dejo por hoy. La política no es un servicio técnico al que llamar cuando la caldera deja de funcionar. No termina cuando metemos una papeleta en la urna. También incluye la responsabilidad de organizarnos, vigilar, tocar las narices. Y si los de arriba vuelven a fallar, mandarlos donde toca: a su puñetera casa.",6260,"El artículo aborda la crisis de la vivienda desde una perspectiva crítica, destacando la contradicción entre la propiedad como activo económico y la vivienda como espacio de pertenencia y afecto, usando el caso de Maricarmen (una anciana en riesgo de desahucio) como símbolo de la lucha social. Propone que la política debe regular este conflicto para proteger los derechos fundamentales, no solo los mercados, y exhorta a la movilización ciudadana como herramienta de cambio.",satírico-provocador,"El texto cae en una repetición excesiva de metáforas (como la del abdomen plano y la cerveza) que, aunque efectivas al inicio, pierden fuerza al repetirse sin variación. La estructura, aunque orgánica, tiene párrafos largos que pueden saturar al lector, especialmente en el desarrollo del conflicto Maricarmen-Gobierno, donde la ironía se vuelve predecible. Además, el tono combativo en el cierre ('mandarlos donde toca: a su puñetera casa') puede parecer excesivamente confrontacional para un artículo de opinión que busca consenso en la agenda política, diluyendo parte de su impacto.",7.0,8.0,"['Uso magistral de la anécdota de Maricarmen para humanizar un debate abstracto (vivienda vs. propiedad), creando un punto de conexión emocional con el lector.', ""Ironía y sátira bien dosificadas en los primeros párrafos, especialmente en la comparación entre el hogar y el 'activo financiero', que refuerza la crítica sin caer en lo simplista."", 'Llamado a la acción ciudadana bien argumentado, con un cierre que equilibra el tono combativo con un llamado a la organización colectiva, evitando el victimismo.', 'Estructura temática clara: pasa de lo personal (Maricarmen) a lo sistémico (mercado vs. política) y vuelve al llamado a la movilización, con un ritmo que mantiene el interés.']","['Evitar la repetición de recursos retóricos (como la metáfora de la cerveza) para no cansar al lector y mantener la frescura del estilo.', 'Acortar párrafos largos, especialmente en la sección central (ej. el desarrollo del conflicto con Maricarmen), para mejorar la fluidez y evitar la sensación de densidad innecesaria.', ""Modular el tono confrontacional en el cierre: aunque es legítimo, podría suavizarse para no alienar a posibles aliados en la lucha política (ej. reemplazar 'puñetera casa' por una fórmula más inclusiva)."", ""Incluir ejemplos concretos de medidas políticas exitosas (aunque sea en otros contextos) para dar peso al argumento de que 'la política sí puede funcionar', no solo criticar su fracaso.""]",opinion_v4
Reflexiones tras el eclipse desde un bar de carretera intergaláctico llamado Tierra,2026-08-15T05:00:00+02:00,https://cronicavasca.elespanol.com/opinion/20260815/reflexiones-eclipse-bar-carretera-intergalactico-llamado-tierra/1003742786977_12.html,"Llegó. Y fue, hay que gritarlo, hermoso. Todo: Catalina, interponiéndose entre Lorenzo y la humanidad como si quisiera recordarnos que podemos tapar el sol con un dedo pero jamás poseeremos la autoridad del Universo; la penumbra, tan distinta a cuando las nubes se enredan en la bombilla; los pájaros, confundidos; y silencio, al menos un minuto de silencio, del que se guarda cuando se homenajea a un difunto solo que sin pena en la pupila.","Llegó. Y fue, hay que gritarlo, hermoso. Todo: Catalina, interponiéndose entre Lorenzo y la humanidad como si quisiera recordarnos que podemos tapar el sol con un dedo pero jamás poseeremos la autoridad del Universo; la penumbra, tan distinta a cuando las nubes se enredan en la bombilla; los pájaros, confundidos; y silencio, al menos un minuto de silencio, del que se guarda cuando se homenajea a un difunto solo que sin pena en la pupila. Bastó eso, no hizo falta más, para sentir el rasguño de lo sublime. Y que el circo montado pareciera, siquiera un ratito, disculpable. Lo de estos últimos meses había empezado a quitarme las ganas. Ya sabes. Agencias de viajes descubriendo la astronomía con packs premium de autobús a la cima del monte y cata de vinos. Hoteles de la franja a quinientos euros la noche, con reservas agotadas desde marzo. Súmale el mercadeo de las gafas, un descaradísimo déjà vu de las mascarillas al principio de la pandemia. Y lo peor: demasiada gente que hoy no te sabrá decir si la Luna está en fase creciente o cómo se llama cuando luce como una rodaja de melón, obsesionada con el momento. No critico la fascinación por el eclipse. Me pareció legítima y, sobre todo, sanadora. Necesitamos activar el asombro infantil, la curiosidad primigenia que el cinismo de la rutina se empeña en extirpar. Además, ha sido un evento canónico. Quizá no experimentes otro igual de aquí a tu último suspiro. Y para qué engañarnos: perdérselo activaba el fomo, ese pánico tan millenial de quedarse fuera de la historia y la histeria. El problema no fue la neurosis colectiva de elevar al fin la vista. Yo tengo telescopio. Es la costumbre de dejar de mirar el resto del tiempo. En serio, el tema trae guasa. La civilización preocupadísima por proteger la retina del fulgor solar y quién se para a pensar en la ceguera cotidiana. Hemos desarrollado una incapacidad prácticamente crónica para ver lo que se nos pone delante día a día. Da igual qué. La luz dorada rebotando en los azulejos de la cocina al atardecer, el cansancio en los hombros de mamá, las margaritas que han vuelto a brotar detrás de casa, el beso que le falta a tu pareja en la comisura izquierda de la boca... Se nos escapan cosas así de fundamentales porque el cerebro va a mil por hora, secuestrado por una lista de tareas pendientes que nunca acaba y decisiones tan prácticas como si hoy toca descongelar las pechugas de pollo o mejor hacer huevos fritos. Es lo que tiene vivir pasados de vuelta, contranatura, amortiguando el reloj biológico a base de luz azul, gimnasio, Netflix, lexatines. Lo que sea para que no moleste con sus manías anticuadas de masticar lento, dormir cuando anochece o apagar motores si el termómetro sube de 40. La aceleración empezó con la Revolución Industrial y aquí seguimos: aceptando la insensatez de boicotear nuestros propios ritmos circadianos con los ojos vendados para no ver la caída. Si el cosmos lo gestionara nuestra especie, la Vía Láctea ya sería siniestro total. Por eso me encantaría pensar que al menos una quinta parte, no pido más, de quienes se rindieron a la experiencia histórica del 12 de agosto de 2026 recuperará la sana costumbre de mirar al cielo. No solo por aprender a guiarse como viejos pescadores o engatusar a la cita de Tinder señalando el cinturón de Orión. Hablo de algo más humilde: alzar los ojos a la intemperie infinita ayuda a recordar lo ridículamente insignificantes que somos. Si lo has practicado sabrás que es un ejercicio de higiene mental súper efectivo frente a nuestras miserias: las prisas, la autoconmiseración, incluso el narcisismo contemporáneo, esa soberbia compartida que a unos les hace opinar de cualquier conflicto geopolítico sin sonrojo y a otros creer que sus stories de Instagram tomando café importan. De vez en cuando hace falta la matemática de un cosmos que no sabe quién eres, ni le importa, para echar freno de mano y recuperar el norte que dejaste de buscar en la estrella polar porque tienes GPS. Y de ahí, mi propuesta en lo que falta de mes: aprovechar las noches tranquilas de agosto para dejar atrás el ribeteado de las farolas, encontrar un sitio donde lo oscuro recupera su virginidad y perderse. Perderse en la negrura hasta que los ojos se acostumbren y el cielo acepte parir millones de lucecitas que, incluso muertas, llevaban siglos esperándote. , ni la subida de la hipoteca Es un instante casi místico, de esos que a Santa Teresa le habrían hecho levitar tres metros y a ti puede que te pille con una nevera portátil llena de cervezas. De repente, el aire huele a pino caliente y noche vieja. La mirada se expande y todo encaja. Comienzas a entender la geometría del tiempo, a asumir qué lugar ocupas en la charca espacial. Y aun así intuyes, con la claridad deslumbrante de la danza astral, que jamás terminarás de encontrar respuesta a muchas grandes preguntas de la existencia pero tampoco importa. Lástima que el milagro dure exactamente lo que tarda en picarte un mosquito gigante o vibrar el móvil en el bolsillo con una notificación de la app del banco. Por cierto, buenas nuevas. Las Lágrimas de San Lorenzo ya están aquí. Oportunidad anual sublime para, además de lo que te he contado, practicar un rito candoroso al que solo renuncian los amargados que confunden madurez con haberse quedado secos por dentro: perseguir estrellas fugaces y pedir un deseo. El mío lo tengo claro y, como no soy supersticiosa pero me pierde un buen brindis, aquí va por adelantado: que nada ni nadie nos eclipse el resto del año. Ni la vuelta al cole, ni los tres kilos ganados con cerveza, sudor y risas estas vacaciones, ni la subida de la hipoteca. Ni, válgame Dios, esa manía de algunos por creerse el ombligo del Universo cuando apenas somos una mota de polvo flotando en un bar de carretera intergaláctico.",5802,"El autor reflexiona sobre el eclipse del 12 de agosto de 2026 y lo usa como punto de partida para criticar la distracción constante de la vida moderna, abogando por recuperar la costumbre de observar el cielo y conectar con lo cotidiano. Señala que la sobrecomercialización del fenómeno y la obsesión tecnológica nos alejan de una mirada más profunda y serena. Concluye proponiendo volver a buscar momentos de contemplación bajo la oscuridad estrellada como una forma de higiene mental.",reflexivo,"El texto padece de una estructura poco clara, con saltos temáticos que dificultan seguir la línea argumental. El exceso de metáforas y frases rebuscadas entorpece la comprensión y genera confusión. Además, la tesis central queda implícita y no se formula de forma contundente, lo que debilita el impacto persuasivo.",6.5,7.0,"['Uso evocador de imágenes astronómicas y del paisaje nocturno', 'Crítica incisiva a la cultura de la inmediatez y el consumismo del eclipse', 'Tono personal y cercano que invita a la reflexión', 'Cierre poético que propone una acción concreta para el lector']","['Falta de una estructura clara y transiciones lógicas entre ideas', 'Exceso de metáforas y lenguaje rebuscado que entorpece la lectura', 'Incoherencias gramaticales y puntuación confusa en varios pasajes', 'Tesis implícita y poco explícita, lo que debilita la fuerza argumentativa']",opinion_v5
Lo que de verdad te llevas en la maleta,2026-08-01T05:00:00+02:00,https://cronicavasca.elespanol.com/opinion/20260801/verdad-llevas-maleta/1003742783738_12.html,"Por obligación o devoción, seguimos cargando la maleta de verde esperanza","No pertenecí a ese tiempo, pero lo he visto en blanco y negro. La gente hacía maletas con billete de ida sin fecha de vuelta. De normal, discretas. Había poco que llevar. Un par de bultos, el bocata envuelto en papel de periódico y puerta. Sin embargo, muy en el fondo, a través de la línea invisible que conecta mano con corazón, aquel equipaje debía de pesar horrores: dentro iba la vida entera de un ser humano o, más bien, el sueño de conquistar una. Y tres generaciones después, qué. Pues ahí andamos, sudando la gota gorda a las puertas de las vacaciones para que quepa todo. Cinco bañadores, diez camisetas, tres pares de sandalias, neceser, antihistamínicos, repelente, crema solar y los por si acaso. Ya sabes, ese cajón de sastre emocional que empuja a arrastrar muchísimas más cosas de las necesarias pese a que la experiencia nos grite en la cara que la mitad regresarán intactas. También te digo. Si escarbas, descubrirás que algo no ha cambiado. Por obligación o devoción, seguimos cargando la maleta de verde esperanza. Entonces era la fe en un futuro digno. Ahora, la Samsonite revienta con el anhelo desbordado de desconectar, reconectar y encontrar esa versión nuestra a la que hace tiempo perdimos la pista. Por eso tantas veces llenamos el macuto por encima de nuestras posibilidades. Nos importa un comino la realidad de la criatura estresada y con ojeras hasta el cuello que fuimos hasta el 31 de julio. Solo imaginamos el personaje que nos gustaría ser durante los siguientes quince días: el que lee del tirón bajo la sombrilla, madruga para correr por el paseo marítimo, hace el amor con el ventilador de voyeur, cena marisco cada cuatro noches, visita tres ciudades en un día, sube tropecientas stories a Instagram y vuelve con un puñado de frases lapidarias en un grupo de whatsapp unipersonal llamado “Mis pensamientos”. No lo dudes. . Estuvimos ahorrando desde septiembre y esperando este momento. Ha de ocurrir. Así que metemos y metemos: novelas, tapones, zapatillas deportivas, Reflex, camisón de seda, lubricante sabor lima, vestidazos, bolígrafos de colores, baterías portátiles, nitrato de magnesio... ¿Lo ves? Se supone que llevamos meses deseando mandar a paseo el rol de máquina productiva 24/7. Queríamos salir de la rueda de hámster y agonizar en la toalla. O descubrir mundo a nuestro aire. Ansiábamos recordar cómo se hacía eso de no hacer nada más que disfrutar, sin el estrés devorando oxígeno. Y de pronto, hemos sustituido una competición por otra. No lo dudes. Con tanta tontería, la toxicidad se cuela en la maleta y lo que te acabas llevando a rastras es el kit de ser feliz por narices; o sea, ese mantra neurótico de que debes gozarla a toda costa y para lograrlo hay que esforzarse al máximo. Vacaciones idílicas igual a exprimir el tiempo y, de paso, autoexplotarte. Luego sale la semana entera nublada, los baños del glamping están indecentes, la aerolínea anuncia overbooking, llama a la puerta una gastroenteritis criminal en la segunda de las diez paradas por la Puglia... Y ahí estás tú: sonriendo falsamente para la cámara, aunque ya solo apetezca cortarse las venas con un rastrillo de juguete. Suerte si al menos no perteneces a cierta subcategoría de turista. Me refiero a las señoras para las que las vacaciones significan trasladar su servilismo a otro código postal: comprar, cocinar y fregar como de costumbre, para un desagradecido ejército en demasiadas ocasiones, pero con un calor del demonio y sartenes que se pegan. Este asunto, que no voy a desgranar porque da para columna entera, me hace recordar cierta ingenuidad compartida por personas buenas pero tontas: la idea de que las vacaciones lo curan todo. Hasta las crisis de pareja, piensan, con lo demostradísimo que quedó lo contrario. Medio mes de convivencia forzosa a treinta grados a la sombra, desprovisto del escudo anestésico de la rutina, funciona como detonador de reproches dormidos. Sucede, ¿eh? Hay quien sin haber probado aún la almohada del hotel ha de asumir que el único equipaje que comparte con su viejo amor es el silencio. O esa tensión donde se nota que, por cualquier nimiedad, estallará la guerra: ya sea a cuánto poner el aire acondicionado o dónde tomar el primer vermú. Sueno amargada, ¿verdad? . Ahora bien, vamos a dejar algo claro. En cualquier caso, y por seguir avanzando, antes de lo que creemos estaremos de regreso y podremos hacer la comprobación más importante. Efectivamente: cuánta carga invisible conseguimos dejar en el refugio vacacional y cuánta vuelve agarrada como una larva a las cangrejeras. Sueno amargada, ¿verdad? Será porque hasta la cuarta semana de agosto no dejo atrás esta ciudad que me aprieta. Ahora bien, vamos a dejar algo claro. Igual que lamento la trampa de preparar la maleta, considero un privilegio incontestable el simple hecho de poder hacerla. Ojalá vaciar la mochila de las expectativas, celebrar la oportunidad de unos días de descanso y conseguirlo: parar de verdad, bajarnos de esta inercia enferma que obliga a cronometrar hasta el ocio, dejar de tratar las vacaciones como una yincana de autoayuda… Y regalarnos el derecho al dolce far niente, que no es tumbarse a la bartola. En realidad va de bajar las armas de la propia exigencia. Además, creo que poniendo un poquito de nuestra parte esto se puede conseguir casi en cualquier destino. Desde un lugar súper exótico al que llegarás rodeando un espacio aéreo lleno de misiles Bavar-373 hasta el apartamento de los suegros en quinta línea en Benidorm. Al final, la auténtica victoria es sobrevivir a las fantasías de felicidad que cada cual se impone. Y volver a casa, siempre volver. Con la frente más marchita y ganas de la siguiente maleta.",5692,"El texto reflexiona sobre cómo, en la actualidad, los viajeros sobrecargan su equipaje físico y emocional, convirtiendo las vacaciones en una nueva competencia de consumo y expectativas, en lugar de un descanso auténtico.",satírico,"El artículo padece una estructura desordenada, con saltos temáticos y repeticiones que dificultan seguir la línea argumental; además, abundan clichés y expresiones forzadas que debilitan la fuerza persuasiva.",6.5,7.5,"['Uso eficaz de imágenes visuales al describir el equipaje y la sobrecarga emocional', 'Tono satírico que genera identificación con el lector', 'Capacidad de combinar anécdotas personales con observaciones sociales']","['Organizar mejor los párrafos para que la tesis central sea más evidente', 'Eliminar repeticiones y clichés para reforzar la originalidad', 'Pulir la redacción y corregir errores gramaticales que entorpecen la fluidez']",opinion_v5
"Mierda, la ola de calor es política",2026-07-18T05:00:00+02:00,https://cronicavasca.elespanol.com/opinion/20260718/mierda-ola-calor-politica/1003742780223_12.html,"Antes, no sé poner fecha pero más o menos cuando el mundo aún discurría despacio y las palabras tenían sentido, una ola era lo obvio: algo que venía, te revolcaba y se iba, y tú salías escupiendo agua salada con el bañador por las rodillas. Ahora trae bochorno, del que hace estallar el mercurio, y no permite que te recompongas. Enseguida llega otra y otra más, en fila, bien pegaditas.","Antes, no sé poner fecha pero más o menos cuando el mundo aún discurría despacio y las palabras tenían sentido, una ola era lo obvio: algo que venía, te revolcaba y se iba, y tú salías escupiendo agua salada con el bañador por las rodillas. Ahora trae bochorno, del que hace estallar el mercurio, y no permite que te recompongas. Enseguida llega otra y otra más, en fila, bien pegaditas. Supongo que por eso los meteorólogos, gente seria a la que solo hacemos caso cuando el tema se pone tan feo como para probar los trucos de Youtube para enfriar la casa, han acuñado nuevo término. Trenes de olas de calor. Es lo que dicen que estamos sufriendo. Trenes a la deriva con vagones que son días de 40 grados y noches de mínimo 18, frenos echando humo y el hilo musical lo suficientemente alto como para disimular el ruido del inevitable choque. Pero ahí están las señales. La dorsal africana. Alertas naranjas y rojas. El mapa de España como si le hubieran tirado encima un katxi de tinto. Casi un mes, sin apenas tregua. Y por doquier el discurso oficial recordando que esto es una desgracia colectiva, un bofetón global. Democracia climática que hace sudar al más pintón y exige, por tanto, sacrificios compartidos. Cierto. Cuando el planeta estalle, y siempre que Elon Musk no llegue a tiempo con su cohete, la humanidad entera sin excepciones se irá a la mierda. Pero hasta alcanzar el apocalipsis, qué. Este descarrilamiento por fascículos jamás será para todos igual. Ni siquiera dentro del ridículamente llamado Primer Mundo. Aquí mismo, en este preciso instante, hay una línea que no sale en las cartografías y parte el país en dos. No es la del PNV y Bildu, PSOE y PP, ni la del euskera o castellano en la Selectividad. Me refiero a la que separa a las personas que pueden refugiarse del calor cuando les sale del níspero de quienes lo tienen crudo. Perdóname, Marx, pero pocas cosas más clasistas puede haber. Los muertos. Hablemos de ellos. Análisis rigurosos, esos que dejarán de interesar cuando al fin llegue un frente húmedo por Galicia y el ciclo mediático gire hacia otra tragedia más fotogénica, cuantifican decenas de miles solo en junio en Europa. La mayoría, viejos y solos; o sea, la infraestructura humana que una vez mantuvo el sistema pero ya no rinde ni produce, solo consume oxígeno y una pensión en entredicho. Así que naturalizamos su pérdida, hasta reducirla a un daño colateral inevitable. Menos conmovedora, incluso, que la desaparición del lince ibérico. ¿Te das cuenta del sesgo? Pues ahora piensa en esa gente que no puede bajar persianas aunque quisiera, porque su trabajo discurre bajo un sol sádico o en un espacio cerrado demasiado parecido al infierno. Empiezo yo: el rider que te trae sushi porque vaya pereza hervir macarrones, la jornalera doblando el lomo en Murcia, el peón de carretera, la kelly que hace camas en una pensión, el operario de una nave industrial que es una parrilla millones de veces peor que la del Burger King... De éstos, a patadas. Y aún tienen que aguantar cuestionamientos al desmayarse en la hora del bocadillo. ¿Bebió suficiente agua? ¿Tendría patologías previas? ¿Por qué siguió si se sentía mal? ¿No podría haber estudiado para dedicarse a labores más livianas? Es el truco de siempre, convertir un problema estructural en capricho personal. Como cuando arrecia la sequía y anuncios institucionales preguntan si cerraste el grifo mientras te lavabas los dientes. Qué guion tan manido y cómo es posible que todavía funcione. El caso es que pienso en estos pobres desgraciados y me concluyo privilegiada. Yo solo estoy blindada en mi pequeña cárcel de pladur llamada hogar, rezando a la Virgen de la Cueva para que a las tres de la madrugada caigan tres gotas y poder abrir las ventanas de par en par. A costa, lógico, de compartir intimidad con el patio de manzana. Por desgracia, enseguida vuelve la exasperación. Justo cuando pienso en esta sociedad hiperproductiva que vende hasta el calor como un reto más para ser competitivo. Hidrata cada treinta minutos. Descarga la app para estar al tanto de próximos avisos. Compra el ventilador de torre que no enfría pero salva el planeta. Y sigue al pie del cañón, sin modificar rutinas, del gimnasio al súper y de ahí al kárate del primogénito, poniendo buena cara. Prohibido mostrar que andas irascible, además de con los talones agrietados. Ya ves. La maldita crisis climática, un asunto que debería ser colectivo, de salud pública, organización social y decisiones valientes, queda degradada a carrera de obstáculos en la que cada cual se las apaña como puede y la cuenta corriente permita. Porque esa es otra. Qué pasa cuando sales del búnker doméstico e intentas encontrar un banquito a la fresca. Dificilísimo. Las plazas se han transformado en eriales de hormigón. Y los nuevos barrios, esos ensanches periféricos donde se hacina la clase media aspiracional, continúan lejos de parecer otra cosa que polígonos sin un solo castaño de Indias maduro. . ¿Modas? En absoluto. El diseño urbano también tiene patrón. Se llama Capitalismo, de apellido Salvaje, y ha privatizado el derecho a huir de la canícula. Tus opciones para respirar son un insulto a la Carta Magna, la Agenda 2030 y el sentido común: te aposentas bajo un toldo patrocinado por una marca de cerveza, buscas refugio en el aire acondicionado del centro comercial o renuevas carné para entrar en la piscina. En cualquier caso, el alivio requiere tarjeta de crédito. La sombra dice más de la desigualdad ciudadana y nuestro consumista sistema que los informes de la ONU. Claro que si aceptar esto duele, aquí te dejo un hecho peor: darse cuenta en pleno 2026 de que el asfalto acumula celsius y una calle con plátanos mitiga la tortura. Esa verdad de cajón, manejada con soltura por Eufrasia la del pueblo hace cincuenta años, ahora te la sueltan cuatro iluminados que creen haber descubierto la rueda con la cara de cemento armado de la Plaza del Sol. Debería dejarlo ya porque me hierve la sangre y el abanico se rompió. Pero hay otra cosa que me escuece. Casi tanto como la etiqueta del sujetador a las seis de la tarde, cuando el cuerpo te devuelve los ardores acumulados. Y quiero confesar. Es el vacío psicológico por la pérdida de identidad. El norte era el Reino de Gondor en El Señor de los Anillos, bastión inexpugnable de nubes y xirimiri, rincón del mundo con verano variable donde un lunes parecía Sevilla y el resto de la semana Edimburgo. El lugar en que se acuñó una frase en riesgo de extinción: “Llévate algo por si refresca”. Los telediarios alertando de los casquetes polares, ¿y qué hay del “llévate algo por si refresca”, mantra con el que las madres nos enviaban a las calles protegiéndonos del caos universal y el constipado? Dónde queda la cazadora vaquera, el foulard, la rebeca de punto metida a presión en el bolso. Cómo van a ser sustituidas por la vulgaridad de unos tirantes a media noche. Necesito. Todo. La chaquetica de la tarde. Dormir de una santa vez a pierna suelta. Que el arbolado saque las raíces de las baldosas cual Ents de Tolkien y se cobre su venganza contra los concejales de Urbanismo, hasta el último multimillonario a bordo de un jet privado y cualquier vendehumos dedicado a hacernos sentir terriblemente culpables por la agonía de los acuíferos. Una quincena cantábrica, de las de antes, pido. Y que lleguen ya las vacaciones. Con sus olas, las marinas. Capaces de despojarme del señorío, pero también de este inmisericorde, chabacano y despótico calor. Mesedez.",7496,"El texto denuncia que las olas de calor son una cuestión política, revelando la desigualdad social en el acceso a refugios y recursos frente al cambio climático.",irónico,"El argumento se dispersa en largas divagaciones que entorpecen la línea argumental; la organización de ideas resulta caótica, con saltos temáticos que dificultan seguir la tesis. Se recurre a clichés y a la ironía forzada en ocasiones, y falta de datos concretos o citas que respalden las afirmaciones, lo que debilita la fuerza persuasiva.",6.5,8.0,"['Metáforas potentes que visualizan la crisis climática', 'Análisis agudo de la dimensión clasista del calor', 'Tono irónico que mantiene al lector enganchado']","['Estructura más lineal y coherente para reforzar la tesis', 'Incluir datos o referencias que sustenten las afirmaciones', 'Reducir la longitud de los párrafos y evitar repeticiones']",opinion_v5
"Y hacernos eso, ay, ay, ay",2026-07-04T05:00:00+02:00,https://cronicavasca.elespanol.com/opinion/20260704/hacernos-ay/1003742776508_12.html,"Se murió. De tanto usarla, podrías pensar. Culpa de Pedro Sánchez, apuntará algún neurótico. Pero no. Tiene que ver con el nuevo paradigma de consumo, la dictadura del clic, movidas muy Zeta.","Se murió. De tanto usarla, podrías pensar. Culpa de Pedro Sánchez, apuntará algún neurótico. Pero no. Tiene que ver con el nuevo paradigma de consumo, la dictadura del clic, movidas muy Zeta. Total, que aquí estoy, en duelo por la canción del verano. Ya sabes, aquella sintonía que parecía brotar de la nada y, de pronto, gobernaba el chiringuito, gasolineras, las galas de José Luis Moreno, el hilo musical del súper y Caribe Mix. Tan facilona y pegajosa, omnipresente y marimandona, capaz de ponerte a tararear con la abuela y el jefe en sincronía. Así era ella y hacía contigo lo que quería. Empujarte a buscar el sol en la playa como Eva María, encender una barbacoa, darle a tu cuerpo alegría, Macarena o montar en el velero para haceros eso, ay, ay, ay. Con prudencia, obvio, porque enseguida aprenderías que ahí está el tiburón, se la llevó, se la llevó. Lo de la canción del verano ha sido un no pares, sigue, sigue. Encadenamos éxitos durante cinco décadas, desde los setenta con un rayo de sol, uoh, oh, oh, hasta la pandemia yendo despacito. Ritmos y letras actualizándose según lo pedía el cuerpo y las modas, del pop yeyé al reguetón, del romanticismo al absurdo, travesuras mediante. Un agosto disfrutabas al volante del tractor amarillo. Otro, con mano en la cabeza y movimiento sexy. Al siguiente, invocando al demonio Aserejejadejedejebetudejebereseibiunouva en una coreografía espasmódica. Tú, que siempre llevas la raya del pelo impecable y las cuentas al día. Y así discurría el bucle, sin más pretensión que no tener ninguna. En apariencia, matizo. Pido disculpas por adelantado a los intelectuales con camisa de flores recién planchada que saben muchísimo de música, pero de esta burra no me baja ni Peret: quien reduzca la canción del verano a melodía simplona para pasar el rato y la canícula, inyectada en vena a golpe de martillo pilón, yerra de cabo a rabo. En realidad, cumplió el papel de nuestras vidas. Y se transformó por mérito propio en patrimonio inmaterial. La canción del verano fue salvoconducto, amnistía universal, qué sé yo. Luz verde para poder tomarnos la existencia un poco menos en serio, sacar a la hortera que llevamos dentro y hacer el ridículo en alegre comandita sintiéndonos parte de algo, de la puñetera comunidad en concreto, aunque no fuéramos absolutamente conscientes. El obbrero y empresario arriesgando cadera a la orden de boooomba, en riguroso directo, al unísono Cada nueva temporada, mogollón de personas divididas por renta y el dilema de la cebolla en la tortilla de patata compartían himno. Uno que, sin haber sido sometido a votación, representaba al país entero. Y ocurría: obrero y empresario arriesgando cadera a la orden de boooomba, en riguroso directo, al unísono. Igualador social. Milagro político. Eso fue la canción del verano bajo el reinado de Los Diablos, Georgie Dann, Raffaella Carrà o King África. Hasta que las dinámicas de la industria mutaron y se atomizó la experiencia. La música prácticamente ha desaparecido de la televisión, el medio que era altar común e intergeneracional, que unía clases y familias. Además, ahora pesa el triple la posición en Spotify o la viralidad de TikTok que la radiofórmula. Y esta arquitectura alimenta un consumo solitario y fragmentado. De la liturgia compartida al menú 2x1 a domicilio, cada quien en su burbuja. Ha cambiado todo mucho, sí. Antes el balazo musical te atravesaba el pecho por mayo, cuando aún el cambio climático remoloneaba, y en septiembre seguía divirtiendo aunque te persiguiera hasta el cagadero. Hoy sufrimos de hiperinflación. Cada jueves a medianoche, trescientos nuevos intentos de hit en las plataformas. ¿Resultado? En positivo: más diversidad, mucha gente que se cree artista intentándolo y menos maquinaria discográfica apostando a una sola carta. La cruz: empacho por abundancia y resacón por sobredosis. El mercado no busca permanencia, persigue el impacto instantáneo. Despertamos sepultados bajo un alud de primicias tan ruidoso como efímero. Imposible estar al tanto y suerte si la mitad de los cartuchos siguen sonando en julio. Para qué, entonces, esforzarse por parir el auténtico clásico estival. Bueno, vale. Todavía puede saltar el chispazo y convertirnos en potras salvajes el ratito que dura el bronceado de Oropesa. Pero nada que ver con lo que significa la canción del verano. Luis Fonsi puso la tumba al concepto, porque de eso va mi reflexión, del concepto, allá por 2017. Ahí sitúan la fecha de defunción los expertos, que aguafiestas son un rato. Como yo, con la diferencia de que de tanto en cuando traigo buenas noticias. Y hoy tengo una: hay vida después de la muerte. En serio. Aún queda refugio, un callejón donde el tiempo se detiene y el algoritmo pierde el poder, una especie de reserva de la biosfera para los temazos estivales que te acompañaron mientras sentías tu cuerpo vibrar cerca de ella o él. Lo adivinaste: la verbena. Y un escalón por debajo, la discomóvil de tu pueblo. Tesoros de la memoria colectiva. Muy pronto volverás a saludar a la Orquesta Panorama o DJ Tito y sucederá. Para el segundo kalimotxo te verás gritando el venao, el venao, sentirás que tu corazón latino te invita a vivir un verano sin fin, pedirás que te la batan como haciendo mayonesa y terminarás la madrugada convencido de que para hacer bien el amor hay que venir al sur. Tenlo claro. En lo que te queda de viaje por el planeta Tierra vas a experimentar pocas cosas más profundamente democráticas y sanadoras que tú y otros cien fulanos perdiendo el decoro con el mismo estribillo idiota en la boca y los pies bailongos en la plaza mayor. Living, por un instante, la vida loca.",5640,"El texto reflexiona sobre la desaparición y transformación de la canción del verano, analizando su papel cultural y su declive frente al consumo digital, pero concluye con una visión optimista sobre espacios locales donde aún vive la música estival.",irónico,"El artículo sufre de falta de estructura clara, con ideas que saltan sin transiciones y una tesis poco definida al inicio; el exceso de jerga y frases largas entorpece la lectura, y la repetición de conceptos debilita la fuerza argumental.",6.0,6.5,"['Uso vívido y evocador de referencias culturales y nostálgicas', 'Tono humorístico que genera cercanía con el lector', 'Originalidad al combinar crítica social con recuerdos musicales']","['Necesita una tesis más explícita y un hilo conductor más firme', 'Reducir la proliferación de jerga y frases enrevesadas para mejorar la claridad', 'Organizar mejor los párrafos para evitar repeticiones y saltos temáticos']",opinion_v5
"Al agua, patos",2026-06-20T05:00:00+02:00,https://cronicavasca.elespanol.com/opinion/20260620/agua-patos/1003742772951_12.html,"Pues ya estaría. Todo listo, tú también, para el estreno oficial del verano y las señoras vacaciones. Momento con el que llevabas fantaseando desde Semana Santa. O antes. Tal vez seas ese tipo de gente. Psicópatas de la previsión que empiezan a planificar los campamentos del txiki y la quincena en Conil cuando los polvorones aún siguen en el píloro.","Pues ya estaría. Todo listo, tú también, para el estreno oficial del verano y las señoras vacaciones. Momento con el que llevabas fantaseando desde Semana Santa. O antes. Tal vez seas ese tipo de gente. Psicópatas de la previsión que empiezan a planificar los campamentos del txiki y la quincena en Conil cuando los polvorones aún siguen en el píloro. No te dé vergüenza confesar. A muchos humanos del siglo XXI les ocurre. Han perfeccionado un mecanismo de supervivencia que hipoteca el hoy a cambio de una promesa de felicidad futura porque la rutina se volvió asfixiante. . Pero aquí viene el chiste. Para cuando quieras darte cuenta se te peló media espalda, los anuncios de vuelta al cole colonizan cada rincón del súper y sientes el resplandor de las luces navideñas. Nadie puede escapar a la gran verdad del verano. Un hecho empírico para el que no prepara la Universidad, una ley física que jamás contarán las agencias de viajes: cuanto más lo esperes, más rápido se escurrirá entre los dedos, como la arena de una playa que pisaste menos de lo que te gustaría porque cocinabas para cinco. Y así andan, restando días a la existencia como si el calendario fuera un mapa del tesoro donde la única equis que cuenta es agosto Antes de evolucionar en adulto más o menos funcional no era así. Terminaban las clases y allá quedaba septiembre, lejísimos, al otro lado de un océano lleno de jornadas pegajosas. El periodo estival carecía de dueño y se estiraba más que el chicle Boomer de la paga del domingo. ¿Por qué? La ciencia tiene las respuestas. La vida, el cepo. Eran tres meses completos de asueto. Y tú apenas habías empezado a respirar. . . Además, en la infancia te dedicabas a estrenar. Todo, en algún momento, era nuevo: la colchoneta con forma de cocodrilo, el sabor del Frigo Pie, Paquito el chocolatero. El cerebro lo grababa en cámara lenta y alta definición. Ahora las vacaciones son migajas, sobra cansancio y te falta asombro. Cuesta horrores desactivar el piloto automático con el que soportas los madrugones, el Excel, las facturas de las ortodoncias y las carreras al entrenamiento de fútbol. Por eso cunden regular. Y cuando empiezas a disfrutarlas, c’est fini. Con ocho años las vacaciones representaban un trozo gigantesco de tu corta trayectoria. A los cuarenta y tantos, apenas son un parpadeo en un currículum que empieza a pesar Triste, ¿eh? . Y luego qué. No quiero aguar la fiesta, pero alguien debía decirlo. Este radiante paréntesis se parece poquísimo al paraíso que venden los anuncios de cerveza. El verano real es la maleta que no cierra y la bronca a las seis de la mañana en el aeropuerto. El atasco de la Operación Salida y la cola para hacer pis en el camping. La cuarta línea de playa masificada y tres ojos abiertos si tienes hijos pero no pueblo donde soltarlos. El regreso a la oficina en menos de lo que canta un gallo con el aire acondicionado roto, pilas de ropa sucia y el estrés de no saber dónde volver a colocar a tus pequeños tiranos. Pero disimula. Las vacaciones, en esta era de comedia digital, también son un examen. Obvia la cuenta bancaria que flaquea aunque el sentido común optara por el apartamento noventero de la suegra en Benidorm. Sube muchas stories envidiables a Instagram y hazte el disfrutón con los compañeros. Sé el más chulo del rebaño. Sueno amargada, pero no te equivoques. A pesar de los pesares, desnudada de mitos románticos y crueles verdades, la estación de las lagartijas y terrazas me encanta. Siempre será un regalo lleno de recompensas en apariencia insignificantes y, sin embargo, imprescindibles para mantener a flote la salud mental. Toda una civilización ordeñada como vacas en una línea de producción que no puede parar a cambio de una promesa trampa: ya llegará el estío Luz hasta las nueve. Cañas que se alargan. Silencio en el grupo de Whatsapp del cole. Marca de los tirantes. Melón. Siestas con el Tour de Francia de fondo. Canícula, porque es la excusa perfecta para bajar revoluciones y pasar de los mails a partir del mediodía. Y, por supuesto, tiempo. El tiempo de verdad con la gente. No ese rato robado al salir de la academia de inglés o durante las sobras recalentadas en el microondas. Enseñar a la niña a tirarse en bomba, capturar cangrejos y liberarlos. El abuelo recordando por enésima vez la misma batallita y tú, por fin, sin prisa para escucharla. Conversaciones con la pareja sobre cosas importantes: el miedo a envejecer, por qué Júpiter brilla o si ya es tarde para mandarlo todo a la mierda y abrir una pollería a l’ast en Cambrils. Y achuchar. Mucho. Aunque se pegue la piel. O, precisamente, por eso. No sé si la vida entera es política. Pero el tiempo compartido sin reloj, seguro. El mayor acto de resistencia contra un sistema que privatiza hasta el último suspiro. Supongo, por tanto, que la pelea debería empezar por ahí: intentar arrancar al resto del año una pizca de soberanía en chanclas. Más verano, ya me entiendes, para el invierno. Y al agua, patos.",4979,"El autor reflexiona sobre la brecha entre la expectativa idealizada del verano y su vivencia real, señalando cómo la adultez transforma esas vacaciones en breves respiros. Usa la nostalgia infantil para contrastar con la presión cotidiana y concluye que recuperar momentos simples es un acto de resistencia.",irónico,"El texto presenta una organización difusa, con párrafos extensos y saltos temáticos que dificultan seguir la línea argumental; recurre a varios tópicos y frases hechas que restan originalidad; además contiene incorrecciones gramaticales y un uso excesivo de puntos suspensivos que entorpece la fluidez.",6.5,7.5,"['Uso vívido de imágenes sensoriales que evoca el verano', 'Contraste eficaz entre infancia y adultez que genera nostalgia', 'Cierre con llamado a la resistencia cotidiana que deja una impresión duradera', 'Tono humorístico y sarcástico que mantiene el interés']","['Estructura fragmentada que necesita una secuencia más lógica', 'Exceso de digresiones que diluyen la tesis central', 'Presencia de clichés y frases hechas que debilitan la originalidad', 'Algunas incorrecciones ortográficas y de puntuación que afectan la lectura']",opinion_v5
¡Cuerpo!,2026-06-13T05:00:00+02:00,https://cronicavasca.elespanol.com/opinion/20260613/cuerpo/1003742770300_12.html,"Qué de cosas han vuelto a suceder desde el lunes. El Papa triunfando como la crema catalana, incendio forestal en Huelva, las fotopollas de JotDown, Irán bombardeado, el Mundial de Fútbol en marcha con Shakira y su cliché de negritos descalzos. ¿Te aburres? Porque quieres.","Qué de cosas han vuelto a suceder desde el lunes. El Papa triunfando como la crema catalana, incendio forestal en Huelva, las fotopollas de JotDown, Irán bombardeado, el Mundial de Fútbol en marcha con Shakira y su cliché de negritos descalzos. ¿Te aburres? Porque quieres. A mí la frenética actualidad, a veces trágica, en ocasiones desopilante, me ha ayudado estos días a distraer el foco de una seria amenaza. Quizá tú también la compartas. Es el trozo de licra que, temporada tras temporada, reaparece con intención de dejarnos literalmente en bragas y chulear la autoestima. Confieso. Llegué pelín tensa a este verano precoz. La Operación Buenorra me ha pillado perfeccionando recetas de bizcocho, con la endometriosis a gritos, rosácea, superávit de estrés y déficit de sentadillas. Pero ayer la calorina me empujó a ese zoológico acuático llamado piscina municipal. Y, fíjate por dónde, entre las distracciones mediáticas y lo que vi al momento, relativicé mi vergüenza en bañador. No te lo vas a creer. Aún autorizan la entrada a todos los cuerpos. Y además funcionan: flotan, se tiran por el tobogán y hacen la albóndiga en la toalla. De normal, sin cagarse encima. Mirase con disimulo donde fuera, ahí estaban. Gordos, enjutos, velludos y calvos, varices más transitadas que la AP-1, cicatrices de cesárea, chepas y culos caídos. Un catálogo infinito de carne real respirando el mismo aire sin pedirnos permiso, ni perdón. Veneración a la belleza ha habido siempre, cada época con sus cánones. Sin embargo, lo de ahora es un asedio inédito. . . Entonces volví a caer en la cuenta de algo que cada poco dejo pasar: ese esplendor anatómico destinado a fagocitar reels y anuncios de perfumes donde la gente susurra por bajada de glucosa no existe. O son cuatro excepciones contadas alimentándose de aire, filtros, bótox, juventud con fecha de caducidad y muchísima desdicha. Sonará políticamente incorrecto, como casi todo a estas alturas, pero quiero darte la enhorabuena si un año más lograste resistir al bombardeo de eso que llamo industria del remordimiento. Una combinación de intereses mercantiles y narcisismo de parvulitos que recurre a la excusa de “ponte en forma” o “conecta con tu salud” para hacerte sentir un cachivache defectuoso. Cuando, en realidad, solo está vendiendo tiranía estética. Y qué quieres que te diga. Para engañar con eslóganes tramposos, más packaging epatante, ya está la mejor palmera de chocolate del mundo. La mejor en detectar imbéciles. Vale, sé que estás pensando y coincido. Veneración a la belleza ha habido siempre, cada época con sus cánones. Sin embargo, lo de ahora es un asedio inédito. Nunca hubo tanta sobreexposición, ni exigencias llamando a la puerta 24 horas al día. Jamás esta artificialidad, ni el empeño en hacer de la biología una auditoría permanente. El algoritmo de mi móvil llevaba meses dando la tabarra para empezar junio divina de la muerte. Además, espía con bastante menos tacto que Mata Hari y me tiene calada. Sabe cuántas primaveras gasto, que olvido dos de tres días la pastilla de magnesio y me desmaquillo fatal. Así que, nada más entrar en Google o Instagram, tachán: pilates coreano de pared, dietas altas en proteínas, suplementos de berberina, anda y no corras, corre y no andes, pesas sí, cardio depende, hilos tensores, rutinas de skincare… Un bucle infinito de publicaciones patrocinadas por mala gente, o pobre gente, que incita a borrar patas de gallina, moldear brazos colganderos y extirpar esa grasa abdominal que yo atribuía al vermú con rabas del domingo pero no, al parecer es fascia. . Eso jamás lo discutiré. Pero yo propongo otro ejercicio sanísimo para disfrutar de tu reflejo. Te vas a reír: aceptación. El ojo se está desacostumbrando a la verdad de la existencia humana: el poro, la estría, el rollito de la espalda. Y eso conduce a una dismorfia colectiva muy loca. Si tu cuerpo no fue cincelado por los mismos ángeles en un arrebato de orfebrería fina, ponte manos a la obra porque tienes un problema y Houston está a sus cosas. Ya ves, tú que hasta entonces pensabas en él como guarida de placeres y pecados. Tú que una vez lo consideraste un lugar tan bueno como cualquier otro en el que habitar. De pronto, te entran ganas de encargar Ozempic y tres kilos de colágeno en el mercado negro para acabar con tanta angustia. Solo que entonces ves a todas esas famosas consumidas por la infelicidad de no poder rebañar una buena salsa verde ni levantar la ceja para mostrar estupefacción por los mensajes de Ábalos con Miss Asturias, y desaparecen. Probablemente siente fenomenal seguir con pilates, abandonar el azúcar, ir con más frecuencia a la peluquería y renovar el armario. Eso jamás lo discutiré. Pero yo propongo otro ejercicio sanísimo para disfrutar de tu reflejo. Te vas a reír: aceptación. ¿Difícil? Por supuesto. Ahora bien, piénsalo. Cada quien carga con sus particularidades, vengan de nacimiento o por evolución vital. No vas a estar resolviéndolo todo: las orejas de soplillo, el michelín de los cincuenta, la teta desinflada por el parásito de tu hijo. En algún momento habrás de parar. Mejor, antes de que te detenga tu propia senectud o una sepsis en la clínica estética que regalaba aumento de pómulos con la liposucción. Además voy a contarte un secreto, por si sirve de consuelo. A la mayoría de mortales que te cruzas saliendo del agua les importa tres pimientos tu pinta. Están demasiado ocupados metiendo tripa o son seres avanzados que pasan de tonterías. Y por eso suele ocurrir, cierto pacto silencioso de no agresión. Yo no juzgo tu retención de líquidos, tú ignoras mi melasma. Por terminar, matiz para ofendidos. Eres libre de aspirar a una silueta Danone. Tienes todo el derecho del mundo a sacrificar tu paz mental en el altar del gimnasio, la báscula o el quirófano. Pero el dato supremo, el único axioma incontestable, es lo que te decía al principio: salvo causa de fuerza mayor, tu cuerpo sirve. Para jugar a las palas y arrastrarte al chiringuito a por una Estrella Galicia bien fresquita con su correspondiente ración de bravas sin inspeccionar la etiqueta de la culpa. Sobra y basta para echar unos largos y broncearte, que el moreno sube el guapo. Esto es lo que yo me repito al empezar las vacaciones. Y esto lo que aconsejo hacer si asoman complejillos y, único requisito, eres un bípedo funcional. Suena a Mister Wonderful, aviso. Cuando vayas a la playa, observa tus huellas al caminar sobre la arena húmeda. Son la señal inequívoca de que milagrosamente existes, ocupas un espacio legítimo en la tierra y estás aquí para gozarla otro verano. Así que, si nadie más te piropea, lo haré yo con tu consentimiento: ¡cuerpo! Eres una máquina maravillosa que come, sueña, abraza, se ríe de chistes malos y continúa levantando de la cama mientras el mundo estalla. No encuentro mejores razones para pedir otra ronda y brindar por nuestra perfecta imperfección.",6900,"El texto reflexiona sobre la presión estética y la obsesión mediática con el cuerpo, abogando por la aceptación de la propia imperfección frente a estándares de belleza imposibles.",satírico,"El artículo carece de una tesis clara y se pierde en digresiones caóticas que dificultan seguir el hilo argumental; la estructura es desordenada, con repeticiones y párrafos excesivamente extensos que entorpecen la lectura.",5.5,6.5,"['Voz original y desenfadada', 'Uso eficaz de ironía y referencias culturales', 'Capacidad de conectar emociones personales con críticas sociales']","['Falta de una tesis concreta y bien delimitada', 'Organización fragmentada y repeticiones que rompen el ritmo', 'Exceso de coloquialismo que empaña la fuerza argumentativa']",opinion_v5
Morir de amor,2026-06-06T05:00:00+02:00,https://cronicavasca.elespanol.com/opinion/20260606/morir-amor/1003742768048_12.html,"Vas a morir. Con suerte, a los ochenta y tantos por pura obsolescencia. Antes, si se da la fatalidad de pasar bajo una maceta de geranios una tarde de viento o tocar donde previamente tosió el paciente cero del virus no sé qué. En todo caso: edad, accidente, enfermedad. Una, o dos, de tres. Eso dicta la lógica. Y tú lo eres, una persona normal y corriente a la que le suceden cosas comunes.","Vas a morir. Con suerte, a los ochenta y tantos por pura obsolescencia. Antes, si se da la fatalidad de pasar bajo una maceta de geranios una tarde de viento o tocar donde previamente tosió el paciente cero del virus no sé qué. En todo caso: edad, accidente, enfermedad. Una, o dos, de tres. Eso dicta la lógica. Y tú lo eres, una persona normal y corriente a la que le suceden cosas comunes. No como ella. Marjane Satrapi. La artista francoiraní, internacionalmente conocida por “Persépolis”, ha fallecido de tristeza apenas un año después de perder a su compañero de vida. Cuando leí el titular, me revolví. Es un desenlace bastante marciano. Casi, casi, sacrilegio: acabar como Isolda en la era de las pantallas frías y la memoria corta. Hoy todo lo que rechina a novelero e incondicional, a vínculo sellado con Loctite, se observa con recelo. Qué es eso de hacer puenting de la mano solo porque es el sueño de tu pareja, si te da vértigo una entreplanta. A qué viene mudarse a una ciudad feísima, Charleroi mismamente, para seguirle en sus aspiraciones laborales. Cómo vas a poner “Sin ti no soy nada”, de Amaral, en la entrada nupcial. O llorar 19 días y 500 noches cuando te deja por whatsapp. Si quieres o sufres más de lo que estipula el actual convenio del amor propio, ese tratado inventado un domingo de resaca por los mismos autores que Tinder, ya sabes el diagnóstico. Eres dependiente, cicuta concentrada, una persona endeble incapaz de gestionar su individualidad. ¿A qué esperas para pedir cita con psicología y trabajar el desapego? Yo siempre me he sentido algo fuera de cronología por esconder notitas cariñosas en los cajones y llorar hasta en las bodas de gente que veo de Pascuas a Ramos. O quizá es que me falta una caja entera de tornillos. A fin de cuentas, haber encanecido de la noche a la mañana junto a un narcisista y, aun así, volver a sentir ganas de compartir sofá, proyectos y pedos con un señor, no se explica. Lo mío carece aparentemente de sentido. Per se y porque vivimos en tiempos de dejar fluir, desechar en cuanto caduca la adrenalina y poner por delante de una relación hasta el skincare de antes de dormir. Así que, por mismo motivo, el final de Satrapi ha provocado en el personal una confusión incómoda. Marjane ha abandonado el mundo a los 56 porque ningún motor funciona sin bujía y la suya se la había llevado Mattias. Demasiado para el siglo de los amores líquidos. Pero es que además no le pega. Ella era diametralmente opuesta a la dama de las camelias. Una tía dura con el cigarro en la boca y los pies en la tierra, icono femenino de resistencia, capaz de plantar cara a las amenazas de muerte de Irán y mandar a hacer gárgaras a Emmanuel Macrón con su medallita. . Y aquí estoy, intentando encontrar respuestas sin caer en una oda al XIX Supongo que se necesita un corazón de acero para sostener la mirada a la hipocresía de Occidente y al fanatismo que intenta aterrorizarte mientras calcina el progreso. Y, a la vez, un afecto terriblemente puro, enraizado a las entrañas del otro, para apagar el latido cuando el lado opuesto de la cama amanece frío uno y otro y otro día más durante 14 meses. Cierto. Esta semana debería de haberme sumado al columnismo patrio para incendiar La Casita de Bad Bunny, llamarada no faltaba, pero el drama gana. Y aquí estoy, intentando encontrar respuestas sin caer en una oda al XIX. Me encantaría volver a ser la adolescente que devoraba las novelas de las hermanas Brontë para concluir que Satrapi no murió de debilidad ni de dependencia, sino de incondicionalidad. Y así, considerar el hecho la mayor revolución imaginable en este mundo adicto al consumo rápido de proteínas, reels y ligues. Solo que no he conocido hombre en el planeta Tierra merecedor de tamaño sacrificio y tampoco se me ocurriría romantizar una pena letal. En cambio, me atrevo a pensar que la última línea en la historia de Satrapi abre una grieta de esas por las que pasa la luz, deslumbra los miedos y revela la verdad. A fuerza de protegernos del dolor, vamos camino de rebajar la relación de pareja a una transacción segura: un hasta que el aburrimiento nos separe o interfiera con la rutina del gym, blindando el ego a costa de vaciar el pecho donde Cupido clavaba sus flechas. Y eso sí que es trágico. No sé, seguramente quiero decir que la vida se hace eterna de lunes a viernes, pero en realidad dura un parpadeo. Para qué la vas a pasar escatimando las dosis de entrega, como si a cambio te exigieran un riñón o la contraseña de Netflix. Ya que te quedan tres telediarios, mejor morir de amor (y con Camilo Sesto sonando en el funeral) que atropellado por un patinete sin carnet a la salida del geriátrico. Creo.",4686,"El texto reflexiona sobre la muerte de la artista Marjane Satrapi y la manera en que el amor contemporáneo puede convertirse en una dependencia fatal, mezclando anécdotas personales y referencias culturales. A través de un estilo caótico y sarcástico, el autor explora la tensión entre la incondicionalidad amorosa y la autodefensa emocional.",irónico,"El artículo carece de una tesis clara y se pierde en digresiones que entorpecen la argumentación; la estructura es desordenada, con saltos temáticos abruptos que dificultan seguir el hilo conductor; además, recurre a clichés y a un tono irónico forzado que debilita el impacto de sus ideas.",5.5,6.0,"['Uso evocador de referencias culturales (Satrapi, Brontë, Camilo Sesto)', 'Tono provocador que busca sacudir al lector', 'Capacidad de mezclar lo personal con lo social']","['Clarificar la tesis central', 'Organizar las ideas con una estructura lógica', 'Eliminar repeticiones y clichés', 'Refinar la gramática y la coherencia del estilo']",opinion_v5
Hasta la chirigota,2026-05-30T05:00:00+02:00,https://cronicavasca.elespanol.com/opinion/20260530/chirigota/1003742765876_12.html,,"No, todo el mundo no lo sabe. Pero su mundo, el que va del trabajo a la carnicería y acaba en el descansillo, oye cosas, ve otras y algo huele. Las señales están ahí: la mirada de cervatillo herido, los gritos de la pasada noche cuando el partido de fútbol terminó en empate, que cada dos por tres encuentre motivos para cancelar el café, la bolsa de la compra llena de vino. Y aun así nadie o, siendo benévola, casi nadie se mojará. Bastante tiene la gente con llegar a fin de mes, adelgazar cuatro kilos antes de agosto y que el perro deje de morder el sofá. Además, meter el morro en jardines ajenos es incomodísimo. Mejor actuar con indiferencia, o incredulidad, que no rima con hipocresía pero debería. Al fin y al cabo, hacerse el sueco nunca ha estado reñido con el palique. La sospecha que nadie desea confirmar se acaba convirtiendo en chisme recurrente, aunque la gravedad, y el poco pundonor que todavía queda, obligue a compartirlo en petit comité. Ya sabes, la voz una octava más baja para que no se entere el de la otra mesa, simulando casi tanta sorpresa como cuando el chiquillo suspendió cinco. La víctima junta los trozos que le quedan y denuncia Y así transcurre el tiempo, hasta que un día la burbuja estalla porque la víctima junta los trozos que le quedan y denuncia (y le creen, que esa es otra) o, directamente, amanece muerta. En ese instante termina el simulacro y empieza el festival de la disculpa. Su mundo, el que iba del trabajo a la carnicería y acababa al cruzar el portal, solo puede sacudirse las pulgas con las excusas habituales. Que si algo me llegó pero qué iba a hacer, que si la gente es mala y se inventa historias, cómo imaginar…. Cualquier pretexto, menos admitir la mayor. Siempre lo he pensado: el rumor es la distancia de seguridad que aprovecha el tibio para ver el incendio con un palillo en la boca. Puede ser el vecino del quinto, tu jefe, esa que dice ser amiga pero solo para salir de fiesta o, por qué no, el mismísimo alcalde. Por eso lo de Cádiz me tiene fascinada. Allí todo el mundo, el mundo de Juan Carlos Aragón, que fue muchísimo más grande que el tuyo y el mío juntos, había oído cosas, visto otras y algo se olía. Básicamente, porque las denuncias venían de atrás. Existían las condenas por malos tratos. Y sin embargo, continuaron los honores públicos a este señor, el poeta que inventaba las mejores coplas contra las injusticias sociales y las peores humillaciones contra su pareja. Los políticos que se ponen el lazo morado en la solapa llevaban al monstruo en el corazón. Era el profeta de las clases populares, entiéndelo. Así que optaron por un perfectísimo ejercicio de amnesia. Obviar las sentencias y seguir creyendo. Poner al genio por encima de la víctima. Hasta que les reventó el fariseísmo en la cara. “Paqui tiene razón”, Kichi dixit. Ojo, en la otra orilla el río también suena y agua lleva. Mucha. Pero ahí no esperes nada, salvo que te exijan un poquito de respeto por los pobres mártires. Lo suyo son asuntillos privados o denuncias falsas de hembras crueles que quieren quedarse hasta con el PIN del móvil. Y se corre el telón. A mí me duele siempre. Más en el costado izquierdo, pero siempre. Si lo piensas, la cobardía, la ignorancia selectiva y el machismo del personal desembocan en la consecuencia más cruel: revictimizar a la víctima. Con mitomanía mediante, ya ni te cuento. Eue al menos una parte de su mundo cambie el aplauso al maestro por el reconocimiento del daño causado Hay que tener cuajo para empujar a una mujer maltratada a actuar de interruptor moral. A enseñar las costuras, inmolarse en la plaza pública y aguantar el escrutinio de los devotos del genio para que al menos una parte de su mundo, y del que construyó el victimario, cambie el aplauso al maestro por el reconocimiento del daño causado. Si así se le puede llamar a una bajada de pantalones de 20 caracteres tras 24 horas con Twitter aullando. También te digo. Me da mucho asco, más que encontrar uñas de los dedos de los pies en el vestuario de las piscinas, el oportunismo de quienes salen en manada con el dedito acusatorio a gritar que todo el mundo lo sabía. Almas de cántaro, ahora me dirijo a vosotros: no es la jugada maestra que creéis. La afirmación os autoinculpa. Eso, lo primero. Y para seguir, sonáis a chiste de cuñados. ¿Cuál es el colmo del cinismo? Jugar a los soldaditos de la integridad mientras os pisáis la manguera unos a otros. ¿Te has reído? Yo tampoco. No sé, seguramente estoy hasta la chirigota de que el guion se repita. Lo viví en Podemos. Tres años cuando abrí las puertas de mi hogar a un mamarracho. Y como yo, cuántas. La prioridad número uno del individuo en este sistema feroz es resguardarse del dolor ajeno. A continuación, salvar a quienes reconoce como propios dentro de su universo. Proteges al hijo porque lo pariste, al amigo porque unen demasiadas noches de juerga, al político o al artista mientras sean de la cuerda. Aunque solo merezcan el destierro a un planeta en continua crisis climática. Tampoco me sorprende. Así discurre la farsa: cerrar filas, bajar la persiana y, por favor, que cada una se apañe con sus pedazos. A fin de cuentas, de toda la vida, los trapos sucios se lavan en la trastienda. Y a nadie le valen los rotos.",5247,"El texto denuncia la revictimización y la complicidad social frente a casos de abuso, usando una serie de imágenes cotidianas y referencias a figuras públicas. Se lamenta la indiferencia y el oportunismo que convierten el rumor en distancia segura. Con un tono crítico, se invita a reconocer el daño y a romper la cultura del silencio.",satírico,"La pieza padece de falta de tesis clara y de una estructura desordenada que dificulta seguir el hilo argumental. Los recursos metafóricos abundan pero a veces entorpecen la exposición, generando repeticiones y saltos lógicos.",5.5,6.0,"['Voz provocadora y comprometida con la denuncia de la revictimización', 'Uso de imágenes cotidianas que generan impacto emocional', 'Capacidad para mezclar humor negro con crítica social']","['Definir una tesis central más concreta y mantenerla a lo largo del texto', 'Organizar las ideas en párrafos con transiciones claras', 'Reducir la redundancia y las metáforas excesivas para mejorar la legibilidad']",opinion_v5
"Zeta pe, irabazi arte",2026-05-23T05:00:00+02:00,https://cronicavasca.elespanol.com/opinion/20260523/zeta-pe-irabazi-arte/1003742764018_12.html,"A veces me da por pensar cosas raritas. Y se acaba enfriando el café. Ayer por la mañana ocurrió a propósito de una partícula monosilábica, apenas una hebra en nuestro océano lingüístico: “de”. Qué inofensiva suena, pero incorpora “gente” por delante y “bien” por detrás. Y prepárate. Tanto su sola presencia como su vergonzosa ausencia le cambiarán el rostro a tu clase social. Incluso a la condición moral que la acompaña. La Mister Potato de la sintaxis.","A veces me da por pensar cosas raritas. Y se acaba enfriando el café. Ayer por la mañana ocurrió a propósito de una partícula monosilábica, apenas una hebra en nuestro océano lingüístico: “de”. Qué inofensiva suena, pero incorpora “gente” por delante y “bien” por detrás. Y prepárate. Tanto su sola presencia como su vergonzosa ausencia le cambiarán el rostro a tu clase social. Incluso a la condición moral que la acompaña. La Mister Potato de la sintaxis. Fíjate. La preposición “de” suele indicar pertenencia, origen, materia prima. La mesa de madera, el primo de Cuenca. Así que, aplicada a gente de bien, viene a decir que la decencia es la sustancia misma de la que están hechos ciertos seres humanos. Aun sin soplar el viento del oeste, huele a distancia. Seguro que te has topado con alguna. Ya sabes, esa persona que vive honradamente por elección propia y pasa de las etiquetas de tu ropa o la marca del coche. La que sonríe al camarero, saluda en el campo, trae sopa en cuanto se entera de que la gripe te secuestró, evita el ghosting y no necesita preguntarse si salvaría antes al niño o al perro porque en su corazón cabe hasta el imbécil que plantea el dilema. Y además sabe pedir perdón, a pecho descubierto, sin ese condicional cutre de “si hice daño” con el que los cínicos escurren el bulto. Son virtudes de baja intensidad, pero alta necesidad: la palabra dada, el respeto al común, la piedad. Un patrimonio ético que, vaya por Dios, la derecha patria ansía secuestrar para satisfacer sus retorcidos deseos: hacernos creer que ser gente de bien es ser gente de orden. O sea, la que acepta que el jefe manda, el mercado regula, la libertad viene en vaso de caña y el Estado ampara al que ya tiene. Tan predecible y egoísta como tu cuñado jugando al Monopoly. ""Vaya por delante que no tengo vocación de jueza. Tampoco ganas de ensañamiento, que hace demasiado calor"" Y ahora, atención a este otro truco de magia, lo que pasa al borrar “de”. Extirpas la preposición y voilà: surge la gente bien, una categoría en la que la moral es optativa pero en ningún caso el requisito que otorga el carné del club. Eso lo da el chalé con piscina, la caridad de rastrillo benéfico y el tono modulado que, pobre iluso, te hace ver educación donde quizá solo hay interés de clase. Desgraciadamente, desde que mutamos en homo sapiens, la fachada manda. Y cómo me repatea: atribuir bondades inexistentes o, peor, exculpar de cualquier barrabasada a la gente bien porque, date cuenta, nació en un nido de 600 hilos, se graduó gracias a popó y momó, trabaja 24/7 en una MBB y le sienta fenomenal el traje de tres piezas. Pasa cada día. Los mismos que sufrirían un colapso de saber que su hija se ha ennoviado con el carterista del barrio o está embarazada de un divorciado que mintió para evitar el servicio militar obligatorio son capaces de aplaudir al rey emérito y votar a Abascal. Pues eso. Que ayer se me enfrió el café con esta reflexión. Claro que, bien pensado, detonante hubo más allá de mi inclinación a divagar: José Luis Rodríguez Zapatero. Vaya por delante que no tengo vocación de jueza. Tampoco ganas de ensañamiento, que hace demasiado calor. Y lo poco que he leído sugiere imputación cogida con pinzas del chino. Pero seamos honestos. Mas allá del Código Penal, cuesta creer que supere la ITV de la ética. Al menos, la que exige su ideario. """" A Zapatero lo votó una base ciudadana que creía en el progreso cívico y la honestidad. Pero si él fue tiempo ha gente de bien, tras años de perreo con las élites la preposición parece bailar un poco. Me dirás: reuniones en hoteles de lujo y embajadas paralelas, asesores de la oficina pública usando correos de consultoras privadas, hijas que de la noche a la mañana ya no lloran y sí facturan cual genias del marketing... A la izquierda nunca le pediré vivir en una corrala ni vestir de Alcampo, como Pablo Iglesias antes de mudarse a Galapagar, pero estas cosas son raras. Suenan a gente bien más que a gente de bien. También te cuento. Me sorprende, entre comillas, que otros expresidentes no hayan caído mucho antes en la telaraña de los tribunales. Méritos acumularon a manos llenas: Rajoy, Aznar y, cómo no, Felipe González, pionero de las puertas giratorias, billonario del capital riesgo, terrateniente y colombiano de adopción porque, al parecer, le gusta mucho el vallenato. A saber en qué acabará el bombazo de la semana. Ahora bien, al margen de lo punible, el mínimo exigible desde ya debería de ser la transparencia. Auditorías, alfombras levantadas, americanas arremangadas. Para todos, sin sesgos ni trincheras, que nos conocemos. Yo, que soy más de pro bono que de Bono, y tengo una hipoteca en vez de un imperio inmobiliario, me enciendo ante la doble vara de medir que manipula el debate. Y también me molesta, muchísimo, la pasividad que sigue al cabreo. Es como si hubiéramos aceptado el uso de la política como trampolín al club de los elegidos y no hubiera remedio. Salvo escribir un tuit indignado, o este artículo, para cubrir la cuota de decepción. No sé, seguramente lo mejor que puedo hacer es dejar aquí el tema, poner otra cafetera y, mientras sube el agua, patentar el lema “Zeta Pe, irabazi arte”. Por lo que se venga.",5210,"El autor reflexiona sobre el papel de la preposición “de” en la construcción de la identidad social y moral, vinculándolo con la hipocresía política y la desigualdad de clases.",irónico,"El texto carece de una tesis claramente articulada y se pierde en divagaciones que debilitan la argumentación; la estructura es caótica, con saltos temáticos que dificultan seguir el hilo conductor; además, recurre a clichés y referencias vagas sin sustento, lo que merma su rigor persuasivo.",5.5,5.0,"['Uso creativo y lúdico del lenguaje para ilustrar su argumento', 'Tono provocador que busca despertar la reflexión del lector']","['Necesita una tesis más explícita y un esquema organizativo más sólido', 'Evitar excesivos digresiones y clichés que entorpecen la coherencia', 'Fundamentar las críticas con ejemplos concretos y datos verificables']",opinion_v5
'Rebeldes' sin causa,2026-05-09T05:00:00+02:00,https://cronicavasca.elespanol.com/opinion/20260509/rebeldes-sin-causa/1003742759306_12.html,"Sigue ruidosa. La salida del instituto, digo. Ayer coincidí con una y sucedió. Me quedé clavada. Como gárgola sin catedral, pero alerta. Atrapada por esa mezcla de nostalgia y curiosidad que acecha a quienes empezamos a sumar más canas que noches de fiesta.","Sigue ruidosa. La salida del instituto, digo. Ayer coincidí con una y sucedió. Me quedé clavada. Como gárgola sin catedral, pero alerta. Atrapada por esa mezcla de nostalgia y curiosidad que acecha a quienes empezamos a sumar más canas que noches de fiesta. En realidad, no era la primera vez que lo pensaba. Solo que fue mucho de golpe: un enorme rebaño de testosterona fresca y risas agudas, una energía descontrolada por exceso de futuro. Y el impacto sensorial avivó la pregunta. Retórica, evidentemente: por qué se parecen todos tanto. Creo que esto no era así en mis tiempos. Mejor dicho, en mi adolescencia, porque estos tiempos me pertenecen todavía más: por el poso, por la herencia, porque por fin el guion lo escribo yo. A lo que iba. Si no recuerdo mal, entonces éramos una ensalada completa. Había rappers, heavys, pijos, borrokas. En las grandes ciudades, incluso rockers y algún que otro mod. Era vestimenta y pelos, claro, pero también declaración de principios. Si veías a alguien con tus pintas, lo sabías. Compartíais música, revistas, sueños y la forma de mirar el mundo. O, al menos, queríais intentarlo: sentiros parte de una tribu, tan iguales entre sí y tan diferentes al resto, cachorros de una militancia 24/7. Si veías a alguien con tus pintas, lo sabías. Compartíais música, revistas, sueños y la forma de mirar el mundo Si eras heavy, llevabas el jersey de Iron Maiden todo el rato y en todas partes. A la clase de gimnasia, el entierro de tu abuela, la cena de Navidad. Y la sensación que latía bajo esa armadura visual sonaba auténtica. Todo lo real que puede considerarse cuando aún no sabes quién eres pero escuchas tu instinto en plena persecución. Y luego estaba yo, muy flaquita, de quebrar con viento fuerte y una mala contestación, hermana mediana que hereda ropa que no encaja con su gusto ni anatomía, y busca guarida en un chándal neutro. La mota de polvo que no quiere destacar ni molestar y, aun así, custodia una identidad genuina. La que se forja desde la timidez, no en la presión del escaparate. Lo de antes era resistencia, una guerrilla íntima contra el stablishment. Incluso mi atuendo deportivo cumplía su función: mandar el mensaje de no participar en un juego cuyas reglas me resultaban indescifrables. Nadie buscaba el like ajeno, a nadie le importaba la aprobación del desconocido salvo que fuera potencial miembro de su clan. . ¿Pero ahora? Supongo que el adolescente promedio dirá, con sus palabras, que también. En plan bro también. Eso sí, yo tengo mi teoría como observadora de la vida. Tal vez equivocada, pero la voy a compartir. Creo que les engulló algo que no existía entonces. Me refiero al nuevo emperador del individualismo y consumo: el algoritmo. A nadie le importaba la aprobación del desconocido salvo que fuera potencial miembro de su clan. Preferíamos la incomprensión del sistema o, directamente, la indiferencia Bueno, hay una excepción. Los borrokas. Aunque aborrezcas a la izquierda abertzale y la estética te parezca un espanto, no lo puedes negar. Continúan ahí porque se aferran a las tripas de un territorio propio. Son los mohicanos de una simbología que hereda el peso del conflicto, de un sentimiento de pertenencia que huele tan primario como la primera pelea en el patio. Y eso difícilmente muere. Las demás tribus, sin embargo, se fueron apagando. Como cuando empieza a agotarse la batería del móvil y reduces la intensidad de la luz, pero ya es tarde. . Se acabó la búsqueda, empezó el scroll. Y así ha ocurrido. Ahora, la adolescencia se pone en venta como un pack homogéneo a 19,99 euros con código descuento. Resultado: la soledad del clon. Hoy, ellos salen de casa con zapatillas blancas, calcetines altos, pantalones cortos y ese degradado al milímetro trazado a escuadra. Ellas, con la melena infinita, raya en medio y la campana rozando el suelo. Dentro de seis meses, quién sabe. Renovarán el armario con lo que sea que dicten sus referentes: influencers sin oficio pero con montón de beneficio, dedicados a inocular personalidades como las suyas, de usar y tirar, líquidas, ajenas al compromiso. Porque el problema no es la uniformidad de la percha. Es lo que hay, o lo que dejó de haber, debajo. De pronto, la chavalería dejó de mirar a la calle para clavar los ojos en la pantalla. Se acabó la búsqueda, empezó el scroll Antes, si llevabas rastas, había grandes probabilidades de que patearas el asfalto de las asambleas y los conciertos autogestionados. Tu imagen solía ser reflejo de un contenido, la piel de tu ideología, aunque hubieras leído tres panfletos. Hoy cuidan la estética al milímetro y, sin embargo, se ha convertido en envoltorio superficial. Un baúl, haul, perdón, de gustos cortados por la misma mano que dicta el próximo baile de Tiktok. Da igual qué: las lecturas de sus mesillas, el hilo musical de sus rupturas, las reflexiones de sus stories. Ahí reside la trampa, el cambio de paradigma que nos ha pasado por encima. Hace dos o tres décadas esta era una etapa de barbecho, un tiempo muerto fuera de lo establecido. Pero los nuevos teenagers están supeditados a la maquinaria global. No solo compran: su propia existencia, su imagen y sus crisis son el combustible que la alimenta. La consecuencia es lo que más me inquieta. O sea, el pastoreo silencioso. Si a los quince años andan así, si en vez de romper platos los meten en el lavavajillas, ¿van a enfrentarse a los treinta a una estructura que les exige producir como si no tuvieran vida y a consumir como si no hubiera un mañana, van a hacer otra cosa que no sea claudicar ante la precariedad y seguir en casa de papá y mamá, rumiando su frustración con iphones, podcast de incels y rutinas de skincare? Su propia existencia, su imagen y sus crisis son el combustible que la alimenta Supongo que para desactivar la bomba no hacía falta prohibir. Bastaba con domesticar mediante el más enrevesado e hipnótico de los ruidos blancos. Dicho lo cual, matiz. Lo más factible, ni tú ni yo, de habernos tocado la pubertad en estas circunstancias, hubiéramos librado. Ya ves a los cuarentones, propulsores del tardeo. Tan condicionados por el qué dirán. Poteando en la calle de moda para que se les vea. Con el mismo outfit viejoven. Creyendo que si no muestran dónde han cenado su vida no tiene prestigio. Atrapados por idéntica red de pescar. Y además, apunto: la chavalería actual posee una inteligencia emocional que a nosotros nos habría ahorrado años de terapia. Saben reconocer lo que sienten y poner nombre a cada herida, por mucho que les falte la mística de la tribu y la costra en las rodillas que da la calle. No sé, seguramente me queda ese consuelo. Y que todavía la atmósfera se vuelve eléctrica en la hora de salida del instituto. Mientras siga el alboroto, habrá esperanza.",6760,"El texto reflexiona sobre la transformación de las tribus juveniles, comparando la diversidad y autenticidad de los grupos de los años 80‑90 con la uniformidad impulsada por los algoritmos y el consumo actual. Señala cómo la identidad se ha vuelto un producto estético y cómo ello afecta la capacidad de los adolescentes para enfrentar el futuro.",reflexivo,"El artículo carece de una tesis claramente formulada al inicio, lo que dificulta seguir su argumento. La estructura es caótica, con repeticiones de ideas y frases que entorpecen la lectura. Presenta numerosos errores gramaticales y de puntuación, y el ritmo se vuelve irregular por los largos párrafos sin divisiones lógicas. Además, el uso de metáforas a veces resulta forzado y no siempre aporta claridad al argumento.",5.5,6.0,"['Uso evocador de imágenes nostálgicas que conectan con el lector', 'Observación perspicaz sobre la influencia de los algoritmos en la identidad juvenil']","['Definir y presentar la tesis de forma clara y temprana', 'Organizar el texto en párrafos temáticos y eliminar repeticiones']",opinion_v5
Amas de la barraca,2026-05-02T05:00:00+02:00,https://cronicavasca.elespanol.com/opinion/20260502/amas-barraca/1003742757205_12.html,No tengo hijos: caprichos de la biología. Tampoco gatos. Soy de perros.,"No tengo hijos: caprichos de la biología. Tampoco gatos. Soy de perros. Pero vivo rodeada de ellas. Madres primerizas, madres entrenadas y madres al cuadrado, o sea, abuelas. A todas, bravo. No hay bouquets de tulipanes ni tarjetas con corazoncitos suficientes para reconocer vuestro papelón en este mundo que os exprime por sistema y resta valor por costumbre. Otros llevan los mandos del Ibex 35, pero no lo dudéis: esto es más difícil. Asumisteis la gerencia de una pyme 24/7 donde cada necesidad ha de estar cubierta. Las materiales, para empezar. El calendario de vacunas, los estudios, la verdura camuflada en puré de patata, el disfraz de última hora para la función del cole, esas zapatillas que ayer iban justas y hoy ya no entran. Y luego, las que no se ven pero se sienten como plomo en el pecho. El gobierno de los afectos que vigila el llanto en la cuna, sostiene el naufragio de la primera ruptura amorosa y activa el sexto sentido aunque la chavala ande de colonias por Cuenca. Psicólogas de guardiaDecir que la maternidad cansa se queda más corto que Marianico. Lo que sentís habita en otro plano de la existencia. Y también está la presión nivel escape room, porque el instinto siempre deambula descifrando pistas: será hambre o gases, ese silencio significa que está leyendo o se tragó el pintauñas de Frozen, se queda este sábado en casa porque quiere o los amigos le dejaron de lado. Sois proveedoras, psicólogas de guardia, detectives de lo invisible y artificieras de la frustración ajena, continuamente atentas al cable rojo para evitar que el planeta explote porque las mangas molestan o “no me puedes prohibir el concierto”. Es lógico que, en ocasiones, colapséis, incluso cuando la maternidad fue deseada Pero además, esa maniobra de equilibrismo extremo, esa intendencia sin convenio, os la echáis al hombro en territorio enemigo: un sistema que os obliga a producir fuera como si no tuvierais prole y a custodiar el hogar como si las facturas se pagaran solas. La conciliación en este país es lo que tiene. Una falacia que obliga a elegir entre el sentimiento de culpa por abandono filial y el ansia de autorrealización. Y el colmo: encima toca aguantar el sermón de quienes defienden las maternidades de antes. Esa corriente que parecía sepultada por el sentido común y ha regresado a lo grande con un reaccionarismo que da ganas de vomitar o de sacar las tijeras de Lorena Bobbitt. Todas, las que no parimos y quienes os plantasteis en uno, somos las causantes de que la población envejezca y el primer bebé del año tenga apellido musulmán. Nos señalan con el índice, cuando no lo están usando para rascarse el bajo, por esa manía tan descabellada de querer tener identidad propia al margen del pañal y la cocina, de aspirar a ser algo más que la infraestructura gratuita del Estado. Lógico que, en ocasiones, colapséis. Incluso cuando la maternidad fue deseada, planificada al milímetro, con estimulación ovárica y péndulo egipcio. Hasta en los momentos de subidón en los que desaparece la sensación de renuncia. Spoiler: siempre la hay. Al tiempo y a vuestro cuerpo. A las resacas con derecho a sofá, mantita y hamburguesa. A empezar una serie y seguir atentas en el capítulo dos. A hacer el amor donde os pille. O, simplemente, a tener ganas de hacerlo. Claudicación, incluso, a tener nombre. Porque de pronto ya no os llamáis Lorea, Beatriz o Natalia. Ahora sois la madre de. Así, en genérico, como si todo lo que fuisteis se hubiera archivado en un disco duro del que habéis olvidado la contraseña. Ahora bien, más pronto de lo que pensáis ocurrirá. Llegará el día, si no ha sucedido ya, en que conquistaréis el derecho a evacuar sin que os llamen desde la otra punta del piso ni encontrar el rollo vacío. Al orden en todas y cada una de las habitaciones. A dejar de gritar ""los deberes"", “la cena”, “las manos”. A dejar de contar las manchas del techo porque son las cuatro de la mañana y aún no ha sonado la cerradura. A construir un pensamiento completo, de principio a fin, sin interrupciones. La paz con la que soñabais. La paradojaY pasará. La paradoja. Unas cuantas descubriréis que ese nuevo estado vital muerde. Después de años siendo el eje gravitacional, no sabréis hacia dónde propulsar el cohete ni cómo hacer comida para los únicos ocupantes que quedan en casa. Tal vez dos. Quizá solo vosotras y el cactus. Les sucedió a nuestras madres. El famoso síndrome del nido vacío y sus consecuencias: cuando al fin el ajetreo amainó, se miraron al espejo y les costó reconocerse. Hasta que, con suerte, lo consiguieron. Me refiero a abrazar ese viejo yo que llevaba siglos aguardando con la copa a medias y el armario por renovar, y entender que llegó su turno. Nunca será fácil, pero toca ponerse las pilas. Además, seamos claras. Cuando los polluelos emprenden el vuelo, no solo aterriza el silencio. También el estruendo de su egoísmo. Del nuestro. Que no todas seremos madres, pero todas tenemos una. Y sabemos lo que demasiadas veces ocurre. Para Instagram siempre hay hueco. Para devolver la llamada a mamá, vaya por Dios. Cuántas urgencias se ponen por delante: el pedido de Amazon, la compra semanal, el gym… Los hijos ocupados, por no decir ingratos, son un clásico. Pero hay algo peor: los parásitos. Esos que usan a las señoras que tuvieron a bien no abortarles como un abierto 24 horas all inclusive. Para rellenar tuppers, que les froten las zurraspas y volver a la madriguera si pierden su quinto curro. Hombres, casi siempre. Se puede querer con todo sin desaparecer en el intento Disfuncionales para la vida, pero especialistas en aprovecharse de la buena voluntad materna y seguir chupando de la teta hasta encontrar a una ingenua que tome el relevo. Perdón que perdí el hilo. Puro calentón. Retomo donde lo dejé. En el nido que se vacía y el vínculo que permanece. Porque vuestro niño puede tener 50 años y presidir una financiera, pero el oficio no caduca: le seguiréis diciendo que se ponga chaquetica que refresca, guardareis el plato un rato más por si consigue liberarse de la oficina y despertareis antes de que llame porque sentisteis que algo ha sucedido. Y eso es bonito, mucho. Seguir ahí, remendando en la distancia, conteniendo desde el silencio, reprimiéndoos para no mandar el tercer whatsapp del día y que os llamen pesadas. Pero qué maravilla aprender a ser vosotras mismas después de décadas siendo de otros. Apuntaros a la dichosa clase de cerámica. Ver a las amigas tres tardes por semana. Viajar donde antes no se pudo. Y de paso, abrir camino a las nuevas generaciones. Para que algunas no tengan que aprenderlo tarde: se puede querer con todo sin desaparecer en el intento. En serio. Una mujer entera vale más que una madre agotada. Deberíais buscar momentos para poneros en primer lugar. No es egoísmo. Es el mejor legado que podéis construir juntas: las felices y las que coleccionáis dudas, las satisfechas y las arrepentidas, las de teta y las de biberón, las de colecho y las de walkie talkie. Os merecéis un primer domingo de mayo cargado de abrazos y libre de penitencias Además, ahí estaremos el resto para hacer red. Vuestras parejas, si tenéis y descubrieron el secreto de la corresponsabilidad. Y, desde luego, nosotras: tías, amigas, profesoras, vecinas. Las que no tuvimos hijos y estaremos encantadas de enseñar matemáticas, jugar a las casitas, preparar macarrones y sacaros del apuro cada vez que el mundo se os venga encima. Listas para eso, y también para compartir vuestra felicidad. Porque, por supuesto, bajo el ruido del día a día palpita un amor diferente a lo hasta ese momento conocido. Tan profundo que no sois capaces de describir. Tan visceral, que se cuela en los detalles más minúsculos: los besos con sabor a Gusanitos, un “te quiero” sin apartar la vista de los dibujos animados, cuando el primer mensaje al salir de la entrevista de trabajo es para mamá. Y tan transformador, que descubre cosas de vosotras que ignorabais. ¿Por ejemplo? La paciencia al volver a explicar por qué el cielo es azul, la fuerza para trabajar tras cuatro noches de llantos y diarreas o, bien lo sabéis, la capacidad de perdonar la mala contestación de quien se cree el más listo pero necesita refugio. No sé, seguramente todo esto era para decir que os lo merecéis: un primer domingo de mayo cargado de abrazos y libre de penitencias. Y, más aún, la ovación del público. Sois amas. Sí. Las verdaderas amas de la barraca.",8413,"El texto rinde homenaje a las madres, describiendo su carga cotidiana, la falta de apoyo institucional y la necesidad de autocuidado, mientras celebra su papel esencial en la familia y la sociedad.",reflexivo,"El artículo padece una organización caótica, con ideas que se repiten y divagan sin un hilo conductor claro. Además, recurre a clichés y a un humor forzado que debilitan la fuerza de la tesis.",5.5,6.5,"['Lenguaje emotivo y cercano que conecta con la experiencia materna', 'Metáforas originales que aportan frescura', 'Inclusión de distintas perspectivas de madres y cuidadoras']","['Estructura más lineal y coherente para evitar repeticiones', 'Definir con mayor precisión la tesis central', 'Reducir el uso de humor forzado y clichés para fortalecer el argumento']",opinion_v5
"Una sociedad ""gastrobar""",2026-04-25T05:00:00+02:00,https://cronicavasca.elespanol.com/opinion/20260425/sociedad-gastrobar/1003742755304_12.html,"Las ratas están invadiendo España. Eso dicen las noticias. Y sin embargo, a mí me inquieta bastante más otra plaga: la infestación de moderneo que ha atrapado a la hostelería en un bucle soporífero. El Día de la Marmota con madera decapada, tuberías al aire, baldosines hidráulicos y neón que ordenan tener “good vibes”.","Las ratas están invadiendo España. Eso dicen las noticias. Y sin embargo, a mí me inquieta bastante más otra plaga: la infestación de moderneo que ha atrapado a la hostelería en un bucle soporífero. El Día de la Marmota con madera decapada, tuberías al aire, baldosines hidráulicos y neón que ordenan tener “good vibes”.
Cruzas el umbral de la enésima apertura, tomas asiento bajo una bombilla de filamento visto que roza el moño y te entregas a la traducción de la carta. Nombres muy sugerentes sobre papel kraft sujeto a una tablilla con pinza metálica. Ideal para cortarte las venas cuando llegue la cuenta.
Justo ahí estalla el festival del cortapega. Ese menú clónico con más ínfulas que calidad: la gilda esferificada, el carpaccio con bolitas fluorescentes, el pan bao de rabo de toro, la gyoza de yo qué sé, el pintxo de tortilla con trufa, ensaladilla rusa enterrada en polvos de kikos… Y, claro, hamburguesas mini y maxi de wagyu. Presunto wagyu, porque si el que nos venden fuera real ya no cabría un japonés más en su propio país.
En definitiva, todas las chuminadas habidas y por haber para camuflar la orfandad de ideas. Y que al momento de abonar no sientas el atraco a mano armada con pinzas de emplatar.
Pero sonríes, eh. Porque suena diferente, aunque el guion se repita más que el alioli que bañaba la flor de alcachofa. En el centro de Vitoria, un callejón de Zamora o en el Darwin- Ecosystem de Burdeos. Da igual.

También te cuento. No me extraña que esta cosa del gastrobar triunfe. Lo que ofrece es un calco exacto del sistema actual. El retrato robot de nuestras aspiraciones, debilidades y neurosis en la era del capitalismo supremo. Una metástasis de postureo.
Vivimos rodeados de individuos obsesionados con parecer originales y exclusivos. Los que más viajan, presumen de más libros leídos, más dinero ganan y lucen el outfit más rompedor. Es a lo que se nos empuja. Y además, urge demostrarlo. A todas horas, en las redes sociales, el trabajo y la enésima cita de Tinder.
¿Pero sabes qué? Paradójicamente, en el esfuerzo por romper el canon y huir de lo ordinario se ha sucumbido a una uniformidad pavorosa. Cuánta gente sube las mismas fotos con los mismos atardeceres, recurre a idénticas expresiones ridículas y desea el mismo estilo de vida insustancial.
Y aquí viene el chiste. Todos estamos convencidísimos de que somos la excepción de la regla, de que pertenecemos a esa maravillosa minoría que se salva de la quema. Pero no te engañes. Entonces no arrasaría esta moda. No sería tu quinta cena romántica con tataki de atún rojo, taco de cochinita pibil y ostras en una mesita alta con vela LED. Y tampoco la estarías subiendo al estado del WhatsApp.
Vamos camino de ser una sociedad producida en cadena que se cree de edición limitada. Una franquicia con mucho lirili y poco lerele. Justamente como las patatas que sirven en cazuelita de hierro fundido con espuma de sriracha. Resultonas, pero de bolsa congelada.

Por eso nos rendimos a este tipo de locales. Probablemente no tenga nada que ver con querer sorprender unas papilas gustativas educadas a golpe de lentejas y cerdo embuchado. Lo más seguro: requerimos comprar el derecho a no sentirnos invisibles, necesitamos convencernos de que nuestra existencia custodia la chispa del sifón de nitrógeno. Aunque por dentro estemos más tiesos que los palitos de merluza que despachamos al hijo para una cena rápida.
Ahora bien, en algún momento, quizá tras el pulpo a baja temperatura con parmentier, sucederá. La nostalgia te agarrará el estómago. Echarás de menos la honestidad. Ese aroma impecable de la materia prima que se defiende sola sobre barra de formica y suelos invadidos por palillos. Añorarás unas señorísimas anchoas rebozadas. Ración y media de rabas frescas. O un plato de croquetas de las de antes, de cocido y bechamel que derrite el alma. Y brindarás por la autenticidad sin aderezos. Por la dignidad incorruptible a la apariencia.
No sé tú, pero a mí me encanta la gente que pide sin complejos huevos fritos con panceta en un mundo lleno de tostas de aguacate y poché. Y además, no tiene que probar nada a nadie para saber cuánto vale.
Por cierto. Ya que nos ponemos, añado: si después de digerir y correr al baño quieres ir más lejos, ¿Qué tal reconocer que este concepto hostelero es un caballo de Troya, que además de merendarse tu rigor gustativo dilapida la identidad?

Me parece genial que abran negocios y la gastronomía se mueva, pero no tanto hacer del avance de la experiencia pseudo-gourmet el heraldo de la expulsión. Donde antes había una taberna con solera, en la que el dueño te saludaba por tu nombre en vez de recibirte con código QR, ahora brota una cadena hípster que sufraga un alquiler que ese señor ya no puede soportar. O sea, la gentrificación con sabor a lima-kaffir.
Lleva tiempo pasando en las grandes ciudades y, sin darnos mucha cuenta, la amenaza va acomodándose aquí. El capital ha descubierto que para echarnos de nuestras calles hace falta más bien poco. Entre otras cosas, encarecer el metro cuadrado a golpe de brunch.
Y así, bajo el pretexto de lo guay y un batallón de instagramers entregadísimos a la causa, hemos abrazado la diversidad de escaparate mientras por la puerta de atrás se desahucia la idiosincrasia de la zona.
Qué fantasía. Tanto llenarnos literal y metafóricamente la boca con palabras como fusión y multiculturalidad para acabar así: con alfombra roja a la quinoa importada, la carnicería del barrio al borde del cierre y, venga, que el influencer de turno se queje de lo mal que va España desde Andorra.
No sé, seguramente sueno a vieja guardia. A nostálgica de servilleta de media capa que no limpia, pero recuerda dónde estás porque tiene la dirección del bar impresa en lugar de un eslogan sobre lo mucho que mereces un cóctel de 12 euros tras una semana de mierda.
Así que te confieso: yo también entro en los sitios que critico. Una vez al año. Al cuatrimestre. ¿Al mes? En todo caso, como siempre dice mi viejo amigo Javier Goikoetxea: ""Lo primero es ser consciente""",6036,"El autor critica la proliferación de los gastrobares, considerándolos un síntoma de la cultura de la apariencia y el consumo que uniformiza la oferta gastronómica. Señala cómo este fenómeno se vincula con la gentrificación, la búsqueda de estatus y la pérdida de autenticidad culinaria. Concluye que, pese a la ironía, el lector sigue atrayéndose a estos locales por la necesidad de sentirse visible.",satírico,"El texto peca de excesiva longitud en varios párrafos, lo que entorpece la fluidez y dificulta el seguimiento del argumento. Algunas digresiones y repeticiones debilitan la cohesión, y la conclusión queda algo difusa sin un cierre contundente.",7.5,8.0,"['Uso de imágenes sensoriales y metáforas que hacen vívida la crítica', 'Tesis clara y original que conecta la moda gastronómica con problemáticas sociales', 'Tono humorístico y sarcástico que mantiene el interés del lector', 'Capacidad de enlazar ejemplos concretos con una reflexión más amplia sobre la cultura del consumo']","['Párrafos demasiado extensos que ralentizan la lectura', 'Repeticiones y digresiones que dispersan la fuerza argumentativa', 'Conclusión poco cerrada, falta de un cierre más definitivo', 'Alguna jerga y referencias muy específicas que pueden alejar a lectores menos familiarizados']",opinion_v5
Ola ke ase,2026-04-18T05:00:00+02:00,https://cronicavasca.elespanol.com/opinion/20260418/ola-ke-ase/1003742752567_12.html,"Lo intento. Cada día, a cada hora, con cada whatsapp. Restar importancia a todo: la muerte del interrogante de apertura, el desierto de comas, que haya tildes donde no toca, la infinitud de frases sin orden ni concierto, la amputación sistemática de “que”... A fin de cuentas, solo son mensajes telefónicos. Se entienden. Y el tiempo es oro. Hay que preparar la merienda de la niña, recoger el paquete de Amazon, comprar la pipeta del perro y morir un rato en el sofá.","Lo intento. Cada día, a cada hora, con cada whatsapp. Restar importancia a todo: la muerte del interrogante de apertura, el desierto de comas, que haya tildes donde no toca, la infinitud de frases sin orden ni concierto, la amputación sistemática de “que”... A fin de cuentas, solo son mensajes telefónicos. Se entienden. Y el tiempo es oro. Hay que preparar la merienda de la niña, recoger el paquete de Amazon, comprar la pipeta del perro y morir un rato en el sofá.
Eso me repito, pero cuesta. Supongo que crecer con los cuadernillos Rubio explica cosas. O igual soy demasiado resistente al cambio. Donde muchos ven economía del lenguaje, adaptación evolutiva incluso, yo vaticino apocalipsis. Y tengo claro su origen.
Un acrónimo: SMS. Ahí comenzó el cataclismo ortográfico y gramatical. ¿Recuerdas? Nos entregamos con entusiasmo al milagro. De pronto podíamos comunicarnos al momento, sin necesidad de llamar. Claro que, como siempre, la modernidad incluía trampa.
Los teclados de los primeros móviles eran un engorro, además se pagaba por mensaje y había limitación de caracteres: 160, concretamente. Todo un drama si eras de las mías, de enroscarte en el verbo y a la vez querer ahorrar para los chupitos del sábado noche. Así que nos pusimos en modo recorte. Pero radical.

Empezamos a crear abreviaturas imposibles, a sacrificar signos en apariencia accesorios y podar letras silenciosas con una alegría que ni Eduardo Manostijeras antes de recluirse en el castillo. Y así, entre estate quieta y ponte bien, mientras la tecnología colonizaba nuestras casas y bolsillos, ocurrió.
Hemos pasado de reivindicar el dominio de la gramática y ortografía cual norma de vida a considerarlo clasismo e integrar un ""ola k ase"" con despreocupada naturalidad.
Llámame exagerada, pero creo que escribir como Dios manda va camino de convertirse en virtud exótica. Casi, casi, una excepción para nostálgicos. Y no hablo de pedrigí literario. Me refiero a hacerlo, simplemente, con corrección. O mejor dicho: a al menos tener la voluntad. Que importe. 
Esa es la herida que escuece. Hace no tanto, cuando el analfabetismo viajaba en burro, la letra se respetaba como el traje del domingo. Ahora, entre smartphones y scrolls, vivimos la democratización del “todo vale"". Hasta límites otrora impensables. O será que me falta imaginación.
Lo que nuestra generación incubó, la Zeta está rematando con una ligereza espectacular. Al parecer, el uso del punto al final de la frase es un gesto sospechoso, una maniobra pasivo-agresiva. Así que mejor no poner. ¿Y las comas entre idea e idea? Tan innecesarias como planchar calcetines.

 

Entra en las redes sociales de tu sobrina y prepárate para publicaciones llenas de concatenaciones eternas, sin pausas a la vista. No sabes si estás ante un conjuro, la lista del Shein o se trata de una corriente pretendidamente surrealista que eres incapaz de intepretar porque en algún momento de tu existencia te convertiste en un carroza.
He leído por ahí que esto no es como la vuelta de los pantalones de tiro bajo, que esta moda viene para quedarse. Ojalá jamás suceda, aunque te confieso: no me sorprendería. Lo de los adolescentes solo es un pasito palante, María, tras años normalizando las patadas a la lengua más allá de los espacios digitales.
Carteles, correos electrónicos, pies de foto… En todas partes puedes detectar descuidos y burradas ejecutados por adultos con canas, másteres y hasta carrera de Periodismo. Así que, claro, cuando mujeres como servidora se asoman a ese escaparate de saldo llamado Tinder pierden la esperanza. Y adoptan otro gato.
Cómo te lo explico: no debería de haber foto en velero, ni tabla de chocolate, ni mirada seductora, ni puño izquierdo en alto que sobrevivieran a un ""haber si quedamos"", un “pienso de k” o una reflexión hilada como si se estuviera aporreando piedras. 
En ocasiones me pregunto qué pasaría de quedarnos sin la arquitectura de la palabra, tal como ahora la conocemos. Quizá ande confundida, pero las entrañas me dicen que una sociedad que no sabe articular sus alegrías y penas con propiedad es una sociedad con la guardia baja, imposibilitada para leer la letra pequeña de la hipoteca o destapar a quienes nos pastorean con su florida oratoria.

. Pero lo del trazo es otro nivel. Exige esfuerzo y tiempo. . A ordenar ideas con la delicadeza del orfebre

Las últimas tecnologías han hecho de la necesidad de inmediatez intrínseca en el ser humano una dictadura que devora lo más importante: el gusto, la paciencia, el sentido común, la minuciosidad. Por eso, antes de que sea demasiado tarde, convendría recuperar papel y bolígrafo. Y mandar un par de postales al año.
Esa es mi propuesta. Y cada día la de más gente. Piénsalo. El móvil ayuda a escupir a la velocidad de tu neurosis y relativizar la calidad. Pero lo del trazo es otro nivel. Exige esfuerzo y tiempo. Te obliga a mirar de frente tu propio lenguaje, con sus goteras y heridas de guerra. A ordenar ideas con la delicadeza del orfebre. 
Cuando el cerebro se sienta a esperar a la mano, pasan cosas. Además, bonitas. 
No sé, seguro sueno demodé. Pero qué le voy a hacer. Estoy convencida de que escribir bien o, al menos, echarle ganas es de las pocas cosas dignas que nos quedan. Un ejercicio de defensa propia contra este mundo frenético al borde del cortocircuito. La maniobra de resistencia más punk y, definitivamente, sexy.
En serio. Nada como proponer unas cañas y lo que surja, y que la otra parte responda: “sí”. Con esa tilde que funciona como un deshabillé, enseñando lo justo para disparar la imaginación y pensar que esta vez promete.
A mí me ocurrió.",5618,"El texto reflexiona sobre la degradación ortográfica provocada por la mensajería digital y el uso de abreviaturas, defendiendo la necesidad de recuperar una escritura cuidadosa. A través de ejemplos y anécdotas personales, la autora argumenta que el descuido del lenguaje compromete la capacidad crítica de la sociedad. Concluye proponiendo volver al papel y al esfuerzo de escribir a mano como forma de resistencia.",irónico,"El argumento se dispersa en múltiples digresiones que dificultan seguir una línea clara y la tesis queda difusa entre la queja y la nostalgia. La estructura carece de una progresión lógica, con saltos temáticos que debilitan la coherencia del texto. Además, el tono fluctúa entre lo irónico y lo sermónico, lo que confunde al lector.",6.5,6.0,"['Uso creativo de metáforas, como la “delicadeza del orfebre”, que enriquece el discurso', 'Voz personal y cercana que genera identificación con el lector', 'Humor irónico que aporta frescura al tema y mantiene el interés']","['Definir y mantener una tesis más concreta y visible a lo largo del artículo', 'Organizar las ideas en secciones lógicas para evitar saltos temáticos abruptos', 'Uniformizar el tono para que la ironía no compita con la seriedad del mensaje']",opinion_v5
Semana Santa y roja,2026-04-04T05:00:00+02:00,https://cronicavasca.elespanol.com/opinion/20260404/semana-santa-roja/1003742747711_12.html,"Me van a quitar el carné simbólico de comunista y regalar el de la Falange. Lo veo venir. Pero qué le voy a hacer: no me nace huir a Cambrils en este puente, por mucho que disfrute de la playa. ¿Razón? El Cristo Yacente de Zamora solo sale una vez al año. Y para ver pieles abrasadas, mientras apuro pescadito frito en primera línea de mar, ya está agosto.","Me van a quitar el carné simbólico de comunista y regalar el de la Falange. Lo veo venir. Pero qué le voy a hacer: no me nace huir a Cambrils en este puente, por mucho que disfrute de la playa. ¿Razón? El Cristo Yacente de Zamora solo sale una vez al año. Y para ver pieles abrasadas, mientras apuro pescadito frito en primera línea de mar, ya está agosto.
Mi plan preferido es clavarme en un chaflán gastado por el peso de los secretos y el transcurso de los siglos. Y aguardar a que el ritual me pase la lija por las tripas. Aunque no siempre fue así.
Hasta los treinta y tantos, renegué de los fastos de Semana Santa. Probablemente, algún tipo de mecanismo de defensa forjado en la niñez. Me recuerdo en una ciudad adusta. Con ese frío de marzo que muerde con la rabia de un invierno moribundo. A la espera de que ocurriera algo capaz de justificar el suplicio de haber dejado a medias El Pirata Garrapata.
Y de pronto, aparecieron. Cuerpos ocultos por la vergüenza de la culpa. Pies descalzos y encadenados. Un silencio asfixiante, roto por el metal contra el adoquín.
Me pregunto qué llevó a mis padres a considerar que Sensación de vivir no era apto para mi edad, pero sí lo que durante años me pareció el spin-off folkórico de Saw. Sentí angustia viva y renegué de todo aquello hasta que un día, quizás por madurez, tal vez por hartazgo de la levedad moderna, decidí darle otra oportunidad. Y sucedió.
Lo que de niña me paralizaba y de joven decidí despreciar, como señora se ha convertido en adicción. A la Semana Santa castellana, en concreto. Porque una es dramática, pero ligeramente contenida.

. laro está, mucha gente no lo entiende. Me acusa de contradictoria. Porque soy rojilla, y no solo por Osasuna. Agnóstica. Y si alguna vez voy a misa es para dar el gusto a mi devoto padre y, de paso, ejercer el derecho adquirido al vermú posterior. 
Pero respondo: qué importa.
Da igual creer en Dios o en el monstruo del espagueti volador, rezar cada noche a los cuatro angelitos que guardan las cuatro esquinas de la cama o tener alergia al algodón del Vaticano.
No hace falta fe para que se ericen los pelillos con el oleaje de los tambores, las cornetas chillando y la autoridad del silencio, con la cera derretida y el realismo cruel de la madera policromada. Solo necesitas sangre en las venas, apagar el móvil y rasgar la malla de los prejuicios.
Cómo no me va a hipnotizar el espectáculo si necesito belleza para soportar el valle de carcajadas y lágrimas que es la vida, y esto es pura bacanal estética. Pero puedo dar más argumentos.
Tras el barroquismo que retumba en la retina y el oído, con pelín de esfuerzo podrás identificar un trasunto social imposible de encontrar en ningún tratado de la nueva izquierda.
La Semana Santa procesional, guste o no, grita lo que somos. Es un espejo donde se reflejan víctimas y victimarios, justos y pecadores, los que tienen suerte y quienes nacieron estrellados porque la meritocracia son los padres.
Y ahí está Dios, la idea católica de Dios, pero reducida a un hombre que ama, sufre, lo ejecutan y al que hasta le niega su colega. Ese es el punto donde todos, por narices, deberíamos de conectar. La pasión, el dolor y la incertidumbre de no saber si llegaremos a fin de mes o si nos querrán mañana se repite en cada alma errante y en cada receta de Lexatin.
La Semana Santa es el recordatorio más impertinente de que tú, yo y tu prima la coja, bajo la máscara de invulnerabilidad que nos ponemos para ir a la oficina, ese disfraz de seres funcionales que hacen ayuno intermitente y scroll, cargamos un madero que dobla la espalda. Sea cual sea la cruz: el imbécil del ex, la tiroides, el IRPF o una falta de propósito vital que se intenta compensar con crossfit y vino.
Y aunque cada uno padece lo suyo, viendo pasar la Procesión de los Borrachos huelo red. La que se debería de activar cuando esta sociedad líquida hace cortocircuito.
Piensa en los costaleros. Hay quienes solo ven señores muy carcas y sudorosos, cargando pasos que lastran más que tu mala conciencia tras mentir a la pareja. Para mí, en cambio, son metáfora de aquello a lo que deberíamos volver: una comunidad donde uno sostiene el peso del otro para no hundirnos en el mismo agujero, un ejercicio de soberanía grupal frente al individualismo atroz que nos usa y despacha como productos de Amazon.

Y luego está el poso cultural. La raíz. Ese patrimonio material e inmaterial creado para ser ancla. 

Y luego está el poso cultural. La raíz. Ese patrimonio material e inmaterial creado para ser ancla. Herencia sin libreto de instrucciones que nos impide salir volando a la mínima que el Tío Sam estornuda la enésima moda de consumo.
Por eso, no me parece nada disparatado reivindicar la festividad religiosa de la Semana Santa siendo quien soy. Este tesoro nos pertenece por lo que cuenta de nuestra tradición y por la resistencia de quienes nos precedieron. Necesitamos costumbres que huelan a viejo y legado para caer en la cuenta de que no nacimos ayer en un laboratorio de ideas deconstruidas.
No sé, seguramente quiero decir que reivindico la Semana Santa como quien defiende la sanidad pública o la jornada de cuatro días: son espacios donde el yo se disuelve en el nosotros.
Mi comunismo de procesión es defensa propia y compartida contra el vacío. Frente a la dictadura del algoritmo y el manual de autoayuda, elijo la identidad cultivada desde el común, la catarsis colectiva, al desconocido que cede hueco para que tú también veas pasar la muerte.
Postdata. Hace un tiempito llevé a una amiga a Zamora. A mitad del estremecedor Jerusalem, nos alejamos porque se le estaba poniendo mal cuerpo. ¿Y qué hicimos? Lo que dicta el protocolo: bebernos un par de botellas de Toro y zampar rebojo hasta volver rodando al hotel. Tenlo claro. Sin pecado no hay placer… y viceversa. Además, tras Semana Santa todavía queda tiempo para redimirse. O, al menos, para buscar el siguiente rito que nos salve de nuestra propia fragilidad.",5962,"El autor reflexiona sobre la Semana Santa, reconociendo su origen religioso y al mismo tiempo reivindicándola como espacio de comunidad y resistencia al individualismo, pese a su identidad política de izquierda. Utiliza metáforas de los costaleros y experiencias personales para conectar la festividad con la búsqueda de sentido y pertenencia.",irónico,"El texto sufre de una estructura desarticulada, con saltos temáticos abruptos que dificultan seguir la línea argumental. La tesis, aunque presente, queda opacada por digresiones y repeticiones que debilitan la claridad del mensaje. Además, la gramática y la puntuación irregular entorpecen la lectura.",6.0,6.5,"['Uso potente de imágenes sensoriales y metáforas (costaleros, sangre, fuego)', 'Conexión original entre una tradición religiosa y la crítica al individualismo contemporáneo', 'Tono personal que genera cercanía con el lector']","['Organizar mejor los párrafos para mantener una línea argumental coherente', 'Depurar repeticiones y frases incoherentes para mejorar la claridad', 'Reforzar la tesis al inicio y retomarla de forma consistente a lo largo del texto']",opinion_v5
"Siempre ""a punto de""",2026-03-21T05:00:00+01:00,https://cronicavasca.elespanol.com/opinion/20260321/siempre-punto/1003742743825_12.html,"La otra noche se me cerraban los ojos a diez páginas de terminar ""Cicatriz"", de Sara Mesa. Bárbara, por cierto. Pero continué, tratando de dominar esa ansia viva que a todos nos devora al acercarnos al desenlace de una historia hipnótica. Cautiva de la tristeza de despedir una ficción que en los tres últimos días fue tan real como el café de la mañana o el aire que respiras.","La otra noche se me cerraban los ojos a diez páginas de terminar ""Cicatriz"", de Sara Mesa. Bárbara, por cierto. Pero continué, tratando de dominar esa ansia viva que a todos nos devora al acercarnos al desenlace de una historia hipnótica. Cautiva de la tristeza de despedir una ficción que en los tres últimos días fue tan real como el café de la mañana o el aire que respiras.
Así es la tensión de estar ""a punto de"".
A punto de comenzar un nuevo trabajo. De acabar la serie de tu vida. De pillar el vuelo a ese lugar que desde hace tantos años has querido conocer. De votar o de que te boten. De que salga la nota de corte a auxiliar administrativo del Estado categoría C2. De saber si el tumor es benigno. A punto de casarte o, mejor aún, de firmar el divorcio.
La existencia está llena de ""a puntos de"". La última recta de una cuenta atrás donde siempre está en juego lo que sientes, lo que esperas, lo que pides por Aliexprés y lo que llega a casa. Un vértigo, en ocasiones, prometedoramente dulce. Otras, amargo a más no poder.
Esperar es humano. También no saber hacerlo. Desesperarte. Vivir esos días, esas horas, esos minutos previos al instante equis con tu cabeza creyéndose guionista de Hollywood. Fantaseando. Anticipándote. Montando un ""Elige tu propia aventura"" que, lo más seguro, el cosmos no se molestará en leer.

La existencia está llena de a puntos de

Pero ahí estás tú, con el estómago hecho un nudo de mariposa. O, al revés, revoloteando como si te hubieras bebido un batido con polvo de hadas porque eres optimista hasta la bilis. Ya lo dijo Jarabe de Palo. Depende: de cómo eres, pero también de la estadística, del tipo de noticia o expectativa, de si aguardas al principio o la conclusión de lo que sea.
Hay gente que disfruta sádicamente con el ""a punto de"". En concreto, con el ""a punto de"" conquistar a una persona para luego dejarla tirada. Lo pensé hace nada, cuando una amiga me contó su último ghosting tras un sábado de vino y rosas.
A estos tipos lo único que les da vidilla es estar al acecho, conseguir la confianza de la presa, disparar y a la siguiente cacería. Y cada vez son más porque hemos construido, poquito a poco, sin darnos cuenta, un sistema adicto al cosquilleo de la novedad.
Son conquistadores en serie. Llenan a sus víctimas de atenciones, paladean el final countdown con más fruición que tu cuñado el último langostino de la fuente, y cuando consiguen la rendición: ciao, bambina.

Ya lo dijo Jarabe de Palo. Depende: de cómo eres, pero también de la estadística

Para ellos la ilusión no residía en conocerte, ni siquiera en probar tus mieles. Era la idea, el chute de ego que les daba saber que estaban a punto de conseguirte. Estirarlo hasta estallar. Y limpiarse en los pantalones.
Pero ojo, como le dije a mi colega: de buena te libraste. Personas decentes aún quedan. Y esta peña solo es chusma por la que no merece la pena llorar, ni pedir explicaciones, ni subir una story a Instagram recién salida de la peluquería para que compruebe lo que se perdió. Cuentakilómetros a cero. Autolikes a miles. Y a seguir.
De todas formas, creo que me desvié del tema. O no. A lo que voy es que es muy importante aprender a gestionar los ""a punto de"". .
¿Y eso cómo se hace?
Aprendiendo a jugar la partida entera, supongo. Habitando ese espacio en blanco sin querer rellenarlo con certezas antes de tiempo. Dejando que la duda baile su tango sin pisarnos los pies. Y entender que el ""casi"" tiene tanta miga como el ""ya está"". 
Qué maravilla saber gozar de la esperanza empaquetada en un manojo de nervios. Abrazarse a la previa sin spoilers. Entregarse a ese ""escribiendo..."" en el WhatsApp que paraliza el corazón durante diez segundos disfrazados de lustro. Perderse en la maleta abierta sobre la cama la noche antes del viaje. Un lapso único en el que todo puede ser perfecto, sencillamente porque todavía no ha ocurrido. 

Es muy importante aprender a gestionar los ""a punto de"". Ya vengan con forma de soga en la garganta o de fuegos artificiales en el pecho.

Y cuando se consuma, qué, te preguntarás.
En caso de que salga bien, imagino que lo ideal sería convertir la expectativa hecha verdad en rutina, que es la forma más honesta de querer algo. Y si en vez de eso recibes un bofetón (el proyecto denegado, la nota que no alcanza o ese piso en el que te visualizabas poniendo cuadros y se queda alguien con más solvencia): ajo, agua y vermú bien frío.
Además, cuando el ""a punto de"" se cumple, o se estrella, lo que queda es una resaca de realidad. Una calma extraña, casi sorda, porque la vida no se detiene en el clímax. No hay música de fondo que sostenga el presente para siempre. Cuando los puntos suspensivos se rinden, queda el eco de lo que fue: el libro cerrado, el golpe seco de las ruedas del avión contra la pista. Y comienza el reseteo. 
No sé, seguramente quiero decir que nuestro paso por el mundo conlleva una sucesión aleatoria de pequeños éxitos y catastróficas desdichas yendo y viniendo. Hasta que llega el final. El definitivo, ya. Y yo he decidido que no estoy para pasar la páginas rápido: necesito respirar de cabo a rabo todas las historias, como si fuera la primera vez. Porque, en realidad, cada cuenta atrás expirada es el prólogo de una nueva incertidumbre.",5245,"El texto reflexiona sobre los momentos de expectativa, el ""a punto de"", y cómo la gente vive esas esperas, mezclando anécdotas personales y observaciones sociales. Propone que aprender a gestionar esas incertidumbres es clave para una vida más plena.",reflexivo,"El artículo padece de una tesis difusa que nunca se define con precisión y se pierde en digresiones y repeticiones que entorpecen la lectura. La estructura es caótica, con saltos temáticos que dificultan seguir el hilo argumental y generan redundancia de frases. Además, el uso excesivo de coloquialismos y fragmentos incompletos debilita el impacto de los argumentos.",6.5,6.5,"['Imágenes sensoriales muy evocadoras que atrapan al lector', 'Tono cercano y humorístico que genera empatía', 'Capacidad de capturar la ansiedad y la excitación de la espera']","['Clarificar y articular una tesis central concreta', 'Organizar el texto en secciones lógicas para mejorar la fluidez', 'Eliminar repeticiones y redundancias que saturan el discurso', 'Refinar el lenguaje, reduciendo coloquialismos excesivos que restan autoridad']",opinion_v5
Hartas de echarle ovarios,2026-03-14T05:00:00+01:00,https://cronicavasca.elespanol.com/opinion/20260314/hartas-echarle-ovarios/1003742741317_12.html,"Dicen que el dolor es subjetivo. Con una hemorroide trombosada, por ejemplo, puede que lo pases tan mal como para suplicar un chute de morfina. Pero tu madre no irá al médico hasta terminar la bechamel de las croquetas. ","Dicen que el dolor es subjetivo. Con una hemorroide trombosada, por ejemplo, puede que lo pases tan mal como para suplicar un chute de morfina. Pero tu madre no irá al médico hasta terminar la bechamel de las croquetas. 
Esto pasa porque el dolor depende de la interpretación cortical e intelectual. También lo condicionan la educación, la cultura y las emociones. Toda una complejísima experiencia a la altura de la rareza intrínsica de ser humano. Pero escucha. Sobre el que a mí me acompaña desde hace casi tantos años como Internet Explorer, no acepto debates ni relativizaciones. 
En los últimos meses ha habido demasiados días que ni enantyum, ni nolotil, ni tramadol. El dolor se aferra como una garrapata. Y la imagino. La cuchara de bola de helado vaciándome el abdomen. O el cuchillo de deshuesar y una mano firme arrancando cada órgano. Lo que sea que me libere de este suplicio a ratos sordo, en ocasiones punzante, siempre caprichoso y dispuesto a liarla parda.
Otras veces no es para tanto, pero pone mi vida en suspenso porque hiere lo suficiente como para cancelarlo todo: el cine, la cerveza, el sexo, esa escapada a Biarritz programada desde hace dos puñeteros meses. O peor. Por prudencia y ante la alta probabilidad de quedar mal con la gente, evito hacer planes. Y me como la angustia de la soledad. 

. Aún verdes, pero ahí están. Sin embargo, el peaje ha sido caro

Lo del curro es otro cantar. Si fuera presencial, supongo que últimamente habría encadenado más bajas que DiCaprio novias veinteañeras. Pero teletrabajo, tengo un jefe compasivo y fui educada en la ochentera cultura del esfuerzo. Así que, cuando llega otro episodio agudo, este es el panorama: opiáceos de rescate, bolsa de agua hirviendo, los paréntesis necesarios para llorar, disociar o correr a Urgencias con mueca de virgen barroca, y a recuperar horas pasado mañana.
Ahora bien, lo peor no es el dolor. Hace mucho más daño otra cosa: la rabia de habitar una enfermedad crónica que, en pleno 2026, sigue moviéndose en el terreno de la ignorancia y las hipótesis. Hablo, cómo no, siendo 14 de marzo, de la endometriosis.
En caso de que no hayas tenido la desgracia de cruzártela, te cuento brevemente. Lo que sucede es que el tejido que recubre el útero y expulsas en forma de regla decide irse de excursión y crecer donde no toca. En mi caso, ovarios, intestinos y ligamentos uterosacros.
¿Resultado? Una respuesta inflamatoria que no entiende de calendarios ni respeta el sentido común.
Da igual si estás ovulando o ayer andabas felizmente de tardeo. De pronto brota el furor pélvico y ahí te las compongas unos cuantos días hasta que desaparezca. O puede que se alargue como un runrún de baja intensidad, una marea sucia que no llega a ahogar pero aprieta. Y así, poco a poco, ocurre: te especializas, siempre que el asunto no ande insufrible, en el arte de fingir normalidad.
Eso o te hundes en la miseria pensando que estás loca. Hasta hace nada el diagnóstico estándar era dolor menstrual o, mi favorito, problemitas de la cabeza. El sistema nos despachaba con la dichosa ecografía que solo sirve para detectar quistes, ibuprofeno 400 y un “respira, mujer”. 
Por fin, gracias a la lucha organizada de muchas valientes, empiezan a existir unidades de endometriosis. Aún verdes, pero ahí están. Sin embargo, el peaje ha sido caro. Nos obligaron a ser las enciclopedias andantes de nuestra propia aflicción y buscarnos la vida.
Y en el camino confirmamos que esos señores de bata blanca que manejaban el espéculo con la delicadeza de un tornero fresador desconocían de la enfermedad hasta su más sibilina trampa: el alcance de la lesión no guarda correlación con el grado de tortura.
Tampoco es que anden muy informados ahora.
¿El consuelo? La endometriosis no es mortal. Solo mortalmente frustrante.
Porque, si no fuera suficiente con el dolor, la incomprensión social fruto de tantos años de invisibilidad y el despropósito de saber más de tu calvario que el propio especialista, se suman otras sombras. La ansiedad, la depresión, la niebla mental, la fatiga extrema, las digestiones imposibles... Todo eso que acarrea un sistema nervioso en constante alerta roja y provoca tanta impotencia por una calidad de vida penosa.
Y luego está el riesgo de infertilidad, que daría para un capítulo aparte porque sume a demasiadas mujeres deseosas de ser madres en un duelo anticipado. O en una ruleta rusa llena de altas expectativas y falsos milagros.
A todo esto, te preguntarás: por qué, cuál es la causa de la endometriosis. Teorías hay unas cuantas, pero todavía son solo eso. Y la cura no existe, ni se la espera.

. Y ya sabemos qué ha pasado históricamente con el dolor femenino. 

Mis compañeras de penurias y servidora hemos de conformarnos con parches. A priori, tratamientos hormonales que no siempre duermen la afección y traen de regalo efectos secundarios más tóxicos que el licor 43 con chocolate. De segundas, cirugía para retirar los implantes hasta que vuelvan a salir. 
Yo, que ya pasé por una laparoscopia y he probado todos los anticonceptivos del mundo mundial, llevo desde noviembre con una pastillita importada de Estados Unidos que induce la menopausia. Puedo adelantar: tras un inicio prometedor, ahora peor el remedio que la enfermedad. Han vuelto las crisis y parezco un globo de helio. Pero, además, estoy casi tan triste como Copito de Nieve en su primer día de cautiverio y ni siquiera Henry Cavill, entrando en casa con un ramo de peonías y Sauvignon, me despertaría la líbido.
¿Siguiente parada en este vía crucis? Vaciar. Así me lo plantearon, como quien hace limpieza de armario porque llegó la primavera y tiene medio ropero demodé.
No sé tú, pero yo lo tengo claro. Este desamparo responde a una única razón: la endometriosis solo afecta a las mujeres. Y ya sabemos qué ha pasado históricamente con el dolor femenino. Ha sido ruido de fondo, una nota al pie de los manuales médicos escrita con la caligrafía del machismo.
Si esta enfermedad también fuera cosa de hombres, y les impidiera producir, follar y procrear con la saña que nos anula a nosotras, la cura llevaría tiempo disponible en Amazon.
Seguramente el Día Internacional de la Endometriosis sirva para sentirnos hermanadas en esta resistencia de sacos de semillas y diagnósticos tardíos. Para dar las gracias a nuestras parejas, progenitores y toda esa gente amada que sufre el desgaste de sostenernos y acoplarse a nuestros cambios de ritmo.
También para que ese compañero que recela porque ayer nos vio de cena entienda que de exageradas ni medio pelo. Y, sobre todo, para que nadie nos haga dudar: es complicadísimo librar una guerra civil interna mientras intentamos clavar la postura de la montaña en clase de yoga.
Pero no vale con eso. Porque el catálogo actual de respuestas a la endometriosis es un insulto: hormonarnos como pollos, la mutilación o esperar resignadas a la menopausia para que al fin el incendio se apague por falta de combustible.
Necesitamos o, mejor dicho, nos deben inversión, investigación y un trato de primera. Que ya estamos hartas de echarle ovarios.",7074,"El texto relata la experiencia personal de una mujer con endometriosis, describiendo el dolor crónico y la falta de reconocimiento médico, y denuncia la invisibilidad del sufrimiento femenino. Además, critica la insuficiencia de los tratamientos actuales y la necesidad de mayor investigación e inversión.",irónico,El artículo padece una estructura dispersa que dificulta el seguimiento de la tesis; abundan digresiones y repeticiones que entorpecen la claridad. La ironía a veces resulta forzada y el lenguaje coloquial excesivo resta seriedad a la argumentación. Falta de datos o referencias que sustenten las críticas al sistema sanitario.,7.0,7.5,"['Narrativa personal muy vívida que genera empatía', 'Uso acertado de humor e ironía para captar la atención', 'Denuncia contundente del machismo médico', 'Capacidad de transmitir la frustración y el desgaste emocional']","['Organizar mejor los párrafos y establecer una secuencia lógica', 'Eliminar repeticiones y aforismos superfluos', 'Moderar el tono coloquial para reforzar la autoridad del mensaje', 'Incluir datos, estudios o citas que respalden las afirmaciones']",opinion_v5
"Atentamente, una facha de izquierdas",2026-02-28T05:00:00+01:00,https://cronicavasca.elespanol.com/opinion/20260228/atentamente-facha-izquierdas/1003742736746_12.html,"Dices que tienes miedo, Gabriel. A la invasión de la ultraderecha. Y te creo cuando arengas a la refundación de algo que ya nadie sabe qué es para frenarla. Aunque impostes tono de profeta callejero y ni un pelo de ese tupé que tanta envidia causa se mueva.","Dices que tienes miedo, Gabriel. A la invasión de la ultraderecha. Y te creo cuando arengas a la refundación de algo que ya nadie sabe qué es para frenarla. Aunque impostes tono de profeta callejero y ni un pelo de ese tupé que tanta envidia causa se mueva.
Tú debes de usar cera. Lo mío es laca. Por eso evito llevarme las manos a la cabeza. Una nació coqueta y tiene prioridades. Pero cuesta, porque yo también ando con el culo prieto. Como demócrata y mujer de izquierdas. Solo que, además de tu canguelo, siento otro fruto de una orfandad que vuestro descarrilamiento no supo impedir.
Y es la certeza de que, de expresar lo que pienso, la que suponía era mi propia tribu me estampará el sello más viral y terrorífico de los últimos tiempos: facha.
En la sopa que deseas cocinar territorio a territorio, caben muchas letras. Autocrítica, déjame dudar. Lleváis tiempo demostrando que o se comulga con todo o se es el enemigo. Y eso me ha tenido bastante calladita. Lo cual ayuda a estar más guapa, gracias. Pero ya me cansé.
Por qué empezar. Quizá poniendo foco donde duele horrores: el feminismo, los feminismos, o lo que sea en que hayáis convertido la más transformadora revolución del siglo XIX para alegría de cuñados, incels y sucedáneos.
Inevitablemente pienso en mi abuela y su manifiesto de cabecera. “Estudia y trabaja para no depender de ningún hombre”. Plan sencillo e infalible por la igualdad de sexos. Pero de pronto, todo es transversal, identitario, muy confuso. Habéis masticado el chicle, rosa, por supuesto, hasta dejarlo sin sabor ni lógica. Ahora, la propuesta de emancipación oscila entre el OnlyFans si creciste en Occidente y el velo en caso de venir de un poco más lejos.

¿Dónde quedó eso de si tocan a una, nos tocan a todas?

Sí, camarada. Aunque reculaste a posteriori y de boquilla, fuisteis capaces de plantear el burka como elemento cultural, libertad religiosa, un caso de elección voluntaria. Solo para no dar alas al vomitivo oportunismo de VOX. Y porque andáis perdidísimos en la búsqueda de vuestros propios marcos. Si no, ¿de qué ibais a restar importancia a esta herramienta de opresión con la excusa de que todavía son pocas las que la sufren en España? ¿Dónde quedó eso de si tocan a una, nos tocan a todas?
Qué rabia da vuestro laberinto de espejos, en serio. Fíjate en los victimarios. Disponéis de tres categorías y un código de conducta a medida para cada una. Con los de la bancada contraria, hacéis lo que toca, que es ir a saco. Si son de vuestra cuerda, aplicáis el #protocoloerrejonier: obviar hasta que la costura reviente, admitir la evidencia cuando no queda otro remedio y rezar para que el siguiente ciclo de noticias lo entierre.
Y con los que vinieron de fuera en busca de una vida mejor, uy. Ahí el movimiento se complica.
Debemos frenar a la chusma que agita el avispero de la xenofobia, pero qué feo os luce el cinismo. ¿De verdad es racista aceptar que, si aquí aún estamos viajando hacia la igualdad y lo que queda, otras culturas siguen sin preparar las maletas? ¿En serio huele a cerrado reconocer que la inmigración puede ir ligada a la pobreza, la falta de oportunidades, el ostracismo, todo eso que el sistema alimenta construyendo un imaginario de inseguridad?

l buenismo de despacho os protege del dilema moral, pero a mucha gente le deja a la intemperie. Y, sin embargo, me gustaría pensar que aún estáis a tiempo de asumir realidades incómodas para activar mecanismos que no sean los garrotazos de la ultraderecha. Esos truquitos que, menos mal, ya sugirió Emilio Delgado: educación, integración real desde la diversidad, bajar al barro. Y al barrio.
Admítelo. Adoptastéis las mandangas discursivas cocinadas en laboratorios de ideas a diez mil kilómetros de aquí. Que lo mismo convenía probar. En esta vida hay que actualizarse, abrir la mente, dar una oportunidad hasta al tekila de mango. Pero por el camino restasteis peso a lo que importa a la mayoría del personal: pagar la hipoteca, salir a cenar rico una vez al mes, que no cierre la carnicería de debajo de casa, conseguir cita médica antes de abril, tener a quien dar un beso de buenas noches.
Nos estamos ahogando en una rueda de hámster construida con cachitos de estrés, individualismo y precariedad, mientras los autodenominados patriotas se adueñan de las palabras libertad, futuro y esperanza para privatizarlas. Y a los sindicatos, ni se les espera.

¿Cómo es posible que equiparéis a mis padres con los fondos buitre cuando ahorraron para un apartamento en la playa de una habitación donde veraneamos todos?

Así hemos acabado, con una clase trabajadora que llegó a ser media agonizando. Y en la diana. La vuestra. ¿Cómo es posible que equiparéis a mis padres con los fondos buitre porque, tras años de más privaciones que un monje budista, ahorraron para un apartamento en la playa de una habitación donde veraneamos todos? Ese fue su ascensor social, pero ahora representantes públicos con un escaño de 150.000 euros lo tienen claro: si les okupan, ajo y agua.
No sé, tal vez esté siendo demasiado exigente con vosotros. O, claro, facha. Tendría que verme en vuestro lugar, dentro de esa telenovela protagonizada a codazos por Sumar, Podemos, Más Madrid, Comuns, IU y la madre que parió al Nuevo Frente Amplio.
Ah, es verdad. Una vez, hace mucho, mucho tiempo, estuve ahí.
También te digo: si conseguís uniros, chapó. Ojalá la foto de familia os sirva para visualizar quiénes fuisteis fuera de las instituciones que os aburguesaron. Yo, al menos, necesitaría que le dierais una vuelta de tuerca a vuestra actitud. Esa arrogancia, el victimismo, ya tú sabes. Y luego, a confrontar al sistema.
Hace falta memoria para recordar los valores que sustentaban a la izquierda y sacarlos del cajón de los egos. Honestidad. Decir las cosas por su nombre, aunque escueza. También organización. Método. Y, por supuesto, empezar a trabajar en un nuevo modelo socioeconómico que deje atrás el parcheo constante del tablero neoliberal.

La política actual es más cortoplacista que un match con un princeso

Probablemente esto último suena a utopía. Y, de ser posible, requeriría un tiempo que nadie tiene o nadie quiere rascar. La política actual es más cortoplacista que un match con un princeso. Mucho fuego de artificio en el chat, pero nulo interés en construir nada que pase de una noche.
En todo caso, por favor: dejad de responsabilizarnos de la llegada de la bestia si dejamos de votaros, que vosotros mismos contribuisteis a abrir la puerta. Demostrad que queréis cubrir nuestras necesidades materiales y menos golpearse el pecho solo porque Yolanda Díaz hizo un poco de lo que tocaba. Intentad devolvernos la ilusión y, si no es demasiado pedir, la dignidad. Encontrad soluciones.
Igual me equivoco, pero me da en la nariz que así recuperaríais la confianza de muchas personas. Y entonces, ya se encargarían ellas de poner dique a la ola reaccionaria que amenaza con cargarse el bien común, la convivencia, mil derechos.
Pero si no os veis capaces, si lo vuestro no es el kintsugi, dejad de jugar con los añicos de la izquierda y pasad el testigo. ¿A qué, a quién? Ahí me pillaste: ni pajolera idea.",7139,"El texto critica la falta de coherencia y el autoritarismo percibido dentro de la izquierda, señalando contradicciones en temas como feminismo, inmigración y políticas sociales, y pide una reflexión honesta y un nuevo modelo socioeconómico. A la vez, denuncia la victimización y el discurso vacío que, según el autor, aleja a la izquierda de sus bases populares. Con un tono irónico y combativo, llama a la izquierda a dejar de actuar como ""facha"" y a recuperar valores de honestidad y organización.",provocador,"El artículo carece de una tesis clara y se dispersa en digresiones que dificultan seguir el hilo argumental. La estructura es caótica, con repeticiones y metáforas excesivas que entorpecen la comprensión. Además, recurre a clichés y a un lenguaje a veces incoherente, restando fuerza a los puntos que pretende defender.",5.5,6.0,"['Tono provocador que capta la atención del lector', 'Identificación de tensiones reales dentro de la izquierda (feminismo, vivienda, inmigración)', 'Uso de imágenes metafóricas que generan impacto visual']","['Definir y mantener una tesis central clara', 'Organizar el texto en párrafos coherentes con transiciones lógicas', 'Eliminar repeticiones y clichés, aportar ejemplos concretos y datos']",opinion_v5
La auténtica mascarada,2026-02-14T05:00:00+01:00,https://cronicavasca.elespanol.com/opinion/20260214/autentica-mascarada/1003742732476_12.html,"Qué válvula de escape tan eficaz es el Carnaval, ¿verdad? Piénsalo. Nos pasamos día sí, día también, fingiendo ser personas funcionales. Gente seria que paga impuestos, recicla el vidrio, le pone semillas chía a la ensalada, hace elíptica y se aguanta el bostezo en las reuniones por Zoom.","Qué válvula de escape tan eficaz es el Carnaval, ¿verdad? Piénsalo. Nos pasamos día sí, día también, fingiendo ser personas funcionales. Gente seria que paga impuestos, recicla el vidrio, le pone semillas chía a la ensalada, hace elíptica y se aguanta el bostezo en las reuniones por Zoom.
Así que cómo no disfrutar de esta cita con la lycra barata, el histrionismo y la fantasía. Al fin podemos quitarnos la careta de falsa cordura, esa que tapa la angustia de una vida demasiado parecida a un archivo Excel, salir a la calle y alehop: todos a una a dinamitar el sentido común, vestidos de superhéroe con triple michelín o pirata en busca de la mejor hipoteca variable.
Lo cual, paradójicamente, nos permite ser más nosotros mismos que nunca.
Fíjate en todos esos hombres que van de duros y triunfadores porque ganan 3.000 al mes y levantan ruedas de tractor dentro de un gimnasio. Todo el año sacando pecho y cuando llega este momento, tachán: se calzan tetas de goma, minifalda y peluca rubia platino. ¿Por burlarse de las mujeres? No tanto. Aunque lo nieguen es liberación, su coartada para abandonar el papel de macho alfa sin levantar sospechas y sentir la brisa en las pantorrillas. O algún fetiche cutre.

 Disfraz no es lo que llevas durante la Mascarada

Tengamos esto claro. Disfraz no es lo que llevas durante la Mascarada. Es el uniforme que te volverás a enfundar a primera hora del lunes.
Y cómo agobia, señora. Vaya si lo hace.
Suena el despertador y a sacar del armario el traje de autómata. Ese que permite en menos de media hora pasar por la ducha, engullir la tostada, vestir a los niños y repasar mentalmente la agenda del día mientras te convences de que tu rueda de hámster no está tan mal.
Llegas al curro y sigue la función. Te entregas a tus labores casi, casi, como si fueras a heredar la empresa. Con eficiencia, compromiso, esa pose de estar a tope que tanto cotiza y la dosis exacta de hipocresía para reírle los chistes al jefe mientras te imaginas grapando el informe de cuentas en sus testículos.

. Una gymkana que alcanza el delirio si eres madre

Y tras la jornada laboral, más de lo mismo. Sonrisa impostada y venga: euskera, gimnasio, extraescolares, lavadoras. Una gymkana que alcanza el delirio si eres madre. Porque ese papel incluye capa de Superwoman y, con ella, el más funesto de los poderes: volar de un sitio para otro rozando siempre el 1% de batería y que la familia no lo note.
Así funcionamos. A la carrera, cumpliendo con todo sin cuestionar nada, aparentando normalidad. No vaya a ser que se nos descosa el disfraz del estoicismo y el decorado se derrumbe.
Porque ese es el verdadero problema. No esta rutina tan exigente, que también, sino la máscara de invulnerabilidad que nos hemos colocado. Y que parece obligarnos a decir “todo bien” cuando estamos a un “hola, qué tal” de estallar en mil pedazos.
Vivimos bajo la tiranía de la resiliencia, esa palabra tan manoseada que el sistema usa para, donde antes se nos exigía sumisión, reclamar ahora fortaleza emocional. Si te despiden, si te rompen el corazón, si te cortan un brazo, agradece y aprende.
Se acabó el dolor sin moraleja. Solo hay oportunidades de crecimiento. Y, a ser posible, una frase inspiradora lista para subir a Instagram.
Qué propósito tan tramposo: manipular la propia condición humana para convencernos de que la fragilidad es una tara imperdonable y que nos sintamos fatal si no logramos maquillarla.



Ya vemos las consecuencias.
A cuánta gente le da vergüenza, pánico incluso, que los demás olfateen sus debilidades. Que le descubran las costuras. Que alguien tire del hilo y el atuendo de buen amigo, empleado intachable y progenitor realizado se venga abajo.
Basta ya.
Esta es mi propuesta. ¿Qué te parece si, tras el despendole del Carnaval, aprovechamos para quitarnos la careta? Al menos un ratito.
Imagina el escándalo. Admitir en la comida familiar que tu hijo el genio del violín está pasando una racha insoportable. Dejar de postear en Instagram viajes idílicos que en realidad fueron una sucesión de discusiones y diarreas. Poder decir un martes cualquiera “no puedo más” y mandar al niño al cole con la manualidad a medias.
Tal cual, sin disimulo ni bula papal, sin sentimiento de culpa ni banda sonora épica.

La vida es un Carnaval, por supuesto, y las penas se van cantando. Pero también llorando

No sé tú, pero yo estoy agotada de perseguir la excelencia cuando solo quiero tirarme al sofá y devorar una palmera de chocolate. Harta de vivir entre zombis especialistas en posturear en el trabajo, en el amor, en el ocio y en la vida misma. Hasta las narices de redes sociales rebosantes de alegría postiza y de una productividad imparable: esa pantomima digital que, en el fondo, no es más que la función que llevábamos décadas representando en el mundo real.
La vida es un Carnaval, por supuesto, y las penas se van cantando. Pero también llorando. Con kleenex, vermú de grifo y abrazos compartidos.
Además, si algo debería asustarnos no es que el emperador quede desnudo con este ejercicio de franqueza. Sería continuar aplaudiendo el puñetero disfraz.",5101,"El autor utiliza la metáfora del Carnaval para criticar las máscaras sociales que usamos en el día a día, desde el trabajo hasta la presión de la resiliencia. Propone que, una vez pasado el desfile, podamos dejar esas falsas apariencias y mostrarnos vulnerables. Señala la hipocresía de la cultura de la productividad y la auto‑exigencia.",satírico,"El texto carece de una tesis claramente formulada y se dispersa en digresiones que debilitan el argumento central. La organización es irregular, con repeticiones y transiciones bruscas que entorpecen la lectura. Además, aparecen errores gramaticales y frases confusas que restan claridad al discurso.",6.5,7.5,"['Metáforas vivas del Carnaval que ilustran la dualidad máscara/disfraz', 'Tono irónico y mordaz que mantiene el interés del lector', 'Conexión con situaciones cotidianas de trabajo y la cultura de la resiliencia']","['Tesis poco definida y conclusión débil', 'Estructura dispersa con repeticiones y saltos lógicos', 'Errores gramaticales y frases confusas que dificultan la fluidez']",opinion_v5
Lo que importa del 'caso Uclés',2026-01-31T05:00:00+01:00,https://cronicavasca.elespanol.com/opinion/20260131/importa-caso-ucles/1003742728116_12.html,"Qué será, será, eso que tiene David Uclés para estar en todas las salsas del columnismo patrio. Desde que el Nadal lo sacó a bailar, o quizá fueron otros un poco antes, se ha convertido en diana de mil debates y neuras: cada cual proyecta en él lo que quiere ver o necesita odiar. Ni el test de Rorscharch se atrevió a tanto.","Qué será, será, eso que tiene David Uclés para estar en todas las salsas del columnismo patrio. Desde que el Nadal lo sacó a bailar, o quizá fueron otros un poco antes, se ha convertido en diana de mil debates y neuras: cada cual proyecta en él lo que quiere ver o necesita odiar. Ni el test de Rorscharch se atrevió a tanto.
También apunto. Sorpresa, ninguna. Con la boina que parece que le cayó del cielo, paseándose entre canapés cual Wes Anderson versión rural y abrazado al relato doliente de una guerra que nunca vivió, el chaval tenía infinidad de papeletas para que le dieran como a piñata en un Dulces 16.
Ahí están los intelectuales de derechas. Dirán misa de la calidad literaria del jienense, pero que sean honestos. Lo que les irrita es lo que representa: la mezcla de modernidad líquida y memoria histórica de autor mártir, que sepa jugar a las máscaras igual que ellos y les sostenga la mirada con ojos de novillo a punto de pasar por el matadero.
Luego tenemos a la gente, de cualquier cuerda, con pundonor. Esa no usa la obra de excusa para ponerle verde porque todavía no se ha leído sus libros y la vida es demasiado corta para perder el tiempo haciendo trampas. Sin embargo, siente cierta incomodidad y le cuesta explicar la razón. ¿Serán prejuicios contra la intensidad woke? ¿O la condescendencia que provoca quien parece esforzarse tanto en encajar en las hechuras de una figura polarizable?
Ahí entro yo. No solo por estas cuitas, o quizá sí. Porque Uclés me despierta ternura con su mirada al pueblo y esa americana customizada de la Generación del 27. También admiración: dirán lo que les venga en gana, pero un premio como el de Ediciones Destino no lo logra cualquiera. Creo.
Y, a la vez, experimento una ligera y rarísima tirria que me alinea peligrosamente con esos señores marinados en Varón Dandy que tanta urticaria dan. Lo cual obliga a pensar. O a iniciar un proceso de deconstrucción, que aconsejaría el susodicho. Y eso siempre está bien.
El caso es que si escribo este artículo es por algo más: el plantón que el escritor de moda ha dado a las jornadas “Letras en Sevilla”, más su jolgorio posterior porque se hayan aplazado. Y no me anima un impulso personal. Respeto absoluto a sus convicciones, a su instinto de conservación o lo que sea. Ojalá mimando statement prospere y pueda al fin, si no sus lectores él, comprar piso.
Yo de lo que intento hablar es del trasfondo político tan delicado del asunto, ese argumento que él esgrimió pero repite la nueva izquierda como un mantra bendecido por Bluesky: que con el fascismo, o lo que cada uno decida etiquetar tal que así mientras apura el primer café de la mañana, no se dialoga.

. 

Para sostener el envite, sus defensores han tirado de hipérbole. Al parecer, sentarse en la misma mesa que Aznar y Espinosa de los Monteros es como poner a un judío, un nazi y un gitano a debatir en alegre comandita sobre la eficiencia de los hornos de Mauthausen.
Pues mira, no, eso como mucho da para chiste. Y te lo digo yo, que mi tío abuelo sobrevivió a semejante atrocidad y aún recuerdo cómo le escocía el número de exiliado y muerto en vida que llevó grabado en la piel sin el reconocimiento ni la ayuda de España.
Esos tipos, Aznar y Espinosa de los Monteros, decía, representan una ideología que a muchos nos puede parecer rancia, tóxica o directamente anticonstitucional. Pero aun así, elevarlos a la categoría de Hitler o reducirlos a expolíticos sin legitimidad en la materia con el único propósito de justificar la espantada es una pirueta retórica tan burda que sonroja por su infantilismo.
Y yo ya pasé de los cuarenta.
Por supuesto, no ha ayudado que el arquitecto de la velada fuera Arturo Pérez-Reverte. Mi otrora referente en el periodismo bélico se las sabe todas en latín y jerga de barra vieja. Si no, cómo es que salió a matizar con esa retranca militar suya que el título del evento, “La guerra que perdimos todos”, debía llevar interrogantes y la imprenta metió la diestra hasta el zancarrón.
Se ha demostrado que lo del signo de puntuación era mentira podrida. Pero aunque sí hubiera pasado, da igual. Evidentemente, el cebo siempre estuvo en la provocación del casting. Y eso ha de tenerse en cuenta. Por eso he matizado. Ahora bien, a mi juicio, el conflicto más profundo de esta polémica late en la negación del debate.
Me explico. La democracia, por desgracia, no es un salón de té donde solo entran caballeros y damas de reputación almidonada sosteniendo la copa con el meñique en alto. Se trata, simple y llanamente, de la herramienta que logramos inventar para no matarnos a palos. Está llena de defectos, casi tantos como los que tú y yo atesoramos. Y usarla tiene precio. En el Congreso se ve mucho: bajar al barro.

. Y toca hacerlo aunque el de enfrente huela a azufre. Aunque el árbitro parezca estar comprado. Porque la alternativa, con todos sus sapos, no es la pureza moral. Se llama derrota

Te guste o no, así es la vida en común cuando el mundo te coloca en el altar de la relevancia. Empuja a compartir diálogo con tipos que dicen “ni machismo, ni feminismo” y confían en privatizar hasta el aire que respiras. Conlleva aceptar que muchos te criticarán no por ética, sino porque son superhipócritas: les escuece que tu personaje haya conseguido el foco y el suyo siga en el borrador. Les revienta que tu disfraz venda más entradas. 
Exige, incluso, tener paciencia, inteligencia y estómago, todo a la vez. ¿Para qué? Para que des el paso y evidenciar ante ellos y audiencia por qué su postura es un retroceso civilizatorio y da más asco que tu pie el primer día de verano en sandalias.
Uclés, y hablo de él pero mañana será otro, cree haber protegido la democracia con su decisión de desistir. Más aún, considera una victoria la cancelación del evento. Y sus acólitos le hacen la ola. El problema es el tufo que deja al paso: a victimismo mal entendido, a buscar los titulares fáciles y likes que regala la silla vacía, a enfervorizar a la parroquia convencida en lugar de aceptar la oportunidad de un espacio donde te quieren pintar la cara. Y del que puedes salir con la camisa sucia pero la dignidad intacta, porque mucha gente necesita esperanza. De la buena.
La superioridad moral no la demuestras blindándote en un torreón de marfil revocado con barro para parecer genuino. La evidencias a través de la palabra: estando y diciendo. De lo contrario, creo, acabas sirviendo en bandeja de plata esterlina la conclusión que los otros soñaban: “La izquierda no tiene argumentos, solo miedo”.
Insisto. ¿Qué es la democracia si no, entre otras cosas, la gestión pacífica del disenso? De estar solo dispuestos a debatir con quien piensa como nosotros, o como mucho con quien discrepa en el color de las cortinas, nos condenaremos a la endogamia de un grupo de WhatsApp que silencias cuando te viene en gana.
Esta es la trampa del ""cordón sanitario"" intelectual. Acaba convirtiéndose en un gueto de lujo donde nos decimos lo guapos y listos que somos mientras fuera, en la calle, el discurso del odio avanza como la mancha del Prestige porque nadie se molesta en ponerle el dique de contención argumental que realmente merece. Y ese muro, aviso, no se construye llamando facha a todo obrero o aspirante a clase media que vote a Vox. 
No sé, tal vez esté equivocada y debamos dar la espalda a quienes no estén en nuestra cuerda. Mutis por el foro y a otra cosa. Pero déjame pensar, de momento, diferente a Uclés y su tribu.
Salvo que queramos volver a las andadas del 36, o que este auge reaccionario nos pase por encima y al fin tengamos ganas de quemar la Bastilla, la única escaramuza legítima hoy es la de las ideas.
Y para ganarla, por lamentable que suene, hay que presentarse en la mesa redonda, en el Pleno, en eso que a otros les gusta llamar ring pero no lo es. Y toca hacerlo aunque el de enfrente huela a azufre. Aunque el árbitro parezca estar comprado. Porque la alternativa, con todos sus sapos, no es la pureza moral. Se llama derrota. O peor: postureo.",7987,"El autor reflexiona sobre la polémica en torno a David Uclés y su postura ante la cancelación de un evento literario, criticando tanto la reacción de la izquierda como la falta de debate constructivo en la democracia.",provocador,"El texto carece de una tesis claramente delimitada y se pierde en divagaciones que diluyen el argumento central. La estructura es errática, con saltos temáticos que dificultan el seguimiento, y el uso excesivo de retórica florida y clichés empaña la claridad.",5.5,6.5,"['Imágenes y referencias culturales muy vivas', 'Tono crítico que incita al debate', 'Mezcla de humor y seriedad que aporta dinamismo']","['Tesis poco clara y dispersa', 'Organización desordenada con saltos temáticos', 'Exceso de retórica florida y clichés que entorpece la lectura']",opinion_v5
No seas gente de mierda,2026-01-24T05:00:00+01:00,https://cronicavasca.elespanol.com/opinion/20260124/no-gente-mierda/1003742726221_12.html,"Lloro. Con cada foto. A cada víctima mortal que se confirma. Casi como si hubiera compartido bocata en el recreo. O las conociera del barrio. Se me encoge ese espacio indeterminado entre el estómago y el corazón al pensar en sus familias. Y en la llamada que les partió la biografía en dos. Lo normal, supongo.","Lloro. Con cada foto. A cada víctima mortal que se confirma. Casi como si hubiera compartido bocata en el recreo. O las conociera del barrio. Se me encoge ese espacio indeterminado entre el estómago y el corazón al pensar en sus familias. Y en la llamada que les partió la biografía en dos. Lo normal, supongo.
Sufro porque soy sensiblona. Buena gente, quién sabe. La buena gente hace más cosas. Dona sangre, organiza la logística del consuelo, difunde información útil o, en un alarde revolucionario de decoro, se grapa la boca para no estorbar. Empatiza y actúa en consecuencia. Lo que nos debería exigir el código genético para ser algo más que materia orgánica.
Pero aquí llega la arcada. En mitad del drama en Adamuz, cuando intentas agarrarte a esa humanidad compartida como a clavo ardiendo, te das de bruces con la evidencia: la altura moral no viene de serie en todos los modelos. Quiero decir. Igual que hay gente buena, existe la gente de mierda.
No uso el término a modo de insulto gratuito, por desahogarme. Es categoría taxonómica. Y como la propia materia fecal, créeme, se presenta en muy variadas texturas. 

. No por sed de verdad, qué va. Por hambre de rapiña

La que se me hace más bola, esa que se atasca donde ya tú sabes y no baja ni con tres litros al día de agua, es la del buitre carroñero. O la hiena. Y que me perdonen los animales por la comparación porque a ellos les mueve el instinto, no la perversidad. Pero ahora mismo cuesta pensar otra mejor.
Me refiero a esos individuos que, apenas se desató el horror, antes de poder asimilar el golpe, con tantos viajeros desaparecidos, ya estaban salivando. No por sed de verdad, qué va. Por hambre de rapiña.
Inciso. Obviamente, la política lo atraviesa todo. Desde la esfera doméstica, ya sea dónde compras la barra de pan o cómo trasladas tu culo al trabajo, hasta la administración de lo común. Por tanto, exigir cuentas a quienes pilotan la nave y gestionan el andamiaje que sostiene nuestras vidas trasciende la condición de derecho. Es deber cívico. Una obligación sagrada, si te pones.
Ahora bien, existe un abismo ético, una fosa de las Marianas infranqueable para cualquier persona con alma en vez de una caja registradora de inquina en el pecho, entre reclamar justicia y politizar la tragedia. Lo primero busca reparar el daño. Lo segundo, rentabilizarlo. Pura necrofilia ideológica.
Antropológicamente, el fenómeno resulta digno de estudio clínico. Fascinante, si no diera ganas de vomitar. Mientras la buena gente busca pañuelos y respuestas, la gente de mierda de la que te hablo traza balísticas: su única inquietud es calcular el ángulo de tiro para que la desgracia impacte en la línea de flotación del adversario.
La compasión no existe. Los tipejos estos la han extirpado en una suerte de lobotomía voluntaria para convertir a heridos y muertos en munición de grueso calibre. Todo les vale con tal de hacer del sufrimiento ajeno una ventana de oportunidad desde la que escupir bilis, colocar su relato y ganar el frame. Antes, incluso, de que se seque la sangre.
Lo peor es que su vileza no predica en el desierto. Tienen altavoz. Tribu. Disponen de una caja de resonancia mediática que amplifica la infamia hasta ensordecer la verdad.
Da mucho asco, lo sé. Pero no te tapes la nariz aún. El pozo séptico es profundo. El catálogo de la inmundicia, diverso. Y hay que seguir. No por morbo, te lo aseguro. Es cuestión de higiene pública. Necesitamos identificar todos los tipos de gente de mierda para que no se nos peguen a la suela del zapato. O peor: para comprobar si nos hemos convertido en uno de ellos.

En realidad, los que quedan no gastan ni de lejos la misma ruindad. Son más lerdos que malos, más temerarios que depravados. . Que la mala leche te interrumpa el duelo. n realidad, los que quedan no gastan ni de lejos la misma ruindad. Son más lerdos que malos, más temerarios que depravados. Pero su capacidad para la impertinencia es tan patética, tan inoportuna, que logran lo imperdonable. Que la mala leche te interrumpa el duelo. Tener que secarte las lágrimas, no porque al fin se hayan agotado sino para poder mandarlos a paseo. 
Es el caso de los tolosa, esa fauna con una incontinencia opinativa patológica. Cuñados digitales y tertulianos de guardia a los que no les pidas montar una maqueta de tren, porque te mirarán como vacas al Alvia, pero de pronto tienen un doctorado en ingeniería ferroviaria por la Universidad de ChatGPT. Y se ponen a pontificar. Sobre balizas, frenos y sistemas ASFA, cuando hasta ayer no sabían distinguir una traviesa de un churro.
¿Qué mecanismo cerebral les impide pronunciar un honesto ""no lo sé""? ¿Tan atrevida es la ignorancia? ¿O será el pánico a la irrelevancia? El caso es que así acaban, difundiendo bulos y confusión por el placer de tener una frase en el guion de la catástrofe. Aunque sea mentira, aunque solo añada dolor al dolor.
Y sí, puede que algunos intenten actuar de buena fe. Pero poco importa. En la zona cero, la opinión desinformada no suma. Es desecho. Pura diarrea mental.
La bilis se me agolpa. Así que iré zanjando el inventario de la infamia con el residuo que flota: la caca que se niega a marchar por el desagüe de la discreción.
Hablo de los narcisos del drama. Esa panda de ombliguistas cuyo primer impulso neuronal ante una desgracia atroz no es la empatía, sino el yoismo. Los que tuitean ""ay, qué fuerte, yo cogí esa línea hace tres días"". ¿Y? ¿Tu ángel de la guarda reclamaba likes? ¿En serio crees que necesitábamos saber que te salvaste por pura estadística?
Ojo. Entiéndeme. Cuando el terror golpea lugares que son mapas de nuestra vida, a todos nos asalta el vértigo de la coincidencia. Yo misma he recorrido mil veces paseos que luego se tiñeron de sangre y lo he pensado: ""podría haberme ocurrido a mí"". La reacción es natural, un reflejo humano, el cerebro calibrando el miedo.
Sin embargo, existe un océano de pudor entre sentir ese escalofrío en la cocina con tu pareja y proclamarlo en redes sociales. Entre procesar el susto en la intimidad y compartir públicamente la foto de tu billete clase turista justo donde ahora hay escombros.
Ahí radica la miseria de estos personajes: necesitan coprotagonizar la fatalidad, actuando de figurantes con suerte al no haber mejor alternativa. Una exhibición casi tan pornográfica como el historial de navegación de un adolescente.

. . Y de cada individuo

Te lo juro. Lucho contra la náusea. Odio que la rabia me gane la partida. Intento apartar la vista del fango para fijarla en quienes realmente importan. Las víctimas y sus seres queridos. Los vecinos que corrieron a las vías con lo puesto para ayudar. Los bomberos que no han dormido. Los periodistas que persiguen la noticia con escrúpulo. En esa, quiero creer, mayoría que espera sin elucubrar, sin jugar a los detectives, que se pone en el lugar de quien perdió lo más importante.
Quizá yo también tenga mi porcentaje de mezquindad por haber gastado tantas palabras en describir la basura en lugar de ensalzar la decencia. A fin de cuentas, es en estos momentos de oscuridad cuando se mide la verdadera talla moral de una civilización. Y de cada individuo.
No sé, seguramente el imperativo es, o debería ser, muy sencillo. Exijamos toda la verdad, toda la responsabilidad y toda la justicia. Que rueden cabezas si hubo negligencia. Pero mientras llegan los datos, y los técnicos se afanan por buscarlos, tengámoslo claro. La única trinchera que nos separa de la barbarie se construye con tres antiguas virtudes: prudencia, piedad y respeto.
Qué tal si las volvemos a poner de moda, abrimos las ventanas y sacamos el olor a mierda.",7621,"El texto reflexiona sobre la reacción humana ante tragedias, denunciando a quienes explotan el dolor ajeno para beneficio propio y abogando por la responsabilidad y la virtud moral.",provocador,"El artículo carece de una estructura clara, saltando entre ideas sin transiciones y repitiendo conceptos, lo que dificulta seguir la línea argumental. Presenta numerosos errores de puntuación y redundancias que entorpecen la lectura. El tono excesivamente vulgar y la abundancia de metáforas forzadas a veces opacan la fuerza del mensaje.",6.5,7.0,"['Voz original y emotiva que capta la atención del lector', 'Uso eficaz de sarcasmo e ironía para criticar la hipocresía', 'Llamado moral contundente que invita a la reflexión', 'Metáforas visuales impactantes que refuerzan la denuncia']","['Organizar mejor las ideas y crear transiciones que guíen al lector', 'Eliminar repeticiones y pulir la redacción para mayor claridad', 'Moderar el lenguaje vulgar para no distraer del argumento central', 'Proveer ejemplos más concretos o datos que sustenten la crítica']",opinion_v5
¿Qué pasa si no te comes las lentejas?,2026-01-10T05:00:00+01:00,https://cronicavasca.elespanol.com/opinion/20260110/pasa-no-comes-lentejas/1003742722057_12.html,En política se puede tener la cara más dura que el turrón de Alicante y salir indemne. O con la pupa justa. Pero ojo si metes a todos los que cobran de ella en el mismo saco de la sinvergonzonería. Te caerá la del pulpo.,"En política se puede tener la cara más dura que el turrón de Alicante y salir indemne. O con la pupa justa. Pero ojo si metes a todos los que cobran de ella en el mismo saco de la sinvergonzonería. Te caerá la del pulpo.
Mira José Mota. De no ser porque lógicamente ya solo se habla de la maniobra imperialista yanqui contra Venezuela, todavía le estarían chirriando los oídos. Fue terminar su especial de Nochevieja y tenía sentencia. Culpable de perpetrar el más imperdonable de los delitos: dar alpiste a la desafección ciudadana.
Sí, de acuerdo. El discurso de ""todos son iguales"" es injusto por falso. Irreal por simplista. Un atajo intelectual más peligroso que hacer puenting con hilo dental porque alimenta la frustración, regala gasolina a la ultraderecha y deslegitima el valor del servicio público, que tanta falta hace. Y si encima te lo sirven en prime time, entre jijisjajas y langostinos, voilà: el mensaje entra solo, sin masticar.
Hasta ahí, compro la crítica de la progresía tuitera y tertuliana. Ni un milímetro más.
Porque esta gente ha hecho lo de siempre: aprovechar la polémica para desviar el tiro. Fustigar al humorista en lugar de hacernos mirar a quienes han provocado que cientos de miles de personas piensen exactamente lo mismo.

""Hasta ahí, compro la crítica de la progresía tuitera y tertuliana. Ni un milímetro más""

Seamos claros. Todos tenemos nuestra parcela de responsabilidad sobre lo que opinamos, hacemos o dejamos de hacer. Mota más, que dispone de altavoz pagado con nuestros impuestos. Pero hasta cierto límite. El perímetro ciudadano termina, exactamente, donde empieza el de quienes pilotan las instituciones.
Son ellos, no el sketch ni el amigo que ya no vota ni tu frutero que empieza a tener sueños húmedos con VOX, los que se están encargando de desprestigiarlas. A pulso, con el pico y pala de la corruptela, la ocultación, el conchaveo y las mentiras.
Yo llevo los valores de la izquierda incrustados en el chasis, entre El Capital y la cuenta de Amazon Prime. Sin embargo, me niego a comulgar con esa guardia de las virtudes democráticas que nos trata como a párvulos: o te comes las lentejas o, si las dejas, viene el coco fascista.
Basta ya de invertir la carga de la prueba mediante una falacia causa-efecto tan insultante. Tu náusea ante los titulares del partido que se dice obrero y ese impulso de borrarte del mapa electoral no son el motor del colapso. Solo defensa propia. La consecuencia lógica de sus actos. Una reacción de lo más natural ante un sistema que te mea y encima pretende convencerte de que es lluvia fina, sostenible y resiliente.
Afirmo esto asumiendo el riesgo de lapidación con croquetas congeladas de algún gastrobar de Malasaña. Porque, claro, es mucho más fácil matar al mensajero que enfrentar el diagnóstico real del hartazgo de buena parte de la población: la asimetría de la traición.

""""

Entiéndeme. Si eres un neoliberal de libro y los tuyos desguazan la sanidad para bajarte el IRPF y te vas al otro barrio esperando cita con oncología, chapeau. No te vas a llevar las manos a la cabeza, digo yo. Acatarás por pura coherencia con tu cinismo. En cambio, si militas en el bando de la justicia, si crees de verdad que nadie ha de ser más que nadie en la cola de la carnicería o en la del quirófano, en el sobre metes un contrato ético.
Por tanto, cuando los que se llenan la boca de decencia, feminismo y escudo social acaban comportándose como un comercial de preferentes, la traición es doble.
Inciso importante. La diestra recorta derechos por ideología. La izquierda adulterada los traiciona por codicia o supervivencia. Las causas no son equivalentes. Las consecuencias tampoco llegarán a ser iguales, obvio, pero las habrá. Ya se aprecian en el deterioro de la educación, la crisis de la vivienda o ese gustito impune por el clientelismo.
Por eso duele. Más. Porque la vileza es política y moral. Se te rompe algo por dentro que no arregla el Loctite ni la esperanza en que la próxima vez será distinto. Y entonces, ¿qué se supone que debes hacer?
Ahí, en ese momento de fragilidad, te sirven el plato frío: la trampa del mal menor. Te convierten en rehén de tu propio asco, empujándote a votar en contra del enemigo evidente ya que a favor de una convicción honesta es imposible. Un chantaje más fino que el de las cintas de Bárbara Rey.

""""

Lo cual me lleva a la siguiente unpopular opinion: aceptar semejante claudicación ante la mediocridad por miedo a que ganen los “otros” es la muerte lenta de la democracia.
Quiero decir. Te han intentando convencer de que ir a la urna con la pinza en la nariz siempre será mejor que entregarle las llaves del reino a la barbarie. Lo que pasa es que esa lógica encierra un error de cálculo terrible. Como lo hagas demasiadas veces, te acostumbrarás tanto al hedor que acabará pareciendo el aroma natural de las cosas.
Dejarás de exigir. Y ellos, de cumplir. Fallo total de la Matrix.
Ya, lo sé. Con la extrema derecha al acecho, no podemos permitirnos el lujo de la pureza ideológica. Hay mucho  en juego. Derechos reales, conquistas sociales, vidas concretas. El riesgo es tan innegable como la enésima subida en la factura del gas.
Y precisamente por eso, me parece repugnante que se siga empujando al votante desafecto a ejercer de bombero mientras los políticos contribuyen a prender el fuego. Si quieren que la gente vuelva a creer, que empiecen por ser creíbles.
Así que voy a por la última. Ampolla que levantar, me refiero. Quizá la desafección no sea lo peor. Tal vez podríamos hacer de ella la antesala para un auténtico cambio.
Me explico. Ahora mismo estamos en un estado comatoso donde la queja se diluye con tuits furiosos y poco más. ¿Pero y si la desconfianza, la rabia y la frustración pudieran ser, paradójicamente, el primer paso para mover el culo?
Sí, adivino lo que estás pensando. En teoría el 15M era eso y mira en qué quedó: spin-off, fractura, Gucci y Galapagar. Hirió y dejó en mucha gente la certeza de que la maquinaria institucional tiene una capacidad fagocitadora infinita. Bajona total.
No obstante, permite que le demos una vuelta a esto tú y yo. Al margen del ruido.

""No obstante, permite que le demos una vuelta a esto tú y yo. Al margen del ruido""

Tal vez el primer error fue pensar que el objetivo residía en asaltar el cielo del Congreso en lugar de seguir agitando el subsuelo de la sociedad. El segundo, olvidar que el 15M, pese a su decepcionante deriva institucional, sí transformó la conversación. Introdujo en la agenda asuntos que escuecen y nos hizo muchísimo más sensibles a la hipocresía política. Arrancó la venda.
Puede que por eso hoy vivamos tan desconfiados. Vimos que el rey estaba desnudo, cómo el sistema devoraba las buenas intenciones y convertía la indignación en marketing. Y llegó la conclusión paralizante: el muro es irrompible; intentar tumbarlo, perder el tiempo. Mejor ni pestañear.
Falso. Aunque apenas salgan en los telediarios, conozco movimientos funcionando como caballos de Troya. Cooperativas de consumo, asambleas de barrio, proyectos de vivienda colaborativa. Esa gente no hace la Revolución, así en mayúsculas, pero opera como un virus benigno. A poquitines, sin prisa ni pausa, inyectándose en el tejido de la sociedad para modificar su estructura celular desde dentro.
Ahí es donde detecto, llámame loca, el punto de inflexión. Esa es la desafección activa a la que me refiero. La que deja de esperar que Papá Estado o el libre mercado nos salven, y empieza a construir por sí misma. Creyendo en la utopía, por supuesto. No como una arcadia feliz, sino como tensión para enfrentar la desesperanza con acciones tangibles.
Y ojo. No digo que no votes. Hazlo siempre que te veas capaz. Pero si los escrúpulos te paralizan y la mano no obedece, no permitas que te señalen con el índice. O te acusen, ay qué pereza, de hacerle el juego a la fachosfera. El problema no eres tú. Lo es quien te puso en semejante brete.

""No sé, seguramente todo este tostón era para confesar algo muy tonto. ""

Ahora bien, tampoco te quedes en casa rumiando tu cabreo que te conozco. Sal. Organízate. Construye algo. Hazlo, aunque cueste, por puro egoísmo.
En algún momento ha de llegar la hora de elevar el listón desde la calle hasta que sientan el vértigo en el escaño. De ser el acicate que les obligue a dejar de pastorearnos para empezar a servirnos. Y convertirnos en su espejo más cruel: la prueba viviente de que la mezquindad ya no sale gratis, de que no obtendrán nuestra validación sin excelencia.
De lo contrario, si tu desafección se queda en el berrinche de sofá, solo habrás canjeado el chantaje de las urnas por la parálisis del hastío. Y ese destino es, créeme, bastante más triste que volver a rendirse ante el mal menor.
No sé, seguramente todo este tostón era para confesar algo muy tonto. Este 2026, prefiero pecar de idealista que ser una frustrada apuntalando viejas ruinas. Y que me quiten lo bailao.",8918,"El texto reflexiona sobre la desafección política, critica la falta de responsabilidad tanto de la izquierda como de la derecha y propone que la frustración ciudadana puede convertirse en impulso para la acción colectiva.",satírico,"El argumento salta entre ideas sin una secuencia lógica clara, recurre a clichés y metáforas forzadas que entorpecen la lectura, y la tesis central se diluye entre digresiones, lo que debilita la fuerza persuasiva del texto.",6.0,6.5,"['Uso de imágenes metafóricas llamativas', 'Tono provocador que busca despertar la reflexión']","['Necesita una tesis más concreta y visible', 'Mejorar la organización para evitar repeticiones y saltos ilógicos']",opinion_v5
"Año nuevo, vida vieja",2026-01-03T05:00:00+01:00,https://cronicavasca.elespanol.com/opinion/20260103/ano-nuevo-vida-vieja/1003742720396_12.html,"Si me estás leyendo, enhorabuena. Has desbloqueado el siguiente nivel: 2026. Sigues vivo y, quiero creer, perreando. Pero no cantes victoria. Aún.","Si me estás leyendo, enhorabuena. Has desbloqueado el siguiente nivel: 2026. Sigues vivo y, quiero creer, perreando. Pero no cantes victoria. Aún.
Ahora que se disipa la niebla de la indulgencia festiva, llega la resaca. La del cava, no. La otra. Esa presión sorda que se agarra a la nuca para recordarte el inicio de una nueva cuenta atrás. O adelante. Nunca tuve claro cómo corren las agujas del Universo.
En todo caso, inauguras calendario. Y solo por eso, toca volver a cargar con la penitencia de hace doce meses: revisar tus metas cumplidas, detectar las pendientes y reescribir tu lista de buenos propósitos. Lo que sea para, esta vez sí, convertirte en una versión de ti mismo más pulida, más eficiente, tan impecable que casi sea irreconocible.

. Si lo piensas un poco, cosa que no está de moda, te darás cuenta. Es el jingle perfecto del capitalismo tardío

Ya lo dice el eslogan: año nuevo, vida nueva. 
Te repiten la frasecita como un mantra inofensivo, casi con cariño, pero qué pereza da y cuánta perversidad esconde. Si lo piensas un poco, cosa que no está de moda, te darás cuenta. Es el jingle perfecto del capitalismo tardío.
Con los cantos de sirena de la renovación, te inoculan la idea de que lo que fuiste hasta el 31 de diciembre era todavía un borrador sucio. Una versión beta que urge sustituir porque está llena de bugs, ya sea ese inglés que solo fluye a partir del tercer gintonic o la manía de posponer el gimnasio. Y como te pillen con flojera, ahí caes, en la trampa.
Es lo que tiene vivir en la tiranía de la hipótesis. Un sistema malintencionado que te convence de que lo nuevo siempre es potencialmente mejor. De que si sigues estrenando, una dieta, pareja, trabajo, lo que sea todo lo que puedas, serás como Shakira. Más dura, más buena, más level. Más feliz.
Pues mira. No. Me planto. Frente al brillo cegador de la vida nueva, este año voy a hacer apología de la vieja.
Y no me refiero a la nostalgia reaccionaria de quienes creen que cualquier tiempo pasado fue mejor, porque ni en las ágoras griegas todo era debate socrático ni con Franco se vivía fetén.



Pienso en la resistencia sensata. En la urgencia de poner en valor todo eso que ya eres. En reivindicar la estructura que te sostiene, no a pesar de sus goteras, sino con ellas integradas en la fachada como heridas de guerra. Ese refugio que has levantado a base de tropiezos, madrugones, decepciones y risas, y que esta sociedad líquida amenaza de oficio, más aún cada enero, con declarar en ruina técnica para venderte un solar vacío llenito de posibilidades.
Inciso. No soy el 'Grinch' de los propósitos. Perfilar nuevos proyectos es signo de vitalidad. La ilusión, necesaria para levantarse los lunes. Pero una cosa es querer aprender a tocar la guitarra y otra comprar una guía de superación que solo da ansiedad. 
Estoy harta de los catálogos de objetivos que en realidad, bajo la piel de la sana ambición, funcionan como inventarios de nuestras supuestas taras. Hasta las narices de esta industria del descontento que subraya las carencias personales para empujarnos a una agotadora carrera de obstáculos hacia una perfección que no existe. Como si siempre nos faltara algo. Y jamás fuéramos suficiente.
Por eso, mi propuesta para 2026 es crear una lista de mantenimiento.
Piénsalo. En un mundo enfermo de reinvención y obsesionado con el crecimiento infinito, reparar en lo ya construido y cuidarlo es el acto más punk que puedas hacer.
Hablo de proteger, acariciar el lomo, custodiar con ahínco.
¿Por ejemplo? Esa amistad de hace veinte años que adivina el desbarajuste de tu mente antes de abrir la boca. La rutina humilde de leer un ratito antes de caer rendido. Las tres tardes de cardio a la semana, que no eliminan michelín pero cómo ayudan a desconectar de todo. La complicidad con esas dos personas llamadas padres a las que ahora también conoces como humanos. Tu pareja, que tal vez, solo tal vez, no se parece a Henry Cavill o Sydney Sweeney, pero te trae el café a la cama y soporta tus cambios de humor mejor que cualquier antidepresivo.

Se trata, en definitiva, de estabilidad. Pero al mercado no le gusta nada. Tu suficiencia es su ruina. Y así contraataca

La huerta, los domingos de vermú con la familia, el orden en los armarios. Tu paz.
Eso es patrimonio. Identidad. Y no necesita renovación. Ha de blindarse.
A fin de cuentas, tu vida vieja te conoce. Tiene la solidez de lo probado. Es la que te permite andar por casa sin encoger la tripa y te cobija cuando el mundo exterior se pone hostil. Esas zapatillas deformadas que no hacen ampollas. El plato de lentejas que te sale de memoria. La conciencia de clase, indemne al viento electoral.
Se trata, en definitiva, de estabilidad. Pero al mercado no le gusta nada. Tu suficiencia es su ruina. Y así contraataca. Te mantiene en la rueda de hámster tras una zanahoria llamada mañana, a tope de cortisol y soñando con una vida nueva que, si llega, tampoco será completa.
No sé, seguramente lo que quiero decir es: relaja. La versión 1.0 de ti mismo, con sus cicatrices, digestiones pesadas y esas rodillas que predicen las lluvias mejor que el telediario, ha llegado hasta aquí sorteándolo todo. Crisis financieras, pantalones de campana, procrastinación, ghosting y pandemias mundiales.
Y eso, amigo mío, tiene un mérito brutal que jamás de los jamases cabrá en ninguna impoluta lista de propósitos de año nuevo.",5389,"El texto reflexiona sobre la presión de los propósitos de Año Nuevo y critica la lógica del consumo que impulsa la reinvención constante. Propone, en cambio, valorar lo construido y mantener una ""lista de mantenimiento"" de los aspectos que ya funcionan. Con tono irónico, invita a aceptar la ""vida vieja"" como fuente de estabilidad.",irónico,"El artículo repite varias ideas y frases, lo que genera redundancia y ralentiza la lectura. La estructura es caótica; los párrafos saltan de un tema a otro sin transiciones claras, lo que dificulta seguir la tesis. La exposición de la tesis central llega tarde y queda algo difusa, y aparecen algunos errores gramaticales y de puntuación que restan pulido al texto.",6.5,7.0,"['Originalidad al proponer una ""lista de mantenimiento"" en vez de nuevos propósitos', 'Uso eficaz de metáforas y tono irónico que conecta con el lector', 'Ejemplos cotidianos que hacen la crítica más palpable']","['Repetición de frases y conceptos que genera redundancia', 'Estructura desordenada que dificulta el seguimiento del argumento', 'Tesis no se presenta de forma clara al inicio del artículo', 'Algunas incorrecciones gramaticales y de puntuación']",opinion_v5
#Obrerahastaquememuera,2025-12-20T05:00:00+01:00,https://cronicavasca.elespanol.com/opinion/20251220/obrerahastaquememuera/1003742717822_12.html,Lo confieso. Soy muy de quejarme del capitalismo salvaje y sus liturgias más irracionales. Pero aquí estoy. Haciendo scroll en tulotero.es para pillar in extremis el décimo de la cuadrilla.,"Lo confieso. Soy muy de quejarme del capitalismo salvaje y sus liturgias más irracionales. Pero aquí estoy. Haciendo scroll en tulotero.es para pillar in extremis el décimo de la cuadrilla.
Supongo que a la licenciatura en Periodismo sumé un máster en hipocresía sin darme mucha cuenta. Me paso el año dando la turra con las trampas del sistema y al final sucumbo a un peaje que es, por pura matemática, el impuesto de los tontos. Una estafa estadística diseñada por papá Estado para recaudar a costa de nuestra ilusión. O, mejor dicho, del desespero.
Yo lo sé. Tú también. Hasta el gato. Pero da igual. A estas alturas pesa más el miedo que la lógica. O que la propia tradición.
Por mucho que te repitas que es solo por compromiso con la gente del gimnasio, te escudes en la inercia folclórica o en esa cantinela de que ""es lo que hay en estas fechas"", lo sientes. Bajo tu coartada late algo visceral.
Hablo del pánico a ignorar el ritual, reservar los 20 euros o más para deseos tangibles y el Universo decida reírse en tu cara. Que suceda el milagro y acabes siendo el único pringado de la oficina contemplando seriamente la posibilidad de cortarse las venas con el filo de un Din A4 mientras tus compañeros se bañan en champán barato y queman sus tarjetas de fichar en una pira junto a la máquina de café.
Aunque deban volver a trabajar al día siguiente, claro.
Porque el Gordo es un eufemismo tramposo al que, no sé por qué, la izquierda woke todavía no ha metido mano. Fofisano y gracias.
El caso es que lo haces. Pasas por el aro. Y no solo por terror. También por la gasolina que mueve las relaciones sociales en este país: la envidia preventiva. Esa póliza de seguros a todo riesgo que contratas contra la dicha ajena. Un diezmo emocional destinado exclusivamente a evitar que el prójimo se eleve sobre tu propia miseria.
Pagas por empatar, no por ganar.
O sea, sueltas el dinero como quien compra protección a la mafia del destino para que, si toca, no seas el único desgraciado que se queda en tierra mirando cómo zarpa el crucero. Y si la suerte pasa de largo, al menos te hundes en el mismo barco varado.
Y luego hay otra motivación. Más profunda. Una grieta que escuece reconocer. Y que a mi parecer explica, más allá de la ceremonia navideña, la siniestra proliferación de casas de apuestas online o esos locales sin ventanas que parasitan nuestros barrios.
Mucha gente juega porque está agotada, desesperada, sin rumbo. Tal cual. Porque la vida se ha puesto tan cuesta arriba y frenética, con la nómina tiesa y la ansiedad como estado civil, que el azar se erige en su única salida de emergencia visible.
Es el botón rojo, el eject, de la nave espacial. Y lo pulsa para fantasear, aunque sea un ratito, con el acto subversivo definitivo: poder mandar al mundo a la mierda y convertirse en el rey del mambo, el amo de su destino, el capitán de su alma.
Por supuesto, lo habitual es que el cohete nunca despegue, la vida siga igual de gris y el despertador suene a la misma hora intempestiva.
En fin, volviendo al principio de este artículo, que me pierdo, quizá lo que más me fastidia de todo es la coreografía predecible de la derrota. El preciso instante en que el bombo calla, se confirma otro año sin oler ni el reintegro y el personal corre a abrazarse al premio de consolación. Me refiero a la frasecita que repetimos como un mantra anestésico para sentirnos mejor y descartar la idea de inmolarnos con el aceite hirviendo de las croquetas: ""El dinero no da la felicidad"".
Ja.
Desconozco si esta especie de aforismo barato lo patentó un rico con alergia a las revueltas o un pobre con una capacidad para el autoengaño digna de estudio clínico. Pero tiene delito.
Quien suscriba tal barbaridad, permíteme que te diga, nunca ha tenido que elegir entre encender la calefacción o comer pescado fresco. Ni ha experimentado el frío en la nuca al ver la cuenta el día 20.
O mira, lo voy a explicar de otra forma. El dinero no compra la felicidad, vale. No en abstracto. Pero sí cosas que se parecen sospechosamente: tiempo, calma, dignidad.
Proporciona la libertad de mandar al explotador de tu jefe a paseo sin que tiemblen las canillas, con la tranquilidad de poder estar un tiempo en el paro. Paga la terapia cuando la vida te atropella en lugar de tener que llorarle a la almohada, que es muy blandita pero no orienta. Es la diferencia entre que te vea mañana el oncólogo de la privada o que, para cuando llamen de la pública, estés criando malvas.
Y si es así para el curro o la salud, lo mismo con el amor. Cultivar la paciencia y mantener la pasión tiene su aquél cuando tu pareja y tú os pasáis el día con la calculadora porque no da para cambiar la lavadora, ni para la ortodoncia de la niña. Y encima, vuestras vacaciones más románticas son en la piscina municipal pegando la espalda al chorro de la boquilla de impulsión a ver si así sentís que estáis de spa.
Dicho esto, tampoco seré tan cínica de negar la mayor. El auténtico Gordo ya nos tocó. Al menos a mí, hace casi 45 años. Cuando nací aquí, en estas precisas coordenadas.
Sí. Es lamentable matarse a trabajar para que el mayor logro sea llenar las cuatro baldas del frigo, mientras el de arriba viaja en yate y moja el churro aunque sea más feo que el trasero de un mandril. Pero incluso con este percal, nos sentaron en la mesa VIP del gran casino mundial.
Demasiado cerca del baño para mi gusto, pero VIP.
Y ese privilegio conlleva una gran responsabilidad, creo: dejar de esperar que la solución caiga del cielo, o de una tolva dorada, y empezar a buscarla dentro. Moviendo el culo por lo que es justo, por ejemplo. O buscando un propósito que no engorda la cartera, pero sí el espíritu y provoca el bien.
No sé, seguramente me estoy preparando el discurso para que, cuando llegue el 22, pueda aceptar por enésima vez y con deportividad mi más que evidente condena: ser #obrerahastaquememuera.",5879,"El texto critica la costumbre de apostar al “Gordo” como símbolo de la desesperación bajo el capitalismo, señalando que el dinero no compra la felicidad pero sí permite ciertos recursos; reflexiona sobre la envidia preventiva y la búsqueda de sentido en una sociedad desigual.",satírico,"El artículo presenta una estructura dispersa con numerosos saltos temáticos que dificultan seguir la línea argumental; la tesis central se diluye entre digresiones y clichés, lo que debilita la claridad del mensaje; además, recurre a repeticiones y a un lenguaje excesivamente coloquial que a veces entorpece la fuerza persuasiva.",6.5,8.0,"['Metáforas visuales y lenguaje coloquial que capturan la frustración del lector', 'Combinación eficaz de crítica social con humor negro', 'Originalidad al relacionar el juego de la lotería con la envidia preventiva y la búsqueda de sentido', 'Conexión emocional mediante ejemplos cotidianos y anécdotas personales']","['Estructura dispersa y saltos temáticos que dificultan el seguimiento', 'Tesis no siempre explícita, se pierde entre digresiones', 'Repetición de ideas y uso de clichés que debilitan la argumentación', 'Ausencia de datos o referencias que respalden las afirmaciones']",opinion_v5
"De puente a puente, porque te lleva la corriente",2025-12-06T05:00:00+01:00,https://cronicavasca.elespanol.com/opinion/20251206/puente-lleva-corriente/1003742713959_12.html,"Hay una ironía grotesca, casi pornográfica, en vivir el Día de la Constitución justo así.","Hay una ironía grotesca, casi pornográfica, en vivir el Día de la Constitución justo así.
No librando. Me refiero a este cuadro costumbrista. El sueldo, más tieso que los palitos de merluza. La cesta de la compra, desnortada. Los sindicatos españoles, chocando los cinco con Pedro Sánchez. Garamendi en modo victimista porque calvario el que sufren los pobres empresarios si tienen que concederte cuatro días para enterrar y llorar a mamá.
Y tú pagando el metro cuadrado de un piso de extrarradio a precio de caviar iraní mientras se demora otra semana, y ya van diez, la resonancia magnética que era preferente en los sueños húmedos del traumatólogo.
Vale. Callo. No voy a amargarte el café con política de barra de bar. Hoy, a poco que te sonría el trabajo y su convenio, tienes fiesta. Y es principio de puente, lo cual significa que llevas semanas visualizando estos días con la banda sonora de alguna película Disney.
También te has imaginado siendo esa versión que la rutina secuestra de lunes a viernes: un humano lleno de humildes, pero hermosos anhelos que evitarán que vuelvas al tajo con una metralleta cargada de turrón duro y el índice en el gatillo.
Lo tienes claro. En este oasis de diciembre, vas a empezar la nueva entrega del Capitán Alatriste y ordenar los jerséis por gama cromática. A comer besugo en Getaria mirando al mar con languidez nórdica y practicar el coito sin reloj. O mejor, te tocarás los pinreles porque el cuerpo pide dolce far niente a gritos.
Eso esperas. Pero, como sucede con AliExpress, lo que encargas no es siempre lo que llega a casa.
Piénsalo. . Has desplegado el sofá y la manta de cachemira, compraste las entradas para el cine o reservaste en el nuevo restaurante georgiano. Lo que sea que día a día te es imposible porque, obvio, la prioridad de tu vida nunca eres tú. Y ocurre.

En cuántas ocasiones un paréntesis de estos se convierte en regalo envenenado

Te asaltan tres compromisos familiares. Un encargo de último minuto que no puede esperar. O, mucho más patético, ese virus que parece gripe, pero es somatización pura y dura. Y te tumba.
No me digas que esto último no lo has padecido. Tu cuerpo, tan sabio como traicionero, detecta que has soltado el remo y se cobra todas las facturas de golpe. Así que ahí te quedas, con tu pijama de franela naufragando en el delirio de la fiebre, mientras preguntas con el lagrimal dilatado ""por qué"".
En el fondo, conoces la respuesta. Andas hasta la glotis de cortisol, con el cuerpo aguantando por mero automatismo. Igualito que un coche que baja la cuesta en punto muerto. Por eso, cuando echas el freno de mano, el motor peta. Más veces de las deseadas. Y aunque no tiene nada de extraordinario, muestras sorpresa. Incluso te indignas.
No solo eso. Encima volverás a dejarte arrastrar. Quiero decir. Confiarás en que el siguiente paréntesis, esta vez sí, funcionará como una lavadora mágica que blanquea tus ojeras y centrifuga las miserias cotidianas.
Es la gran estafa de la expectativa guionizada por Don Capitalismo. ara arrollarte con la sutileza de un camión de la basura.
A mí, lo de que se trunque la agenda me pasa dos de cada tres. Pero todavía pueden ocurrir cosas peores. Perversas para cualquier persona a la que el sistema exprime como un limón de oferta. Hablo del autoboicot del domingo por la tarde.
Fíjate bien. Técnicamente, el puente sigue vivo y coleando. Queda mañana, lunes y festivo. La fantasía erótica de cualquier proletario venido a menos o más. Pero da igual. Tu cerebro, que es un esquirol, ya ha escrito The end. Y ahí estás, a las seis en punto, escudriñando la oscuridad temprana del invierno con ese nudo en el estómago que solo puede provocar un tupper de sobras y el pensamiento en el despertador del martes.

Un espejismo que te empuja a creerte aristócrata de tu propio tiempo, mientras la realidad de clase media aspiracional acecha

¿Por qué te haces esto? ¿Con qué propósito sufrir la vuelta a la rutina antes de hora? ¿A qué viene empezar a responder correos en tu cabeza y enrocarte en la montaña de trabajo pendiente?
Mi opinión. No sabemos habitar el presente. Somos incapaces de estar en el aquí. O no nos han querido enseñar. O hicimos oídos sordos. O se llenaron de cera con tanto ruido. El caso es que la vida transcurre esperando la promesa y desesperando antes de que caiga el último grano de arena. A tope de estrés por lo que mucho que queremos hacer y, cuando al fin nos conceden una libertad condicional transitoria, por lo poco que queda para volver a la carga.
Y así acabas, masoca de ti, desperdiciando las últimas 24 horas en un bucle de amargura por un futuro que, spoiler, puede que llegue o nunca lo haga.
No sé, seguramente podría haber dedicado esta columna a destripar el papel mojado de la Carta Magna. Pero para eso están los analistas sesudos y lo mío son asuntos de andar por casa. Todos esos que se resumen con un tristísimo ""ahí vamos, tirando"".
Además, que no te engañen. Ir remolcándote de fecha en fecha entre zozobras y lamentos dice más del estado de la nación que el mejor discurso de Rufián.

No sabemos habitar el presente. Somos incapaces de estar en el aquí. O no nos han querido enseñar. O hicimos oídos sordos

La vivienda, el empleo, la sanidad, la educación y demás son pilares constitucionales. Solemnes, sí. Fundamentales para sostener eso que llamamos dignidad y construir una sociedad que no se caiga a pedazos. Sin embargo, poquito vamos a cambiar si la ley que ahora mismo nos gobierna es la del agotamiento a golpe de ansiolítico y autoengaño.
Hablo de esa norma no escrita que obliga a reptar con la lengua fuera, confundiendo la supervivencia con la existencia y agradeciendo las migajas de tiempo ocioso como si fueran un favor. No lo es. Ni te lo están haciendo. Ni tendrás la oportunidad de saborearlas, de continuar aceptando que la ansiedad es el peaje obligatorio del placer.
Por desgracia, me temo que por ahora no hay recurso de amparo. Así que, ante este vacío legal y la incapacidad manifiesta para pasar de la rebelión del sillón a la revolución en la calle, propongo ejercer la soberanía de lo pequeño.
¿Por ejemplo? Apagar el móvil el lunes al mediodía, que aún hay margen. Memorizar el tacto de esa mano que te sostiene cuando la noche angustia, como si tuvieras la eternidad por delante. Embelesarte en el siguiente amanecer. Dejar de posponer la llamada a tu hermana. Beber muy lentamente la cerveza, aunque se caliente un poco.
O sacar el juego de la oca. Lo que sea con tal de romper, un rato, al menos, esa inercia maldita de ir de puente a puente porque te lleva la corriente.",6590,"El texto reflexiona sobre la frustración que genera el puente festivo cuando la rutina y las imposiciones del capitalismo impiden disfrutarlo plenamente, y critica la incapacidad colectiva de vivir el presente. Se centra en la expectativa engañosa de tiempo libre y la presión constante de trabajo y consumo. Concluye proponiendo pequeñas acciones para recuperar la autonomía personal.",satírico,"El artículo carece de una tesis claramente articulada y se pierde en digresiones y metáforas excesivas que dificultan la comprensión. La estructura es caótica, con repeticiones y saltos lógicos que debilitan la fuerza argumentativa. Además, la ausencia de ejemplos concretos o datos sustenta poco la crítica social que pretende plantear.",5.5,6.0,"['Uso abundante y creativo de metáforas que crea una atmósfera única', 'Tono provocador y cercano que busca conectar con la experiencia cotidiana del lector', 'Capacidad de combinar crítica social con situaciones personales para generar identificación']","['Definir y presentar una tesis más clara y estructurada', 'Reducir las digresiones y metáforas que entorpecen la lectura', 'Evitar la repetición de ideas sin profundizar en argumentos concretos', 'Incluir ejemplos o evidencias que respalden la crítica al sistema']",opinion_v5
La rebelión de las hormigas,2025-11-22T05:00:00+01:00,https://cronicavasca.elespanol.com/opinion/20251122/rebelion-hormigas/1003742709593_12.html,"El otro día cenando, no sé por qué, puse la tele. No Netflix, la tele. Canal público, para más señas. En primer plano, un señor especialista en finanzas según el rótulo, en amargura, diría yo, alertaba sobre el enemigo más feroz de nuestra economía doméstica.","El otro día cenando, no sé por qué, puse la tele. No Netflix, la tele. Canal público, para más señas. En primer plano, un señor especialista en finanzas según el rótulo, en amargura, diría yo, alertaba sobre el enemigo más feroz de nuestra economía doméstica.
¿La inflación del aceite? Qué va. ¿Los intereses de la hipoteca? Tampoco. Ni las derramas de la comunidad, ni el cambio de ruedas del coche. Eres tú. Y tu manía de tomar un cortado a media mañana.
O sea, los gastos hormiga. Así los llamó para referirse al dinerillo que desembolsas rutinariamente en fruslerías sin darte mucha cuenta de lo que al parecer te suponen: los chicles de menta que siempre llevas en el bolso, la caña con dardos tras el curro, el Spotify Premium para que no te salte un anuncio de seguros justo cuando suena tu canción triste favorita, la suscripción a esa plataforma que solo usas para ver The Office en bucle, el croissant destinado a salvarte de una hipoglucemia emocional en días laborales…
Ni idea de cuáles son los tuyos. Pero algunos tienes, seguro. Por tanto, voy a contar qué dijo el tipo al respecto ante la mirada cómplice del resto de tertulianos. Creo que puede interesarte, especialmente si eres de los que, como yo, cuando se va de vacaciones, en caso de hacerlo, tira de bocatas de chorizo y ni así llega con holgura a fin de mes.



Control, control y más control. Eso es lo que propuso. Reducirlos todo lo que puedas, pasar la tijera, exterminar el que más a capricho suene. Sin miedo, ni pena, con la férrea certeza de que es justo esa tontería la que está boicoteando tu ahorro, la que hace que se te descuadre la vida y quieras cortarte las venas con el cuaderno de colorear de tu hija pequeña.
En realidad lo expuso con términos técnicos y envolventes, pero grosso modo fue así. Y se quedó más ancho que largo, como si acabara de descubrir la cura milagrosa de la precariedad.
Yo me enfadé. Recordé por qué ya apenas veo la tele y me enfadé. El truco del almendruco es evidente, de una hipocresía galopante: nos señalan con el dedo corazón a las hormigas para que no miremos los elefantes.
Me refiero a todo eso que nos aplasta, pero el experto en finanzas y en dar consejos que nadie le ha pedido olvidó mencionar. ¿Por ejemplo? Una cesta de la compra el doble de cara que hace cuatro años, alquileres que se comen más de la mitad del sueldo y te obligan a compartir piso como si fueras un universitario de Erasmus pero ya sin cuerpo para fiestas… o los salarios, claro, congelados desde que accedí al turbio mercado laboral.
Aquí seguimos, esperando milagros. Que el Gobierno vasco tenga a bien adaptar el SMI a nuestra realidad económica. Que los sindicatos se acuerden de para qué sirven. Que alguien tenga la decencia de admitir que no es la guerra en Ucrania lo que ha disparado hasta el precio de las servilletas de papel. Y de paso, que Pedro Sánchez se deje de reír en nuestra cara cada vez que dice que España va como un tiro.
Es mucho más fácil, y también perverso, hacerte sentir culpable por gastar religiosamente 1,50 euros al día en un café.
Tampoco me sorprende, la verdad. El neoliberalismo se dedica a esto: convertir un problema estructural de narices en una tara de tu carácter, vendiéndote la moto de que el éxito depende solo de ti para que asumas que el fracaso también.

. 

Así, la solución únicamente puede ser individual. Apáñatelas y conviértete en el contable de tu propia miseria, que si no llegas a fin de mes no es porque el sistema sea una trituradora. La culpa es tuya, don manirroto que vive por encima de sus posibilidades por el revolucionario capricho de querer respirar tranquilo diez minutos.
Una estafa perfecta, amigo: culpar a la víctima de que las cuentas no salen.
A mí, por suerte, ya no me la dan. Y espero que a ti tampoco. Lo obsceno no es mi bolsa de pipas Facundo por la noche, ni el vermú de los domingos al sol. Lo es papá Capitalismo convenciéndonos de que nuestras angustias existen por todos esos pequeños deleites antes que por su avaricia estructural. Proponiéndonos una existencia de austeridad monacal para poder pagar, con suerte y en 30 años, un cuarto sin ascensor. Sugiriéndonos que para vivir haya que dejar de hacerlo.
Reducir los gastos hormiga nunca te sacará de pobre, pero tenerlos ayuda a ser un poquito más feliz. Yo los considero una inversión en salud mental, la mejor manera de mantenerte cuerdo en esta rueda de hámster.
Piénsalo. Qué sería de ti sin el ratito de Roiboos y charla que te recuerda que no estás solo con tus penurias. Sin la risa tonta al entrar al cine que desabrocha el nudo del estómago. Sin esa pausa, del tipo que sea, que te permite por unos eurillos no mandar al mundo entero a la mierda antes de acabar el día.
No sé, seguramente quiero decir que tengo un humilde hormiguero de placeres minúsculos, estoy orgullosa de él y lo voy a mantener vivo. Mientras no arreglen lo de la vivienda, los sueldos, la dignidad en general, desde luego. Y después, si alguna vez todo marcha, también.",4991,"El texto critica la obsesión de los expertos en finanzas por reducir los llamados ""gastos hormiga"" y la usa como pretexto para desviar la atención de problemas estructurales como la vivienda, los salarios y la inflación. Al mismo tiempo reconoce que esos pequeños placeres pueden ser una inversión en salud mental.",crítico,"El artículo sufre de una estructura desorganizada que salta entre anécdotas y argumentos sin una transición clara, lo que dificulta seguir la lógica del discurso. Además, recurre a varios clichés y exageraciones que debilitan la fuerza persuasiva de la crítica.",7.0,7.5,"['Uso eficaz de la ironía y el sarcasmo para subrayar la contradicción entre discurso individualista y problemas estructurales', 'Ejemplos cotidianos muy visuales que hacen tangible la noción de ""gastos hormiga""', 'Voz personal que conecta emocionalmente con el lector']","['Organizar mejor los párrafos para que la tesis y los argumentos fluyan de forma más lineal', 'Reducir la dependencia de frases hechas y clichés que restan originalidad', 'Afinar la conclusión para que cierre la pieza con mayor contundencia y no se disperse']",opinion_v5
La madre del cordero,2025-11-08T05:00:00+01:00,https://cronicavasca.elespanol.com/opinion/20251108/madre-cordero/1003742705648_12.html,"Mira que he visto perfiles jugosos en LinkedIn, pero el de Zohran Mamdani me tiene loca. Musulmán, 34 añitos, mezcla de indio y ugandés, familia intelectual, socialista confeso y, desde hace cuatro días, alcalde de la capital del capitalismo. Con el 50,4% de los votos, además. Para qué ganar por la mínima, si puedes dejar a Andrew Cuomo mascando el polvo de Queens y a Curtis Sliwa ladrando al buzón.","Mira que he visto perfiles jugosos en LinkedIn, pero el de Zohran Mamdani me tiene loca. Musulmán, 34 añitos, mezcla de indio y ugandés, familia intelectual, socialista confeso y, desde hace cuatro días, alcalde de la capital del capitalismo. Con el 50,4% de los votos, además. Para qué ganar por la mínima, si puedes dejar a Andrew Cuomo mascando el polvo de Queens y a Curtis Sliwa ladrando al buzón.
Era el momento y tenía que ser él. Un unicornio al que todavía no le han salido las canas, con el instinto político a la velocidad del 5G, el carisma de un influencer, la educación de un burgués, toque racial y mucha conciencia de clase.
Sus promesas han sido melodía celestial para una generación harta de pagar 3.000 dólares por un cuartucho con vistas al ladrillo del vecino. Quién no va a querer, con la que está cayendo, que le congelen el alquiler, viajar gratis en autobús, el salario mínimo a 30 dólares la hora, guardería universal y supermercados públicos.
Y cómo no confiar, si te lo cuenta con sonrisa honesta, en cuatro idiomas y a golpe de reel. Si más de 100.000 voluntarios, ahí es nada, han estado aporreando puertas por él. Si AOC, Bernie Sanders y el United Auto Workers han dicho ah-min.
Ahora bien. Una cosa es brindar por lo que en otro momento habría parecido un capítulo de 'Black Mirror' o la secuela americana de Airbag. Y otra, muy distinta, la alegría desnortada de la izquierda woke.

La campaña fue impecable. El relato inspira. 

Que lo vendan de outsider, cuando ha nacido con biblioteca en casa y una agenda llena de contactos, da un poquito de vergüenza. Pero eso a mí me da igual. La campaña fue impecable. El relato inspira. Hacía falta menos liturgia identitaria y más vuelta a las necesidades materiales. La cuestión es que gobernar no es viralizarse, sino apagar notificaciones y pelear derechos con señores que coleccionan algo mucho más aplastante que seguidores: poder.
Mamdani sabía que como reclamara una barra de pan no recibiría ni las migas, así que ha ido a por todas. Punto para él. Lo que no me hace gracia es que quienes festejan su desembarco obvien intencionadamente la despiadada complejidad del terreno. Albany manda en muchas cosas: vivienda, salario e impuestos. Y el transporte público depende de la MTA, una entidad estatal con más deuda que el peor jugador del Monopoly.
Es decir, hacen falta pactos con autoridades que ya están torciendo el morro y una agilidad burocrática inexistente. Tela.
Puede que todo esto te importe poco: al fin y al cabo, Nueva York está a más de 6.000 kilómetros. Pero viene a cuento. Con la victoria de Mamdani, aquí también nos jugamos algo muy importante. Otra vez. Me refiero a la confianza en que un sistema más justo es posible. O quizá sea terquedad, porque entre el PSOE arrastrando la ese y la o, las espantajerías de Podemos, el spin-off nacido para restar y el marketing de Bildu, como para seguir creyendo.

La derecha. 

Yo ya me quemé la mano izquierda en demasiadas estufas. Por eso, aunque celebre lo de Zohran, me puede más cierta sospecha vieja.Esta es mi teoría, y cada día la de más gente. Detrás del triunfo demócrata no hay solo indignación y esperanza. Está la derecha. O sea, el sistema. Un conglomerado de intereses dispuesto a abrir las puertas a un socialista que en el fondo considera domesticable para dejarle hacer un rato y, después, ponerlo en evidencia.
Piénsalo. Ahora mismo la vieja guardia parece haber entrado en brote. ¡Nueva York ha caído! ¡El comunismo llegó a Manhattan! ¡Qué va a ser de los judíos! Pero esto es performance. Drama lama ding dong. La clave está en esperar. El tiempo suficiente para que el rebelde con causa choque contra el muro, negocie, ceda, se modere y, más pronto que tarde, acabe fagocitado.
O salga de allí por patas.
Cuando una de estas dos opciones llegue, cosa probable porque el chiringuito está montado para que los buenos huyan o se vuelvan malos, empezará la perorata: “¿Veis lo que pasa cuando dejáis que uno de estos gobierne? Caos, déficit, promesas rotas”. Ignorarán que el tablero estaba trucado desde el principio. Gritarán con las manos en la cabeza “socialismo”, cuando en realidad el fracaso será consecuencia del capitalismo blindándose.
Ahí está la madre del cordero. Meter al borreguito osado en la cueva de lobos de Wall Street, degollarlo y que sirva de escarmiento. No para que nadie vuelva a intentarlo, porque siempre habrá alguien dispuesto. Me refiero a que cada vez será más difícil convencer al personal de que mereció la pena volver a soñar.

 Ya me la metieron doblada allá por el 15-M. O será que estoy mayor para los mundos posmodernos de Yupi

No sé, seguramente me he puesto muy negativa. Pero qué le voy a hacer. Ya me la metieron doblada allá por el 15-M. O será que estoy mayor para los mundos posmodernos de Yupi.
Y aun así, quiero pensar que algo podrá rascarse. Un centímetro, al menos, de dignidad material.
Además, hay poesía en que alguien en Manhattan se llame a sí mismo “socialista” sin tartamudear mientras los acólitos de Trump entran en brote. Y sobre todo, hay decencia en todas esas personas que decidieron depositar su tiempo y su fe en Mamdani sin pedir nada a cambio, salvo una cosa: que todo cambie.
La lección suena a “olvídate, es imposible”. Pero, al menos por un tiempito más, voy a seguir repitiéndome que la fuerza continúa abajo. Nos toca a nosotros, como ciudadanía, empujar para conquistar mejoras. Exigir menos branding y más política aburrida, menos cortinas de humo y más medidas de las que llenan neveras.
Y pringarnos, comprometernos. No vaya a ser que nos vuelvan a vender gato por tuit y todavía tengamos el cuajo de indignarnos. O peor, de sorprendernos.",5683,"El texto celebra la sorpresiva victoria de Zohran Mamdani, joven alcalde socialista de Nueva York, y a la vez advierte sobre la complejidad de gobernar en un entorno dominado por el poder económico. Alterna entusiasmo por la posibilidad de cambio con una visión escéptica sobre las limitaciones estructurales y la posible cooptación de la izquierda.",satírico,"Carece de una tesis explícita y de una estructura lógica clara; el argumento salta entre anécdotas, sarcasmo y digresiones sin una secuencia ordenada. Repite frases (por ejemplo, ""La campaña fue impecable"") y utiliza un tono excesivamente coloquial que a veces enturbia la fuerza del mensaje. Además, no aporta datos concretos ni ejemplos verificables que respalden sus afirmaciones, lo que debilita la credibilidad de la crítica.",6.5,7.0,"['Voz única y estilo satírico que captura la atención', 'Uso creativo de referencias culturales y metáforas (Black Mirror, Monopoly)', 'Combina humor mordaz con reflexión política sobre el poder y la izquierda']","['Tesis poco definida y conclusión difusa', 'Repetición de ideas y frases que entorpecen la fluidez', 'Ausencia de datos concretos o ejemplos específicos que sustenten los argumentos']",opinion_v5
La hora del cambio,2025-10-25T05:00:00+02:00,https://cronicavasca.elespanol.com/opinion/20251025/hora-cambio/1003742700970_12.html,"En otra vida fui clorofila. Creo, porque mi relación con la luz roza lo patológico. Necesito despertar con ella y lamerla al salir del trabajo, aunque sea de refilón. Si sucede, soy. Cuando no, sobrevivo. Por eso, cada vez que llega el cambio de hora y por ende el dichoso debate sobre su eliminación, sufro una pereza cósmica nivel lunes de octubre a las siete de la mañana.","En otra vida fui clorofila. Creo, porque mi relación con la luz roza lo patológico. Necesito despertar con ella y lamerla al salir del trabajo, aunque sea de refilón. Si sucede, soy. Cuando no, sobrevivo. Por eso, cada vez que llega el cambio de hora y por ende el dichoso debate sobre su eliminación, sufro una pereza cósmica nivel lunes de octubre a las siete de la mañana.
No es solo el vaivén de biorritmos. Hay algo que me sienta peor: perder el tiempo en conversaciones ridículas. Y ahí está el quid de mi lamento. ¿Qué sentido tiene dar vueltas y revueltas al dislate franquista, la posición de los meridianos o qué huso le encaja bien al cuerpo, mientras seguimos anclados a jornadas dignas de una fábrica del XIX?
Te respondo. Lo mismo que discutir el color de los botes salvavidas del Titanic.
El reloj de la Puerta del Sol podrá marcar UTC+1 para siempre, dar un pasito atrás o alternarse. Da igual. Continuarás perdiendo calidad de vida si no cambia lo importante. Me refiero al hueso que, al parecer, nadie desea roer: currar bajo los parámetros horarios de 1919 en pleno 2025.
Disponemos de tecnologías, conocimiento y evidencias para organizarnos con bastante más atino. Sabemos medir la productividad, teletrabajar, coordinar equipos a distancia, automatizar, optimizar procesos y esas cosas que llenan los powerpoints de Recursos Humanos.
Pero no hay forma de romper la inercia, ya ves tú. . Nadie termina de atreverse a meter mano. Quizá porque cuesta reconocer que el problema es, vaya por Dios, el capitalismo.

Seguimos arrastrando la jornada de ocho horas como quien se hizo un tatuaje a los veintitantos y olvidó repasarlo

Apuntar en esa dirección tiene más riesgo que disfrazarse de comunista para un congreso de Donald Trump y disparar a la oreja. Tampoco creo que haya muchas ganas, porque implicaría una transformación profunda para la que solo está preparado el papel donde se imprimió la Agenda 2030. 
, confundiendo presencia, con compromiso y horas con resultados. Todo un deber patriótico el de calentar silla para luego salir pitando cual pollos descabezados a aprovechar el bonus track.
Ahora bien, lo más delirante no es eso. Es seguir imponiendo la jornada partida. Llámame exagerada y lo volveré a gritar: a estas alturas ni un Estatuto de los Trabajadores redactado por Charles Dickens incluiría la genialidad ibérica del parón al mediodía.
Evidentemente, hay servicios que lo requieren pero, en general, olvídate. Ese paréntesis de dos o tres horas ya no sirve más que para sostener el menú de los polígonos y disparar la venta de lexatines.
Te levantas antes del alba, comes a las dos, sales a las siete, supermercado, gimnasio, cerveza, extraescolares, muerte, destrucción, para cuando terminas de cenar son las diez y como andes enganchado a una serie la remataste. Un país mediterráneo funcionando cual vampiro energético.

Y así estamos, hablando mucho de derechos, salud mental y descanso, mientras seguimos entregados de sol a sol al dogma de la productividad como virtud y del estrés como medalla

Hace tiempo que Europa, buena parte, al menos, entendió que trabajar así no es trabajar mejor. A las cinco, puerta. Turnos, los que hagan falta. Y mañana será otro día. Aquí, en cambio, con lo disfrutones que somos, todavía organizamos el calendario como si desconectar fuera necesidad secundaria y dormir a pierna suelta un privilegio. Incomprensible.
Nunca te lo perdonaré, Pedro Sánchez. Este no era el momento para debatir sobre el cambio de hora. Era para hacerlo sobre la hora del cambio.
El juego de palabras es de Junts, maldita sea. Pero me viene al dedo como a los políticos el guante blanco. Mantener el huso de invierno, o sucumbir a la idea ingenua de que renta más el estival, no servirá de nada si seguimos como hasta ahora: dentro de la rueda de hámster, confundiendo desconexión con poner una mesa de ping-pong en la oficina y flexibilidad con responder emails a las once de la noche.
. Despertaremos en la misma oscuridad. 
Para vivir mejor habría que currar menos. Y de una tacada. Ya lo he dicho. Pero también conciliar de verdad. No solo tú con tu horario y la luz. Todo. Las tiendas, el médico, el banco, el colegio, la administración.

Mientras el debate sea lo que dicta la aguja corta y no cuánto tiempo robamos a la vida, qué importa si amanece a las siete o a las ocho

Claro que por dónde empezar. Nos han acostumbrado a enfrentar la búsqueda de equilibrio entre trabajo, tiempo familiar y desarrollo personal como un asunto privado. Es problema tuyo si el pediatra atiende cuando estás en la oficina, Correos cierra antes que tu jefe y el turno escolar está diseñado por alguien que no tiene hijos o los odia. Ahí te las compongas, en medio del caos y al borde de una neurosis, para resolver la ecuación. 
Al final, pasa lo que pasa. Las ciudades respiran a un ritmo y la gente a otro, a través de una coreografía torpe y desincronizada que noche tras noche acaba fatal: con el prime time a la hora en que medio continente está durmiendo, la cocina aún sin recoger y hasta las narices de fluorescentes.
No sé, seguramente quiero decir que tienes todo el derecho del mundo a cometer la estupidez de debatir un año más con tu cuñado sobre el cambio de hora. Pero el dilema no está en atrasar o adelantar el reloj. Es que ya vamos tarde para lo urgente: la implantación de un sistema laboral basado en la racionalidad, la eficiencia, la confianza y, qué escándalo, el bienestar de la gente.

Ya vamos tarde para lo urgente: la implantación de un sistema laboral basado en la racionalidad, la eficiencia, la confianza y, qué escándalo, el bienestar de la gente

Por supuesto, esto conlleva un cambio drástico de modelo. También lo mencioné antes. De cultura, de prioridades, de sentido común. Hablo de aceptar que no todo puede crecer hasta la eternidad, que habrá que producir menos, consumir con cabeza, medir el progreso por el propósito y no por el brillo 24 horas de los ordenadores. Igual el domingo no compras, pero respiras. Quizá el PIB se resienta, pero tú no.
O sea, un proyecto colectivo capaz de devolvernos el tiempo. Ese fulgor deslumbrante que jamás cotizará en bolsa y qué más da, si lo sostiene todo. Estoy loquísima.",6206,"El artículo critica el debate superficial sobre el cambio de hora, usando esta discusión como excusa para cuestionar la estructura laboral obsoleta heredada del siglo XIX, la jornada de 8 horas y la falta de conciliación real en España. La autora propone una reflexión más profunda sobre el modelo productivo, el capitalismo y el bienestar, acusando a la sociedad de priorizar la productividad sobre la calidad de vida, con ironía y sátira como recursos principales.",satírico,"El artículo cae en la redundancia al repetir ideas clave (ejemplo: 'currar bajo parámetros de 1919' y 'la jornada de ocho horas como tatuaje') sin aportar desarrollo nuevo. La crítica al capitalismo es un tópico poco profundizado, y la ironía, aunque efectiva en momentos puntuales (como el juego de palabras con 'Pedro Sánchez'), se vuelve predecible. Además, la estructura es desigual: hay párrafos brillantes (el análisis de la jornada partida o la desincronización social) y otros que se pierden en generalidades sin ejemplos concretos que refuercen la tesis. La falta de un cierre contundente debilita el impacto final, dejando la reflexión sobre el modelo laboral en el aire sin propuestas claras de acción.",7.0,7.0,"[""Uso efectivo de la sátira y la ironía para desmontar tópicos (ejemplo: comparar el cambio de hora con el debate sobre los botes del Titanic o la jornada partida como 'genialidad ibérica')."", 'Análisis certero de la desincronización social y laboral, destacando la contradicción entre retórica sobre bienestar y prácticas anacrónicas (ejemplo: horarios de servicios públicos vs. vida real).', 'Tesis clara y bien planteada: el debate sobre el cambio de hora es un distractor de problemas estructurales más profundos, como la jornada laboral y el modelo productivo.', ""Recursos retóricos originales que humanizan el texto, como la metáfora de la 'rueda de hámster' o la comparación con el 'tatuaje' de la jornada de 8 horas.""]","['Evitar la repetición de ideas sin variar el enfoque: ejemplos como la jornada de 8 horas o el capitalismo podrían desarrollarse con casos específicos o datos contrastados (aunque el texto no exige rigor académico, sí coherencia en el tono).', ""Profundizar en propuestas concretas más allá de la crítica. La autora menciona 'currar menos' y 'conciliar de verdad', pero no explica cómo lograrlo sin sonar utópico o desconnectado de la realidad política/económica actual."", 'Refinar el ritmo en algunos párrafos para evitar saltos bruscos entre lo personal (ejemplo: la obsesión por la luz) y lo colectivo (el sistema laboral), que pueden debilitar la cohesión del texto.', ""Cierre menos abierto: la reflexión final sobre el 'fulgor deslumbrante' que 'nunca cotizará en bolsa' es poética, pero no cierra el círculo argumental. Un último párrafo contundente (ejemplo: una frase impactante o una llamada a la acción simbólica) reforzaría el impacto.""]",opinion_v4
Magufos en prime time,2025-10-11T05:00:00+02:00,https://cronicavasca.elespanol.com/opinion/20251011/magufos-prime-time/1003742696660_12.html,"Marcos Llorente es futbolista. También, un maestro liendre. Como tantos otros que de todo hablan, de nada entienden y además presumen de especialidad: doctorado en conspiración. Esta semana han sido las estelas en el cielo. La próxima volverá a pasar con las vacunas o la forma de la Tierra. Ya te digo yo que sí.","Marcos Llorente es futbolista. También, un maestro liendre. Como tantos otros que de todo hablan, de nada entienden y además presumen de especialidad: doctorado en conspiración. Esta semana han sido las estelas en el cielo. La próxima volverá a pasar con las vacunas o la forma de la Tierra. Ya te digo yo que sí.
Por bochornosas circunstancias de la vida, una cita Tinder, un cuñado no elegido, cosas así, me ha tocado tratar con personas que cuestionan objetividades sin otro fundamento que la desconfianza ni más base que la estulticia. Y siempre llego a la misma reflexión.
Hay que estar loco para creer que todo lo que nos dicen es verdad, pero muchísimo más para pensar que todo lo que nos enseñan es mentira. Especialmente cuando se trata de algo por lo que antes mandaban a la hoguera a gente muy lista: la ciencia.

. .

Lo peor es que no son ocurrencias aisladas, la típica tontería que dibuja el lapicero menos afilado del estuche y aquí paz y después gloria. El pensamiento mágico está en pleno auge. Y ahí reside el verdadero misterio. No en qué son esas huellas de los aviones y por qué ahora ves muchas. Eso te lo puede aclarar un catedrático, el profesor de Primaria de tu hijo o ChatGPT con dibujos como si tuvieras seis años. De hecho, lo han repetido 500.000 veces.
La gran pregunta es por qué una parte cada vez más notable de la sociedad antepone la explicación fantasiosa a la demostrada. Y por qué sucede justo ahora, cuando tantas facilidades hay para acceder al conocimiento.
Se me ocurren varias razones. La primera, vivimos en un caldo de cultivo perfecto para la suspicacia. Creo no exagerar si digo que las altas instituciones, todas, son obscenamente permeables a intereses económicos y de poder. Más ocasiones de las deseables han demostrado su doble cara. Y cuando la situación lo ha requerido nos han mentido, por detrás o a los ojos.
Nadamos en un río revuelto de dudas, beneficios particulares y embustes. Lo cual, claro está, puede hacernos sentir pezqueñines. Ahí es cuando sale al campo la teoría de la conspiración, ofreciendo un salvavidas más tentador que la isla esa de la tele.
Piénsalo. El siglo XXI es complejo, caótico, injusto, a menudo incomprensible. Un virus paraliza el planeta, el clima se desboca, la geopolítica cayó en la marmita de Panorámix. Lo que ayer servía, hoy ya no. Los cambios son profundos, sistémicos. Qué ansiedad. Por tanto, ¿por qué no pensar que todo responde a un plan orquestado por una élite malvada?

Hablemos de las redes sociales. . 

La magufada resulta compleja en apariencia, gracias a ese laberinto de pruebas construido con ahínco para sonar convincente aun sin llevar a ninguna parte. Pero también, en su premisa central, es de lo más simple. Muy reconfortante. Con ingredientes de sobra para triunfar cuando no se alcanzan los dos dedos de frente.
Proporciona un enemigo claro, como en los cuentos infantiles pero adaptado a adultos con problemitas. Construye un relato que da igual si no se sostiene, suficiente que exista. Confunde la sospecha obsesiva con el espíritu crítico, sin parar. Y regala sensación de poder: ser parte de esa gente despierta que desveló el engaño, una ilusión de lo más seductora para quienes quieren ir de tiburón aunque no pasan de sardinilla.
Sin altavoz, el movimiento conspiranoico podría haber quedado en fenómeno residual. Probablemente. Pero plataformas digitales y medios de comunicación parecen estar encantados echando gasolina a la hoguera del cretinismo.
Hablemos de las redes sociales. Deberían de haber democratizado el conocimiento y, sin embargo, han industrializado la desinformación. Es lo que tiene diseñar algoritmos para infravalorar la verdad y premiar la interacción, a sabiendas del poder embaucador del miedo, la indignación y el morbo de un secreto revelado.
Al final, se crean cámaras de eco donde mucha gente pequeña desde lugares pequeños ya no cambia las cosas, como decía Galeano Q.E.P.D. Las retuerce.
Desgraciadamente, teles, radios y periódicos, herramientas a las que presuponía un poquito de cordura, se han sumado a la infoxicación. La lucha por el clic resulta cada vez más agónica. La deontología, especie en extinción.
Por tanto, lo que antes era impensable ahora se practica con normalidad: micros abiertos en prime time para sacar rédito de peña que no tiene ni conocimiento, ni sentido común, ni vergüenza. Tratando la ignorancia como un punto de vista más, provocando confusión en lugar de sembrar certezas, creando debates insultantes donde especialistas con décadas de estudios y monos de feria que no terminaron la EGB confrontan al mismo nivel. Obviando, por supuesto, una máxima irrefutable. Cuando alimentas a un imbécil, corres el riesgo de convertirte en uno.
Es como los circos antiguos paseando a la mujer barbuda, solo que con efectos secundarios bastante más nocivos.
Otros dirán misa, pero me parece del todo imprudente dar pábulo a quien no solo desconoce por qué llueve (ay, Rajoy), sino también defiende una teoría alternativa a la condensación del vapor de agua. Irresponsable y peligroso, añado.
Cuando das cancha al delirio y legitimas el pensamiento irracional, dinamitas bases elementales de cualquier sociedad funcional: la confianza en el saber experto, el principio de autoridad, la distinción entre opinión y hecho y, por supuesto, el sentido del ridículo.
Para el centrocampista del Atlético de Madrid “no es normal” la estela de un avión y todavía sigue esperando a que alguien se lo razone mientras no sea la demostración científica. Sin embargo, que un amigo encontrara el anillo que su esposa perdió por la calle le parece cero sospechoso. Y como a él, a otras muchas criaturillas.
No sé, seguramente quiero decir que el juego dejó de tener gracia hace tiempo. Va siendo hora de recuperar la ética, pitar el final del partido y mandar a estos personajes al desván de la irrelevancia del que nunca debieron salir.
Eso o investigar si, quizá, son robots fabricados por una especie alienígena para boicotearnos desde dentro. Puestos a especular, tal vez la pedorreta que suelta Llorente al final de cada frase es la memoria RAM petando. Y no, como di por hecho, un tic tonto.",6159,"El artículo critica la proliferación de teorías conspirativas y la desinformación en medios de comunicación, especialmente en prime time, vinculando su expansión a la desconfianza institucional, el diseño algorítmico de redes sociales y la falta de rigor en la prensa tradicional. Usa ejemplos como el futbolista Marcos Llorente para ilustrar la irracionalidad y el peligro de legitimar el pensamiento mágico en espacios públicos, destacando cómo esto erosionan la confianza en la ciencia y el sentido común colectivo.",provocador,"El artículo cae en una repetición excesiva de ideas clave ('antepone la explicación fantasiosa a la demostrada', 'el pensamiento mágico está en pleno auge'), lo que resta frescura y fuerza a su crítica. Además, el tono a veces se vuelve demasiado combativo y satírico sin un equilibrio claro entre denuncia y matices, especialmente al generalizar sobre 'la sociedad' o 'los medios' sin ejemplos concretos más allá de casos anecdóticos. También hay un uso poco sutil de comparaciones (como la del 'circos antiguo') que pueden sonar exageradas o poco elegantes en un texto de opinión serio.",7.0,7.5,"['La tesis es clara y bien planteada: la crítica a la desinformación y la legitimación de teorías conspirativas en espacios mediáticos, con un enfoque directo y sin rodeos.', ""El uso de ejemplos cotidianos (como el futbolista Llorente o la referencia a 'ChatGPT con dibujos para niños') humaniza el tema y lo hace accesible, reforzando la conexión emocional con el lector."", 'El análisis de las redes sociales y su papel en la industrialización de la desinformación es pertinente y bien desarrollado, destacando cómo los algoritmos priorizan la interacción sobre la verdad.', ""El cierre del artículo, con su tono irónico y provocador ('investigar si son robots alienígenas'), refuerza la tesis y deja una imagen memorable en el lector.""]","[""Evitar la repetición de frases o ideas clave (ejemplo: la repetición de la pregunta sobre 'por qué anteponen lo fantasioso a lo demostrado'). Esto debilita el impacto del texto."", 'Incluir ejemplos más variados y menos dependientes de anécdotas personales (como la cita Tinder o el cuñado) para dar mayor solidez a las afirmaciones sobre la sociedad en general.', ""Modular el tono satírico en algunos pasajes para evitar que la crítica parezca más personal que analítica, especialmente en comparaciones como la del 'circos antiguo' o la referencia a la 'pedorreta' de Llorente."", 'Profundizar en propuestas concretas para contrarrestar el fenómeno, más allá de la denuncia. Por ejemplo, cómo podrían los medios recuperar la ética o qué roles podrían asumir las plataformas digitales para frenar la desinformación.']",opinion_v4
Arrolladas para salvar el relato,2025-10-04T05:00:00+02:00,https://cronicavasca.elespanol.com/opinion/20251004/arrolladas-salvar-relato/1003742694121_12.html,"Supongo que conoces el dilema del tranvía. Una unidad se desboca y está a punto de arrollar a cinco personas amarradas a los raíles. La buena noticia es que las puedes salvar accionando una palanca que desvía su dirección. La chunga, que en el otro camino hay un individuo también sujeto. Así que has de elegir: sacrificar a ese tipo si lo crees mal menor o hacerte el loco y dejar que el destino siga su curso.","Supongo que conoces el dilema del tranvía. Una unidad se desboca y está a punto de arrollar a cinco personas amarradas a los raíles. La buena noticia es que las puedes salvar accionando una palanca que desvía su dirección. La chunga, que en el otro camino hay un individuo también sujeto. Así que has de elegir: sacrificar a ese tipo si lo crees mal menor o hacerte el loco y dejar que el destino siga su curso.
A mí, de sopetón, me costaría decidir. Además, no se me da bien ir de Salomón por la vida. Pero tengo clarísimo cómo reaccionarían demasiados representantes públicos si sustituimos tranvía por políticas de igualdad fallidas, la palanca por estrategia de partido, en un carril ponemos mujeres en peligro y en el otro su relato.
Efectivamente: se protegerían el culo, aunque así arrasaran el último atisbo de ética que les pudiera quedar.
Y no lo doy por hecho por tener línea directa con el Oráculo de Delfos. Ojalá. Es que llevan tiempo enseñando la patita. Me refiero a los que se dicen progresistas. De los otros, para qué hablar.
El caso es que primero cierran filas, luego hacen malabares semánticos, piden el comodín del público y, en algún momento de la performance, recurren al chivo expiatorio de turno. 
Así es como el circo político resuelve las encrucijadas morales. Posponer, silenciar, maquillar, victimizarse, culpar a terceros. Ajustarse la corbata y soltar un “¿he sido yo?” con bastante más desvergüenza que Steve Urkel. Lo cual, hablando de violencia machista y gente que se compromete a combatirla contra viento y marea, suena atroz. 



Mira el desastre de las pulseras telemáticas, ese gadget que prometía ser muro y acabó reducido a bisutería tecnológica. En su defensa han dicho algunas cosas, explicado a medias otras tantas y callado ni sé. Excusas y silencios que huelen a estiércol de Aliexprés para relativizar las consecuencias del cambio de proveedor, los GPS que bailaban, las alertas que no llegaban. Hasta el borrado de datos históricos. 
También nos han regalado una lección de positividad que ni Victor Küppers en su día más inspirado. Tranquila, chica, el desastre no fue determinante en ninguno de los feminicidios perpetrados en ese periodo. Además, las aguas volvieron a su cauce. A día de hoy hay unos 4.500 dispositivos activos y todos funcionan fetén. 
Eso destacan, como si hubiera que dar las gracias. Y no. Es un consuelo inútil. Primero, porque a duras penas cose la brecha de confianza y seguridad abierta. Segundo, porque no puedes esperarte algo así de fuerzas que despliegan orgullosas la pancarta morada y dejarlo pasar. No hay forma fácil de absolver de semejante escándalo a un ministerio liderado por mujeres que aún después se siguen proclamando las número uno del feminismo, nuestras supuestas aliadas. 
La llama amiga quema doble, sí. 
Y aun con todo, no sorprende. Hace bastante que ya no. Lo hemos visto con las tramas de corrupción y lucecitas de carretera en la familia socialista. Los derechos de las mujeres se defienden mientras no salte un lío y salpique el traje, la falda o al ex de Shakira. Y si ocurre, control de daños. Cortafuegos discursivo, algún conejo saliendo de la chistera para desviar los humos, como la propuesta de la abolición de la prostitución o de la ley de violencia vicaria, y a seguir. 

. O puede que directamente les chupe un pie

Por cierto. Qué me dices del campamento de Bernedo. Las instituciones sabían que algo turbio podía estar cociéndose. Tenían, de hecho, varias denuncias. Incluida la de una presunta víctima de agresiones sexuales en el pasado a la que el sistema ya había fallado una vez. ¿Y? Hubo udaleku otro verano. 
Que no se investigara antes es cuestionable. Pero hay algo más en este caso que me altera la flora intestinal: todas esas activistas abertzales, de izquierdas y defensoras del colectivo LGTBIQ+ que han saltado como un resorte de feria para proteger a los monitores. 
¿La falta de consentimiento? ¿La minoría de edad? ¿La asimetría de poder? Cuando los suyos están en la diana, caramba: el #yosítecreo, la protección de las niñas, ese tipo de cosas, parece que ya no son lo primero. O puede que directamente les chupe un pie. 
Lo que está pasando es euskerafobia y transfobia, afirman. Por tanto, si dudas o discrepas, a la hoguera que vas. La de los fachas, los misóginos y las terfas, que es como desacreditan a las feministas de toda la vida, las tradicionales o como quieras llamarlas, por defender que el sexo es una realidad biológica y reclamar espacios segregados seguros. 

La filia ideológica es así. o ya no pongo la mano en el fuego por casi nadie. Ni idea de si todo ha sido una trama urdida contra la teoría queer, y si en el fondo esos ciento y pico padres que han firmado a favor de la organización del campamento por tratar los cuerpos de sus hijos e hijas como “espacios políticos” tienen más razón que un santo.
Pero me pregunto qué opinarían en caso de que una menor cualquiera asegurara que fue obligada a ducharse con sacerdotes, todos en cueros. Bueno, en realidad no me planteo ese interrogante. Sé que la apoyarían.
Sin embargo, la filia ideológica es así. Tan poderosa que empuja a sus militantes, a veces más comprometidos que los de arriba porque se juegan alto tan íntimo como la fortaleza que da compartir pensamiento, a difíciles ejercicios de contorsión mental.
Y mientras, ahí está la ultraderecha viendo qué pesca del río revuelto. Capitalizando sin decencia ni sonrojo cada fallo y contradicción, la fragmentación dentro de la izquierda, confundiendo al personal con simplificaciones nivel parvulitos. Lo que haga falta para neutralizar avances y empujarnos de vuelta a ese ideal de tradwife que tantos sueños húmedos le provoca. Eso también es triste. Y peligroso. Muchísimo. Porque el truco de trilero está funcionando.
Ahora el problema no es que ellos agredan, es que ellas vayan a comisaría. El 72% de los chicos afirma temer una acusación injusta. Y cada vez más gente rechaza la objetividad de los números: que ocho de cada diez sentencias sean condenatorias, que la tasa de denuncias falsas no alcance ni el 0,01%. Mejor creer en conspiraciones feminazis, claro. Y que salga VOX por donde quiera.
No sé, seguramente quiero decir que más valdría ir haciendo autocrítica. Enfrentarse a la disyuntiva y asumir que un argumento defectuoso, una política ineficaz o una defensa hipócrita causarán más daño a medio plazo que la admisión honesta del error. Y enmendarlo. Haciendo bloque todo lo que se pueda.
Eso, o renunciar al dilema, reconocer que el relato propio manda, arrancar la palanca y tracatrá.",6575,"El artículo critica la hipocresía y doble moral de sectores progresistas y feministas en España, especialmente en políticas públicas fallidas como las pulseras telemáticas para víctimas de violencia machista, así como su manejo de casos como el campamento de Bernedo, donde priorizan intereses ideológicos sobre derechos fundamentales como el consentimiento y la protección de menores. También denuncia cómo la ultraderecha capitaliza estas contradicciones para debilitar avances sociales, instando a una autocrítica honesta y coherencia en la defensa de causas.",provocador,"El texto cae en generalizaciones peligrosas al asociar automáticamente a *todas* las feministas o progresistas con hipocresía, sin matices ni ejemplos concretos que distingan entre casos individuales y estructuras sistémicas. La comparación con el dilema del tranvía, aunque impactante, se usa como metáfora forzada para justificar una crítica superficial sobre 'el relato', sin profundizar en soluciones o análisis de contexto. Además, el tono a veces cruza la línea entre lo satírico y lo ad hominem, especialmente al mencionar a 'activistas abertzales' o al usar expresiones como 'la hoguera que vas', lo que puede restar credibilidad al mensaje. Por último, la repetición obsesiva de la idea de que 'el relato manda' debilita la originalidad del argumento, convirtiéndolo en un lugar común de la crítica política actual.",7.0,6.0,"['Uso efectivo de metáforas provocadoras (como el tranvía o el dilema moral) para captar la atención y generar reflexión, aunque su aplicación sea discutible.', 'Crítica ácida y bien dirigida a la hipocresía institucional en temas como las pulseras telemáticas, donde se exponen contradicciones claras con datos concretos (ej.: fallos técnicos o excusas políticas).', ""Ironía y sarcasmo bien dosificados en pasajes como la mención a Steve Urkel o la referencia a 'conejos de la chistera', que refuerzan el tono combativo sin caer en lo grotesco."", 'Inclusión de casos específicos (como el campamento de Bernedo o la ley de violencia vicaria) que dan cuerpo a la tesis, evitando el vacío de una crítica genérica.']","['Evitar generalizaciones sobre colectivos enteros (feministas, progresistas) sin matices: la crítica se diluye al asociar a *todas* con intereses ideológicos sobre derechos reales. Ejemplos puntuales de excepciones o matices reforzarían el rigor.', 'Profundizar en alternativas o soluciones más allá de la autocrítica genérica. El artículo se queda en la denuncia sin proponer cómo romper el ciclo de hipocresía o qué políticas *sí* podrían funcionar.', ""Modular el tono ad hominem en pasajes como la acusación de 'euskerafobia' o 'transfobia' hacia activistas. La sátira debe servir a la argumentación, no debilitarla con etiquetas polarizantes que deslegitiman a posibles aliados."", ""Revisar la repetición de ideas (ej.: la frase 'cuando los suyos están en la diana' aparece tres veces con variaciones mínimas). La economía de recursos retóricos es clave en columnas de opinión para mantener el ritmo sin cansancio.""]",opinion_v4
La rendición más cringe,2025-09-06T05:00:00+02:00,https://cronicavasca.elespanol.com/opinion/20250906/rendicion-cringe/1003742686748_13.html,"Me abochornan muchas cosas. La moda de las sandalias con calcetines hasta las rodillas. Los tertulianos de la tele. La anestesia ciudadana ante la corrupción, las injusticias y la guerra. Los móviles en alto en los conciertos. Y, muy especialmente, habernos dejado colonizar por una nación que es mezcla de cuñado y nuevo rico. Lo cual, creo, es causa de todo lo anterior.","Me abochornan muchas cosas. La moda de las sandalias con calcetines hasta las rodillas. Los tertulianos de la tele. La anestesia ciudadana ante la corrupción, las injusticias y la guerra. Los móviles en alto en los conciertos. Y, muy especialmente, habernos dejado colonizar por una nación que es mezcla de cuñado y nuevo rico. Lo cual, creo, es causa de todo lo anterior.
Ya ves tú. La ultraderecha preocupadísima por la pérdida de la identidad de España ante la invasión en patera, y resulta que lleva tiempo diluyéndose como un azucarillo en un café de Starbucks. Con sonrisa boba y sin oponer resistencia, además.
No sé cuál fue el primero de todos los baluartes en caer. Pero lo del lenguaje, por pura deformación profesional, me tiene frita. Ahora provocamos meetings. Pedimos take away. Agendamos calls. Ofrecemos feedback. Nos hacen o hacemos ghosting, orbiting y breadcrumbing.
Y con el inicio del nuevo curso, llega la temporada alta para el burnout. El remate del tomate, efectivamente, porque primero nos inocularon la quemazón con su cultura asfixiante y luego comercializaron la etiqueta.
El diccionario moderno es, en realidad, justo eso: la plasmación en palabrejas de un manual de instrucciones para la vida escrito por el Tío Sam featuring Don Neoliberalismo.
Por un lado, individualismo feroz, culto a la productividad y falsa meritocracia. Por otro, tartas de manzana al vecino, fuegos artificiales y banderón sexagenario al viento. El resultado: un milhojas cargadito de toxicidad positiva que ha colado en todos los menús.

Y como quien no quiere la cosa, empezó a distorsionarse

Piénsalo. Aquí andábamos con nuestras alegrías y miserias, pero en comunidad. Una red discreta tejida en el bar, en la plaza mayor, en la cola de la panadería, con magdalenas en vez de muffins. Un ecosistema absolutamente imperfecto, sí, porque también sabía asfixiar: chismes, roles machistas, censuras, naftalina, el qué dirán como látigo. Pero a la vez, humilde, disfrutón, diverso, con solera.
Y como quien no quiere la cosa, empezó a distorsionarse.
El venenito está entrando en nuestra cotidianeidad, la manera de entender el trabajo, las relaciones, el sexo, el consumo, el ocio y la política. Todo. Y como el tema da para ensayo, y aquí ya no lee ni María Pombo, daré solo algunos ejemplos.
El más elocuente: la concepción de la propia vida como un proyecto empresarial.
Lo importante es que te conviertas en el CEO de tu existencia, haciendo de tu devenir por este valle de smilies, LOL y lágrimas una pugna constante contra ti mismo y los demás. Religión solo hay una: la del rendimiento en términos puramente extractivistas. Y el evangelio es simple: el éxito depende de ti; el fracaso, también.
Así que apáñatelas. .
Esta doctrina resulta devastadora. Sobre todo porque está conquistando a una generación de jóvenes que ansía levantar una fachada espectacular de bíceps y dinero sobre los supuestos valores de toda la vida. La consecuencia es una carambola ideológica delirante: patria, familia, supremacismo, batidos de proteínas y Youtube en el mismo paquete.

Así que apáñatelas. Si revientas, si el sistema te mastica y escupe, es que te faltó resiliencia

Si no, de qué iba a cobrar fuerza el siniestro fenómeno de las tradwives: chicas que usan la tecnología más egocéntrica y exhibicionista para promover un ideal de domesticidad sacado de un anuncio de los años 50 en Ohio. Me lo dicen hace diez años y no me lo creo.
Claro que tampoco podía sospechar que buena parte de la izquierda, o quienes dicen serlo, iba a acabar comprando la doctrina neoliberal. Eso sí, empaquetada con mucha rebeldía y purpurina. Porque el dogma central está ahí, el individuo-marca, pero esta gente lo aplica a la identidad en vez de al estrato social, a la moral en vez de al mercado.
Bienvenido al wokismo. De la lucha de clases a la guerra de etiquetas, de la libertad de expresión a la cultura de la cancelación, del feminismo radical y abolicionista al que defiende el Onlyfans, empodera el hiyab y perpetúa los estereotipos de género. Lo explicaba con preocupante acierto el otro día Juan Manuel de Prada en un suplemento dominical.
Al final, esto es un circo donde crecen más los enanos que el sentido del ridículo. Y la prueba irrefutable está donde mejor se hace el mono. En las instituciones públicas, siempre que haya cámara de por medio.
Es el modelo yanqui del espectáculo, donde ya lo fundamental no es gobernar ni fiscalizar, sino ganar el relato. Y para conseguirlo hace falta mucho más que un político: un personaje, con buena oratoria o mejor pinganillo, construido a medida sobre las pasiones de los suyos, las dudas de otros y el odio del resto.



Y detrás, los partidos como agencias de marketing, fabricando eslóganes para los amantes de la fruta, de la moda o de los perros. La derecha y los fascistas más, y todo más grotesco, hay que decirlo.
Supongo que, a estas alturas del artículo, algún despistado se preguntará por qué abrimos los brazos a semejante realidad. Pues hay muchas razones que se han ido, poco a poco o a toda mecha, sumando.
A saber. El hambre de modernidad de un país que salía de una dictadura en blanco y negro. El complejo de inferioridad que inicialmente llevó a creer que todo lo estadounidense era, por definición, mejor. La cultura del consumo como pegamento social, alimentada por crédito barato y escaparates llenos.
Espera, que la lista sigue. La fantasía de Hollywood primero y los algoritmos de Silicon Valley después, imponiendo emociones, estéticas y aspiraciones. La erosión de lo comunitario, cambiando plazas por pantallas. La fatiga estructural de una sociedad saturada de información y desigualdad. La complicidad de unas élites políticas, económicas y mediáticas encantadas con este modelo.
Y porque, en definitiva, es una invasión aparentemente blanca, que se disfraza de bonitas promesas, orden y entretenimientos anestesiantes.
Así que: ¿hay solución? Quizá no. Yo, desde luego, no la tengo. Pero queda refugio. Mi apuesta es el mundo rural.
Y no, no hablo de una arcadia feliz e idealizada con antiquísimos árboles genealógicos. El romanticismo es otra trampa, en la que yo suelo caer bastante.

. Pero me refiero a todo eso que todavía custodian por pura necesidad

En los pueblos también se infiltran modas, especulación, turistificación, precariedad. Pero me refiero a todo eso que todavía custodian por pura necesidad. El sentimiento de colectividad, como recurso imprescindible para la supervivencia propia. La paciencia, porque la tierra tiene sus ritmos, el Wifi falla, la podóloga pasa una vez a la semana y solo hay dos frecuencias de autobús.
Y las raíces, que te hacen tropezar para recordarte que deberías de mantenerte pegado al suelo. En definitiva, los restos de otra lógica que merece la pena defender, incluso reinventar mientras sea con su estilo, para que siga viva.
No sé, seguramente quiero decir que la próxima vez que escuches al reaccionario de turno alertando sobre los peligros que amenazan nuestra cultura podrías plantearte a cuál se refiere. ¿La del poteo con la partida de mus o la del Black Friday?
Qué cringe, por favor.",7122,"El artículo critica la colonización cultural neoliberal y estadounidense en España, analizando su impacto en el lenguaje, la productividad, las relaciones sociales y la política, vinculándolo con la pérdida de lo comunitario y la toxicidad de un modelo individualista. Propone como alternativa valores rurales y colectivos, aunque reconoce que ni siquiera allí escapan por completo a la globalización. La sátira se extiende a fenómenos como el *wokismo*, el *burnout* o las tradwives, presentándolos como derivados de esta invasión cultural.",satírico,"El texto cae en la redundancia y en la repetición de ideas sin aportar nuevos matices: frases como *'el venenito está entrando en nuestra cotidianeidad'* o *'apáñatelas, si revientas'* se repiten casi literalmente, lo que resta dinamismo. La crítica al neoliberalismo es válida, pero el tono a veces se vuelve predecible y la ironía, aunque presente, no siempre es tan afilada como podría ser. Además, hay un sesgo hacia lo rural como solución idealizada sin explorar sus contradicciones más allá de lo superficial. Por último, el artículo asume sin contrastar que la ultraderecha es la única preocupada por la identidad, ignorando matices de otros discursos políticos sobre el tema.",9.5,9.5,"[""Uso efectivo de la sátira y la ironía para desmontar tópicos culturales (ejemplo: el lenguaje corporativo, el *burnout* o las *tradwives*), con recursos retóricos precisos como la exageración (*'un milhojas cargadito de toxicidad positiva'*) o la comparación (*'como un azucarillo en un café de Starbucks'*)."", 'Tesis clara y bien articulada: la crítica a la imposición del modelo neoliberal y su impacto en la cohesión social, vinculado a la globalización cultural. El cierre con la alternativa rural, aunque idealizada, cierra el círculo argumental con coherencia.', 'Análisis agudo de fenómenos contemporáneos (ejemplo: la mercantilización de la resiliencia o la apropiación del lenguaje político por el espectáculo), que evita caer en simplismos y conecta con debates sociales reales.', 'Ritmo ágil en los primeros párrafos, aunque luego se alarga innecesariamente en explicaciones que el contexto ya había anticipado (ejemplo: las causas de la adopción del modelo neoliberal).']","[""Evitar la repetición de ideas clave (*'apáñatelas', 'el venenito está entrando'*) para no empalagar al lector. La originalidad se diluye cuando el mismo argumento aparece con variaciones mínimas."", ""Profundizar en las contradicciones del modelo rural propuesto como alternativa: aunque reconoce problemas como la turistificación, no explora cómo estos afectan a la supuesta 'colectividad' que defiende. Sería más convincente si analizara casos concretos donde lo rural resiste *sin* caer en romanticismo."", 'Moderar el tono despectivo hacia conceptos como el *wokismo* o la izquierda progresista, que aparecen como objetivos de burlas sin matices. Una crítica más matizada habría enriquecido el análisis, evitando que el artículo caiga en la simplificación maniquea.', ""Incluir ejemplos más específicos o datos concretos que respalden afirmaciones como *'la erosión de lo comunitario'* o *'la fantasía de Hollywood'*. Aunque es una columna de opinión, algunos argumentos ganarían fuerza con referencias tangibles (ejemplo: estudios sobre el impacto del consumo en las redes sociales o casos de éxito de proyectos comunitarios en pueblos).""]",opinion_v4
Apaga y vámonos,2025-08-23T05:00:00+02:00,https://cronicavasca.elespanol.com/opinion/20250823/apaga-vamonos/1003742682904_13.html,"Hay muchas maneras de analizar un incendio. Una es contar: hectáreas calcinadas, litros de agua, efectivos desplegados, grados en el termómetro, medias verdades, mentiras enteras, tralará. Otra: regresar a 2022 y entrar en la pupila fosforescente de Elena, vecina de Tábara, Zamora, resistiéndose a abandonar su casa y, con ella, toda su biografía. “Esta es mi vida, ¿dónde voy a ir?”.","Hay muchas maneras de analizar un incendio. Una es contar: hectáreas calcinadas, litros de agua, efectivos desplegados, grados en el termómetro, medias verdades, mentiras enteras, tralará. Otra: regresar a 2022 y entrar en la pupila fosforescente de Elena, vecina de Tábara, Zamora, resistiéndose a abandonar su casa y, con ella, toda su biografía. “Esta es mi vida, ¿dónde voy a ir?”.
Ni idea. No sé dónde vas a ir, Elena. Mejor dicho, no sé dónde fuiste. Pero sí tengo claro dónde mandar, en pleno 2025, a más personas de las que me gustaría. A la mierda. Pronunciada así, con la rabia inmortal de Fernando Fernán Gómez.
Lo terrible de la última oleada de incendios no son solo las llamas volviendo a relamer el plato y pidiendo postre, en un patrón sin fin. Es el fuego que arde en redes sociales, portadas de periódicos, atriles. Prende con rabia y prisa, se alimenta de doctrina barata y calendario electoral.

. 

Que si las competencias y los incompetentes, que si la crisis climática y los ecolojetas, que si la especulación y el espectáculo, que si pirómanos y apagafuegos, que si las cabras y los cabrones, que si la culpa es de la Junta, del Gobierno, de Europa, de la madre que los parió o del padre que se fue a por tabaco.
Con tanto pimpampún, llega un momento en que nadie sabe ya qué muere: el monte, los embustes o la verdad. Y aún menos las causas exactas. El diagnóstico se carboniza en la refriega, entre tertulianos con ínfulas y hooligans que le hacen el trabajo sucio a dirigentes de saldo por cuatro tristes likes.
Todos ellos coreando siglas como goles provocan un estado de confusión comatoso. Pero hay algo más dramático: la sospecha permanente.
Al final, o casi desde el principio, mucha gente duda y acaba creyendo lo que se ajusta mejor a la circunferencia de su sesgo. Y si no encaja, tampoco es para tanto. Se inventa una teoría. Total, el gorrito de aluminio lo mismo protege de antenas 4G que explica por qué se chamusca la Península con tan caótica precisión este mes de agosto.
Y luego está la perversidad de quedarse al otro lado de la pantalla, ese cristal blindado que resguarda de la combustión, del humo, del llanto, que despersonaliza a todas las elenas para que la peña se entregue alegremente al lanzamiento de pullas.
Pueden ser contra el perro sanxe o la del uniforme de Dora la Exploradora, para sacar los colores a no sé cuál presidente autonómico o defender al que votó. Lo que toque según las orejeras ideológicas, hasta quedarse más a gusto que un cuñado en brazos.
Así funciona esta sociedad polarizada y líquida. Y así pasa: termina por arrasar eso que nos hacía al menos un poquito más sensibles que la mosca tsé-tsé.
Me refiero a la empatía, invento destinado a ordenar el caos de la esencia humana haciendo que nos pongamos en el lugar del otro. La necesitamos, muchísimo, más que las rotondas o el separador en la cinta de pago de un supermercado. Pero parece que está desapareciendo. O puede que se haya ido de vacaciones, como tú, como yo, como ese político al que tanto odias, y vuelva por Navidad. Igual que en el anuncio de la tele pero, a este paso, ya sin almendro.

Solo eres la excusa para una narrativa en disputa. 

Te pregunto: ¿y si fueran tus cosas?
Porque, en realidad, de eso va todo. De sentir. ¿Y si la catástrofe estuviera derritiendo las puertas de tu casa? ¿Puedes imaginar? El fuego, no como colorín en un gráfico ni arma arrojadiza, sino comiéndose tu PlayStation, la cocina donde cenaste anoche una tortilla francesa, el colchón viscoelástico, la vajilla que trajiste del pueblo. Reduciendo a cenizas el columpio donde jugaban tus hijas, la barra del bar en la que echas cañas, el banco donde se sienta tu abuela, el olor de tu barrio. Tu historia entera.
Y cuando no quedan más que los escombros de los recuerdos, te sientas a mirar el móvil. Y ahí, con el hollín todavía en la garganta, escuchas o lees a un montón de individuos enfrentándose como en una pelea de gallos. Tu pérdida, tanto dolor, convertidos en ruido de fondo de una discusión que en realidad no va contigo.
Entonces quizá es cuando lo entiendas. Solo eres la excusa para una narrativa en disputa. La chuchería de cretinos empeñados en usar tu tragedia para sentirse vivos. El desempate en un partido de fútbol. Y eso no tiene gracia. Ni decencia.
Así que mejor si te das cuenta antes de que te pase a ti. Y dejes de formar parte del rebaño.Dicho esto, quiero seguir pensando que en el fondo la gente es buena. Pero hemos levantado un ecosistema que celebra la brutalidad por encima de la compasión. Un circo donde se aplaude más al que grita que al que escucha, al que dictamina que al que duda, al que simplifica que al que intenta comprender, al de los blancos y negros sobre el radiante arcoiris de los grises.
Y mientras jugamos al Monopoly de las culpas y relatos, la España rural se ahoga: ese 84% del país que ya sufría las consecuencias feroces del desequilibrio territorial, que se ha ido quedando sin médicos, sin tren, sin relevo generacional en los suelos que ahora crepitan.
La misma España que, con el aliento del fuego en la nuca, sabe que lo más difícil no es huir de las llamas. Es seguir escapando de la indiferencia, el lucro ajeno, la burocracia tramposa e infinita, los planes estratégicos redactados desde un despacho con aire acondicionado y el desdén capitalino que reduce su existencia a cuatro tópicos de anuncio de quesos.



Esa a la que alguien con más torpeza que ingenio decidió calificar de “vacía”, cuando está llena de todo lo que ahora mismo nos falta como comunidad: silencio, lazos, la paciencia de la tierra, el conocimiento ancestral que no está en Wikipedia, la respuesta que nunca dará Grok.
No sé, seguramente quiero decir que lo que arde estos días no son solo bosques y pueblos. Se quema lo que nos mantiene en pie como sociedad. Y hace falta un cambio, sí: político, económico, cultural y, sobre todo, humano.
Tal vez se nos esté haciendo tarde, igual que a Rajoy en su visita al Prestige, Mañueco con los incendios de 2022, Sánchez cuando el volcán de La Palma o Mazón con la Dana. Pero nosotros no somos ellos, somos los que los pusimos.
Y ese poder, como advertía el tío Ben, conlleva una gran responsabilidad. La de preguntarnos de una santa vez quiénes somos, de dónde venimos, a dónde nos dirigimos, con quién y para qué. Si queremos avanzar de la mano, aunque sea a trompicones, o seguir cada cual en su trinchera con el bidón de gasolina.
Llámame ingenua, pero pienso que la vida debería ir de eso: saber qué incendios sofocar y qué lumbres proteger, con la lucidez suficiente para no confundir churras con merinas. De lo contrario, apaga y vámonos.",6653,"El artículo analiza los incendios forestales de 2025 como metáfora de la polarización social, la falta de empatía y la instrumentalización política y mediática de las tragedias. Critica la superficialidad de los debates en redes y tertulias, contrastándola con la devastación real vivida por afectados como Elena, y aboga por una reflexión colectiva sobre el cambio cultural y humano necesario para evitar la autodestrucción.",satírico y combativo,"El texto cae en una repetición excesiva de ideas clave (ej. 'escombros de los recuerdos', 'pelea de gallos', 'empieza y termina con la misma metáfora del móvil y el humo'), lo que genera un ritmo monótono. La ironía, aunque efectiva en algunos pasajes (ej. 'el gorrito de aluminio'), a veces se vuelve forzada y poco sutil, como en la comparación con el anuncio del almendro. Además, hay un uso poco refinado de jerga coloquial ('pullas', 'orejeras ideológicas') que puede restar elegancia a un tema tan grave. Por último, el cierre, aunque emotivo, se queda en un llamado genérico a la responsabilidad sin ofrecer un plan concreto o acciónable, lo que debilita su impacto.",9.5,9.5,"['Destaca por su **metáfora poderosa y recurrente** (el contraste entre el fuego real y el debate mediático), que refuerza la tesis central con una imagen visual y emotiva. La referencia a Elena de Tábara humaniza el problema y da profundidad al texto.', 'Combina **crítica social y análisis político** con agudeza, exponiendo cómo los incendios se convierten en un campo de batalla ideológico, algo poco explorado en otros medios. El tono combativo y la sátira logran exponer la hipocresía de los discursos polarizados.', ""Incluye **recursos retóricos bien dosificados** (antítesis, hipérboles como 'circo donde se aplaude la brutalidad') que enriquecen el mensaje y evitan la monotonía. La estructura en bloques temáticos (de lo general a lo personal) facilita la lectura."", ""El **lenguaje literario y cinematográfico** ('pupila fosforescente', 'el reloj de la sala de espera va más lento') aporta capas de significado y conecta con el lector emocionalmente, más allá de lo meramente informativo.""]","['Evitar la **reiteración obsesiva de ideas** (ej. la frase sobre el móvil y el humo aparece dos veces en párrafos seguidos). Esto debilita el ritmo y puede saturar al lector. Cada metáfora debería ganar en originalidad o variación.', 'Profundizar en **propuestas concretas** más allá del llamado genérico a la empatía o el cambio humano. Por ejemplo: ¿qué políticas específicas podrían frenar la despoblación rural mencionada? ¿Cómo mediar en los debates polarizados sin caer en la autocomplacencia?', ""Modular la **ironía y el humor** para que no diluya la gravedad del tema. Frases como 'el desempate en un partido de fútbol' o 'la cuchería de cretinos' funcionan, pero podrían complementarse con momentos más sobrios para equilibrar el tono."", 'Incluir **transiciones más orgánicas** entre los bloques temáticos (ej. la transición de la crítica a los medios al análisis de la empatía podría ser más fluida). Actualmente, algunos saltos lógicos quedan sin justificar, lo que genera discontinuidad.', ""Reducir el **uso de jerga coloquial** en pasajes clave (ej. 'orejeras ideológicas', 'bidón de gasolina'). Aunque el tono es intencionalmente cercano, algunos giros restan seriedad a un análisis que podría aspirar a mayor profundidad intelectual.""]",opinion_v4
"¿A quién quieres más, a tu pareja o al móvil?",2025-08-09T05:00:00+02:00,https://cronicavasca.elespanol.com/opinion/20250809/quieres-pareja-movil/1003742678376_13.html,"Hay gente a la que le pirra el avistamiento de aves. Yo he desarrollado una afición más mundana y, si me apuras, profundamente reveladora. Me refiero a la observación de parejas humanas en un hábitat ideal: la terraza de verano. ","Hay gente a la que le pirra el avistamiento de aves. Yo he desarrollado una afición más mundana y, si me apuras, profundamente reveladora. Me refiero a la observación de parejas humanas en un hábitat ideal: la terraza de verano. 
Es como cuando ponía La 2 a la hora de los documentales, pero sin la voz en off que explica el porqué del comportamiento animal. Ahí estoy, intentando descifrar el nuevo bodegón del siglo XXI. Una mesa que ya rara vez viste mantel de tela, en cada extremo dos personas que de forma voluntaria decidieron estar juntas, sus teléfonos móviles a tiro de mano y silencio.
Demasiado silencio.
Cantaba Hidrogenesse que no hay nada más triste que un pony dando vueltas en un tiovivo, pero esto se le acerca. No es que necesariamente una y otro, o uno y otro, o una y otra, estén enfadados. O tengan los carrillos hasta los topes, deleitándose en ese arroz con bogavante que es como pisar la tierra prometida tras meses de peregrinaje por el desierto del curso laboral.
Más bien, se encuentran en otro lugar. O un poco aquí y otro poco allá, a tantos kilómetros como Instagram, Whatsapp o Google les puedan permitir. 

En cada extremo dos personas que de forma voluntaria decidieron estar juntas, sus teléfonos móviles a tiro de mano y silencio

Ella coge el smartphone primero. Lo desbloquea sin mirar. El dedo ya tiene memoria propia. Lee algo. Podría ser una nueva vacuna contra el cáncer de pulmón o el último descuento de Shein. Qué más da. Lo deja donde estaba con la desgana de un rider entregando un menú bigmac. Él observa la jugada de reojo y hace lo mismo con el suyo. Paso uno, dos, tres. Pulgar, mohín, suspiro.
Unos minutos y la mujer vuelve a pillar el teléfono. Hace una foto de la copa de vino. Esta vez el tipo comenta “pues hace calor”, ella asiente, “mucho, y mañana más”. 
Pasa un camarero. O un gorrioncillo. Lo que sea. Miran al unísono, igual que autómatas arrastrados por la inercia de vivir. Entonces él encuentra un vídeo que debe de ser gracioso. Estira el brazo y se lo enseña. Ella medio sonríe. A fin de cuentas, queda menos feo que echarse a llorar. Y el rímel no parece waterproof.
El aparatito vuelve a la mesa junto a la copa, a mi parecer tan insultantemente abandonada como la propia relación. Fin del acto. Hasta el siguiente que será, al menos, igual de mustio. Y pienso, porque no lo puedo evitar, en la desolación ya en casa, sin testigos. Tela.
No digo que ocurra con todo el mundo, pero escenas así cada vez se ven más. Y lo acongojante del asunto es que buena parte de los damnificados pertenece a generaciones naturalmente analógicas.

Lo acongojante del asunto es que buena parte de los damnificados pertenece a generaciones naturalmente analógicas

Gente que viajaba con el “Veo, veo” y las canciones del “Señor conductor ha...”, usó máquina de escribir antes que ordenador, rebobinó cintas con boli bic, pasó del blanco y negro al color en la tele, leía en papel. Que vivió su primera cita sin cobertura ni excusa para desaparecer. Y llamaba a casa desde cabinas. Curtida en la slow life.
Esos hombres y mujeres se sienten orgullosos de su bagaje. Y analizan a los jovenzuelos, centennials creo que se llaman, con la chulería que da creerse herederos de un viejo mundo mejor.
Ellos no tienen el cerebro frito por TitkTok. Qué va. Ni necesitan documentar hasta el café latte para sentirse vivos. Son indemnes a la dopamina digital, a la anestesia del scroll, al hechizo del clic rápido. O eso quieren pensar.
En realidad, han puesto el smartphone a su servicio de una manera pelín más retorcida. Como un discretísimo mayordomo que trae la distracción justo cuando la conversación amenaza con morir o con volverse sincera, que es casi más duro. En el sofá, de cañas, al ir a la cama. El bucle sin fin.
No es necesariamente adicción a la tecnología. Es engancharse al refugio que ésta regala para obviar que el castillo se está cayendo a trozos. Porque sobran megas, pero faltan arrestos para mirar frente a frente a la debacle. Antes, incluso, de que empiece a ir regular.
Tal vez sea tu caso. Y estés negando con la cabeza.

Han puesto el smartphone a su servicio de una manera pelín más retorcida

Piénsalo. Puede que no busques el restaurante instagrameable, pero quizá sí te has descubierto compartiendo un meme de gatitos que distrae de conversaciones embarazosas. Ojeando el correo del trabajo en mitad de la cena para ignorar rencores que pesan más que una hipoteca a treinta años. O bajo el nórdico, por rellenar silencios que alguna vez fueron reconfortantes.
Y cuando digo tú, puede ser tu mejor amigo. La cuñada. Patatas.
. Pero también en falso aliado de esas otras que todavía tenían conversaciones pendientes, besos pospuestos, algo que salvar.
Y ahí está la gran estafa. El truco final de este mago de bolsillo que todos llevamos encima. Una trampa que afecta a la chavalería que vive a través del teléfono, desde luego, pero también a demasiados talluditos que lo usan de parapeto. Y es que mientras unos presumen de humo en redes y otros se resguardan en el brillo de la pantalla, la lumbre va apagándose para todos.
Me refiero a ese fuego bajito que no destella, pero calienta. Tan fuerte en su fragilidad. Que se apaga rápido de no cuidarse. El que mantiene vivo lo cotidiano, lo íntimo, lo que de verdad sostiene.
Ese “cariño, ¿has sacado la basura?”, dicho con la misma ternura que un “te quiero”. La certeza de que tu chica te seguirá aguantando incluso cuando descubra que dejas pelos en la ducha. El pijama de oso polar con pelotillas que jamás evitará un revolcón de sábado tarde, porque el bienestar de lo conocido gana al glamour de lo efímero.
La complicidad de una mirada fugaz en el supermercado ante el típico imbécil colándose. La confianza de poder quejarte del jefe con más drama que en Divinity, sabiendo que la respuesta será una solución absurda que te hará reír. O un gruñido empático, según el día. Tirar del dedo y sonar un pedo de trompeta.

El smartphone se ha convertido en cómplice magistral de las parejas que ya no saben qué decirse y se aburren

Todo eso que seguirá pasando si caes en la cuenta de que, lo más probable, no te quedaste sin temas de los que hablar. Solo te dejaste de esforzar y pulsaste ""silenciar notificaciones"" en tu propia rutina a dúo. 
No sé, seguramente quiero decir que estoy hasta el moño que no tengo. Harta de las consecuencias de esta autoesclavitud digital a la que nos hemos apuntado como si nos regalaran puntos para la Travel Club del amor, cuando a la hora de la verdad está dejando la intimidad en números rojos.
Por eso, me pregunto si al menos en lo que queda de verano podríamos probar algo nuevo con nuestros socios sentimentales. Un acto revolucionario. Apagar el teléfono al salir a la calle. Tatatachán.
Sí, apagarlo del todo, no vale el modo avión, que nos conocemos. Mirar a los ojos a la compañera, al marido, lo que se tercie, y preguntarle qué tal. Insistir, en caso necesario. Sin filtros, ni la tentación de buscar en Google “temas de conversación para parejas que ya no hablan”.
Y que sea lo que tenga que ser. O lo que quede. Tal vez ella. Puede que el móvil.",7124,"El artículo critica cómo los móviles han convertido las interacciones humanas en relaciones superficiales, incluso en parejas, usando como escenario las terrazas de verano. Analiza el uso del smartphone como herramienta de evasión y distracción, especialmente en generaciones que, pese a su resistencia digital, también caen en el mismo patrón. Propone un acto de resistencia simbólico: apagar los móviles para reconectar con la intimidad y lo cotidiano en las relaciones.",satírico y reflexivo con toques irónicos,"El texto cae en una repetición excesiva de la idea central ('teléfonos móviles', 'silencio', 'parejas') sin aportar matices nuevos, lo que genera monotonía. La crítica a las generaciones analógicas podría ser más matizada, pues reduce su resistencia digital a una mera fachada. Además, algunos párrafos —como el de los 'puntos fuertes' de las relaciones cotidianas— resultan forzados y poco convincentes, casi como un intento de compensar la tesis con romanticismo barato. La estructura del final, con el llamado a apagar los móviles, parece más un *call to action* genérico que una conclusión original o impactante, diluyendo el peso de la argumentación previa.",7.0,7.5,"['El uso de imágenes vívidas y situaciones cotidianas (ej.: terrazas, terapeutas digitales) para ilustrar la tesis, lo que refuerza la conexión emocional con el lector.', ""Ironía sutil y observaciones agudas sobre el comportamiento humano en contextos sociales, como el análisis de los gestos repetitivos con el móvil ('pulgar, mohín, suspiro')."", ""Reflexión sobre la paradoja de generaciones que se creen 'libres' de la adicción digital, pero la usan de manera igual de pasiva y evasiva."", 'Lenguaje coloquial y cercano que facilita la identificación del lector, evitando tecnicismos o jerga académica.']","[""Evitar la reiteración de ideas clave (ej.: 'teléfono móvil' aparece más de 20 veces en un texto de 15 párrafos). La variedad en el vocabulario mejoraría la fluidez."", 'Profundizar en ejemplos concretos que contrasten casos de éxito en relaciones sin pantallas (ej.: testimonios reales, estudios sociológicos breves o anécdotas más elaboradas).', 'Refinar el cierre: la propuesta de apagar el móvil es válida, pero podría integrarse mejor en el desarrollo previo (ej.: como un *counterargument* a las excusas de las parejas) en lugar de presentarse como un *deus ex machina*.', 'Añadir un contraste más marcado entre el tono irónico del inicio y la tono casi moralizante del final, que resta coherencia al estilo satírico dominante.']",opinion_v4
"Feijóo, el trabajo y otras cosas que están sobrevaloradas",2025-08-02T05:00:00+02:00,https://cronicavasca.elespanol.com/opinion/20250802/feijoo-trabajo-cosas-sobrevaloradas/1003742678761_13.html,"Feijóo es un cachondo. De esa clase de señores que, en un alarde de perseverancia, decide rescatar una ocurrencia que nunca tuvo gracia a ver si ahora sí. La primera vez fue en 2023, cuando durante una amabilísima entrevista con Ana Rosa Quintana soltó que las vacaciones están sobrevaloradas. La segunda, hace dos días, en el carpetazo del curso político. Misma frase, pero esta vez regalando sonrisa picarona y tonillo jocoso.","Feijóo es un cachondo. . La primera vez fue en 2023, cuando durante una amabilísima entrevista con Ana Rosa Quintana soltó que las vacaciones están sobrevaloradas. La segunda, hace dos días, en el carpetazo del curso político. Misma frase, pero esta vez regalando sonrisa picarona y tonillo jocoso.
Ahí, como gallego curtido en mil batallas, con doble de pimentón.
Mis congéneres de izquierdas se han hecho los ofendiditos. Quizá, más de la cuenta. Últimamente, les falta sentido del humor. Pero yo como mucha fibra y hago bastante arroz, así que ya le saco el chiste a casi todo. Y por eso, seguro que al secretario general del PP no le importará que le devuelva la bromita y señale lo siguiente.

Feijóo es un cachondo. De esa clase de señores que, en un alarde de perseverancia, decide rescatar una ocurrencia que nunca tuvo gracia a ver si ahora sí

Y es que si algo de verdad está sobrevalorado en este país es él mismo. Su mediocridad. La presunta moderación que le acompaña. Esa audaz estrategia de rejuvenecimiento consistente, al parecer, en jubilar las bifocales.
También digo. Para ser justos, Feijóo es solo un ejemplo más de esta pandemia de prestigio inmerecido que nos asola. Estamos acorralados por personas, conceptos, modas y rituales que son un auténtico bluf, pero los hemos encumbrado con la fe ciega del neófito. O nos los han metido con calzador. Una estafa piramidal para el intelecto formidable.
Ahí está el brunch de los domingos, comunión laica de la gentrificación y el postureo con tosta de aguacate. Los gurús de LinkedIn, telepredicadores de la explotación disfrazada de emprendimiento. El mindfulness corporativo, esa solución mágica que da la empresa para curar la ansiedad que ella misma provoca. La resiliencia, que es la aceptación cursi de que te toca aguantar carros y carretas.
Y podría seguir. Las estrellas Michelin, los festivales indie, el ayuno intermitente, la freidora de aire, los influencers, la meritocracia, que ni siquiera existe, el capitalismo, la inteligencia de Rufián, la mía propia. Y el trabajo, sobre todo, el trabajo.

Feijóo es solo un ejemplo más de esta pandemia de prestigio inmerecido que nos asola

Estudiamos, entramos al mercado laboral y le entregamos las llaves de nuestra existencia entera. Necesitamos casa, comida y algún que otro viajecito con Ryanair. Y parece que la fórmula es ésta. Levantarnos cada mañana para currar, y ya se verá a lo largo del día si también para vivir. Dormirnos pensando en el próximo puente. Llegar al sábado exhaustos y pasarlo con un gripazo inexplicable. 
Y concluir que es lo que hay. Que toca arrastrar los pies, y las mismas ocho horas desde hace cien años. Ver los precios subir, el poder adquisitivo menguar. Y autoexplotarnos, otro poquito más. 
Pero ya no solo por necesidad económica. La crisis es, también, de identidad.
 y el rol que ocupamos en la escalera. Así que el trabajo ha pasado a ser el centro gravitacional de nuestra realidad, el eje sobre el que gira nuestra autoestima, nuestro lugar en el mundo. 
La principal prueba del delito está en ese misil que lanzamos casi por inercia cuando conocemos a alguien. ""Y tú, ¿a qué te dedicas?"". No preguntamos qué te apasiona, qué te quita el sueño o si sabes hacer una tortilla de patatas decente. El trabajo, lo primero. Como si fuera el DNI del alma. Ese dato decisorio que lo revela todo. Chimpún.
Y eso, salvo para una poca gente afortunada, perseverante o inconsciente que logró alinear curro con formación, capacidades, gustos y principios, a veces a costa de andar con el agua al cuello, es mentira cochina.

Hemos permitido que nuestra valía como personas se mida, casi exclusivamente, por lo que producimos

Más aún, me atrevo a decir. . La excusa perfecta para no enfrentarnos a quienes podríamos ser si no estuviéramos tan ocupados respondiendo emails. Le hacemos el vacío a nuestros talentos desaprovechados y pasiones olvidadas, a la posibilidad de una rutina menos productiva pero infinitamente más rica.
Es un colonizador silencioso, sí, pero no solo de nuestro tiempo. También de nuestro yo. Nos impone su lenguaje de sinergias y KPIs pero, sobre todo, su sello.
Ni el de Casa Galar, ni la nieta de la Paquita. Ahora nos conocen como el informático, la de marketing, la reponedora del Eroski, el director de Crónica Vasca.
Y esas etiquetas, cosidas al corazón como los nombres en las batas escolares, matan la complejidad de lo que en el fondo somos. El que puede pasarse horas mirando las estrellas y solo duerme a pierna suelta con la persiana semiabierta. La que se emociona con vídeos de perritos y escucha para comprender en vez de para responder.
Al final, el trabajo reduce nuestra identidad a un titular, cuando en realidad somos un novelón.

El curro se ha convertido en el ghosting que le hacemos a nuestra propia vida

Y no, no estoy haciendo un alegato en favor de la vagancia. Que te veo venir. Solo digo que el curro debería de ser como unas zapatillas buenas, bonitas y baratas. Te las calzas, caminas por la vida sin ampollas, si consigues realizarte durante el trayecto mejor y, al llegar a casa, fuera. Servirte a ti y no, al revés, que es lo que ahora ocurre.
No sé, seguramente me moriré y el trabajo seguirá siendo prisión. Por eso, lo que más me gustaría es tener un golpe de suerte descomunal y poder jubilarme. Prontito. A los 60, por ejemplo.
Feijóo dirá que estoy fatal de lo mío, pero ese es mi sueño: vacaciones permanentes en una casa en el campo llena de libros, con huerta, perros, gallinas, cabra, piscina natural, minibar, un hombre bueno y amaneceres fantabulosos. Que me conozcan como la ruralita feliz. Y, desde allí, seguir torturándote con mis reflexiones. 
Claro que para conseguirlo solo tengo una opción: jugar a la Lotería. Y sí, también está sobrevalorada.",5782,"El artículo critica la obsesión social por el trabajo, presentándolo como un concepto sobrevalorado que reduce la identidad personal y autoexplotadora, usando a Alberto Núñez Feijóo como ejemplo de mediocridad y tópicos repetidos. También satiriza otras instituciones y modas culturales que, según el autor, han perdido su valor real, como la meritocracia o el brunch. La columna mezcla ironía y reflexión para cuestionar la sociedad del rendimiento y la identidad laboral.",satírico-irónico,"El texto cae en la redundancia al reiterar la misma crítica sobre Feijóo sin aportar nada nuevo más allá de la repetición de una broma ya gastada. La sátira, aunque efectiva en algunos pasajes (como la lista de conceptos 'sobrevalorados'), se vuelve genérica y poco original al extenderse a tópicos vacíos (ej.: 'la inteligencia de Rufián'). Además, la ironía se debilita al final, donde el autor cede a un deseo personal poco vinculado con la tesis central, diluyendo el tono crítico. También hay un uso excesivo de comparaciones forzadas (ej.: 'el trabajo es como el ghosting') que restan agudeza al discurso.",7.0,6.5,"[""Uso efectivo de la ironía y la sátira para cuestionar la obsesión laboral, especialmente en pasajes como la lista de 'conceptos sobrevalorados' (brunch, resiliencia, etc.)."", 'Tesis clara y bien desarrollada sobre cómo el trabajo reduce la identidad personal, con ejemplos concretos y un ritmo ágil en los párrafos iniciales.', ""Recursos retóricos bien aplicados, como metáforas ('el trabajo es el ghosting que le hacemos a nuestra propia vida') que refuerzan la crítica."", 'Cierre con un giro personal que, aunque débil, intenta humanizar el discurso y conectar con el lector']","['Evitar la repetición de la broma sobre Feijóo, que resta originalidad y fuerza al artículo. La sátira pierde impacto al ser predecible.', ""Profundizar menos en tópicos genéricos (ej.: 'la meritocracia no existe') y más en casos concretos que ilustren la crítica central sobre la identidad laboral."", ""Refinar el final para evitar que el deseo personal ('jubilarme a los 60') diluya el tono crítico y la coherencia del discurso."", ""Moderar el uso de comparaciones forzadas o clichés retóricos ('como unas zapatillas buenas, bonitas y baratas') que pueden debilitar la agudeza del texto.""]",opinion_v4
Toda la verdad sobre los ciudadanos de tercera (edad),2025-07-26T05:00:00+02:00,https://cronicavasca.elespanol.com/opinion/20250726/toda-verdad-ciudadanos-tercera-edad/1003742676822_13.html,"Mi abuelo tenía tres pasatiempos preferidos: recorrer cada día el triángulo panadería-peluquería-frontón, hablar con desconocidos en el autobús y vigilar obras. Los dos primeros eran muy suyos. El de plantarse delante de la valla, universal.","Mi abuelo tenía tres pasatiempos preferidos: recorrer cada día el triángulo panadería-peluquería-frontón, hablar con desconocidos en el autobús y vigilar obras. Los dos primeros eran muy suyos. El de plantarse delante de la valla, universal.
A veces me pregunto si el término afición hace justicia a ese impulso de ejercer de capataz sin salario, ni uniforme, ni bocata en el almuerzo. O si deberíamos de hablar de rito de paso, instinto generacional, una especie de codificación genética que se activa al comenzar a menguar la espalda. Tú dirás.
Por eso, me llamó la atención leer el otro día lo siguiente. Y es que en algunos pueblecitos de Italia han institucionalizado esta liturgia. Les dan chaleco reflectante, credencial, seguro de accidentes, incluso nómina según qué localidades, y voilá: los 'umarell' quedan homologados.

Sufrimos la tiranía de la juventud, humedad silenciosa que lo cala todo. Y así pasa lo que pasa. 

De primeras, la idea me pareció hasta bonita. Un acto de justicia poética en esta época de edadismo feroz. Decirle al mundo que la experiencia cuenta y la memoria es un tesoro. Reconocer de manera explícita a una generación a la que hemos ido arrinconando.
Sufrimos la tiranía de la juventud, humedad silenciosa que lo cala todo. Y así pasa lo que pasa. No es solo que según vas envejeciendo te vuelvas invisible en el mercado laboral. Además empiezas a serlo en la vida, dentro de un sistema que rinde culto a lo novedoso.
O sea, eres la edición de bolsillo de un gran clásico con la portada de siempre. Pero lanzan una tapa con la cara del actor que ha hecho la peli y ahí te quedas.
Lo peor es que esa pérdida del hype, que se dice ahora, no es sensación personal. Es un veredicto que lanza el mundo. Y no llega vía burofax. Se concreta en el guion del día a día. A través de gestos aparentemente inofensivos o bienintencionados. Sin darnos cuenta, por cierto, de que estamos cavando la trampa en la que algún día todos caeremos. 
Es un veneno que se administra en pequeñas dosis. El ""no te preocupes, ya lo hago yo"" que invalida. Ese hablarles con más azúcar que un chupachups, bajo la ridícula premisa de que las canas son un billete de ida a la estupidez.
La condescendencia con la que nos referimos a “nuestros” mayores, como si fueran propiedad colectiva y no personas con biografías fascinantes. El paternalismo para explicar un planeta que ellos mismos construyeron.
Les colgamos la etiqueta de ""clase pasiva"" y, para qué engañarnos, solo la quitamos cuando su actividad nos beneficia directamente.
Y es justo ahí donde la noticia italiana me empieza a sonar menos encantadora. Cuando se convierte en prueba de cargo.
La verdadera grieta de todo este asunto está en la sutil pero profunda diferencia entre el valor de ser y el de servir. Les negamos sistemáticamente el primero, esa dignidad intrínseca que la mochila de la vida ya debería garantizar. Y les concedemos el segundo, sí, pero de forma condicional.
Es decir, tenemos un interruptor que controlamos nosotros y lo ponemos en modo on mientras su agenda se pueda alinear con la nuestra. Cuando cuidan, cuando avalan, cuando resuelven.
Sin complejos, como quien no quiere la cosa, pulsamos botón y les asignamos la equipación para su tarea. Aquí no es la de 'umarell', pero tenemos otras informalmente institucionalizadas, sin sueldo, con expectativas claras y responsabilidades muy bien definidas.
Existe la plaza de Gerente de Logística Infantil para tardes, fines de semana y veranos; un puesto que, eso sí, viene con evaluación de desempeño a traición: exige disponibilidad a voluntad, pero incluye duda constante sobre la capacidad del cuidador y crítica permanente por consentir.
También está la figura del Chef Ejecutivo del Tupper Casero. Su variante Servicio de Catering a Demanda. Y, por supuesto, el Director Financiero Familiar, especialista en préstamos sin interés. 
Para eso se les quiere, y mucho. Para limpiarles el culo o atender la historia que han contado cinco veces, ya no tanto.
No sé, seguramente mi reflexión nace de un cóctel de sensaciones algo indigesto. Me acongoja la velocidad con la que desechamos todo, desde un teléfono hasta las personas. Y cómo usamos a la gente mayor según conveniencia, envolviéndola en eufemismos bastante más patéticos que la franqueza del sustantivo “viejo”. Tercera edad, seniors y palabrejas así.

. Si son una especie en extinción

También me avergüenza formar parte de una sociedad que valora lo productivo en el sentido más asquerosamente capitalista de la palabra. Desterramos a quienes ya no podemos seguir ordeñando. O les buscamos distracciones para anestesiar su soledad y, de paso, aliviar nuestra conciencia.
Por cierto. No puedo evitar preguntarme si dentro de unos años dejará de haber señores vigilando por gusto asfaltados y ladrillos. Si son una especie en extinción. A fin de cuentas, quienes aún nos creemos jóvenes estamos perdiendo la capacidad de mirar, simplemente mirar, por culpa de una zanja muy distinta: la que excavamos con nuestros pulgares en la pantalla del móvil.
Me refiero a ese agujero negro que no solo monopoliza nuestra atención. También alza un muro, como el de Invernalia o el de las lamentaciones pero en digital. Tan firme, tan omnipresente, que cada vez nos cuesta más levantar la vista y entregarnos a la contemplación de lo que de verdad merece la pena: el abierto por obras de la vida.
Pero esa es otra historia.",5417,"El artículo reflexiona sobre la invisibilización y utilidad condicional de las personas mayores en la sociedad actual, contrastando con prácticas como el reconocimiento institucional de vigilantes de obras en Italia. Critica el edadismo, la condescendencia y la instrumentalización de los adultos mayores, vinculando esto a una cultura que prioriza lo productivo y desechable, incluso en las relaciones interpersonales. La reflexión culmina con una preocupación por la desaparición de roles tradicionales como el de los vigilantes de obras, sustituidos por una atención superficial hacia las personas mayores.",reflexivo-critico,"El texto repite estructuras y frases con poca originalidad ('humedad silenciosa que lo cala todo', 'veneno que se administra en pequeñas dosis'), lo que debilita su impacto. La repetición de la pregunta sobre los vigilantes de obras al final del artículo es redundante y debilita el cierre. Además, hay un uso excesivo de metáforas genéricas (ej. 'edición de bolsillo de un gran clásico') que, aunque efectivas, pierden fuerza por su reiteración. También falta un desarrollo más concreto de ejemplos que respalden las críticas, especialmente en lo referente al 'interruptor' que activa/desactiva la valoración de las personas mayores, lo que resta contundencia a la tesis. La crítica al 'hype' y la atención al móvil carece de articulación clara con el tema central del artículo, lo que genera desconexión en el lector.",7.0,7.5,"['Desarrolla una tesis clara y coherente sobre el edadismo y la instrumentalización de las personas mayores, con un enfoque personal y emotivo que conecta con el lector.', ""Uso de comparaciones ingeniosas y metáforas efectivas para ilustrar la crítica (ej. 'la edición de bolsillo de un gran clásico', 'plaza de Gerente de Logística Infantil')."", 'Estructura narrativa que fluye entre lo anecdótico (el abuelo del autor) y lo general (la sociedad), lo que humaniza el tema.', ""Incluye un ejemplo concreto y bien documentado (los 'umarell' italianos) que refuerza la argumentación y añade valor informativo.""]","[""Evitar la repetición de estructuras y frases para no restar impacto a las metáforas y críticas. Por ejemplo, variar el enfoque en las comparaciones con los 'puestos' informales (Gerente de Logística Infantil, etc.)."", 'Desarrollar con más ejemplos específicos y datos que respalden las críticas sobre la instrumentalización condicional de las personas mayores, más allá de las metáforas.', 'Evitar la redundancia en preguntas retóricas (ej. la repetición sobre los vigilantes de obras) que debilitan el cierre del artículo.', ""Asegurar una conexión más sólida entre las críticas al 'hype' y la atención al móvil con el tema central del artículo, ya que actualmente parece un desvío temático.""]",opinion_v4
"Usadas, borradas y un poquito traicionadas",2025-07-19T05:00:00+02:00,https://cronicavasca.elespanol.com/opinion/20250719/usadas-borradas-poquito-traicionadas/1003742674963_13.html,"Últimamente, España parece un remake malo. Algo así entre House of Cards y La que se avecina. En un capítulo, burdeles y saunas. Al siguiente, reconquista en Torre-Pacheco. El resultado, un caos de testosterona, machismo, xenofobia, oportunismo e hipocresía donde solo importa una cosa: ganar el relato. A cualquier precio.","Últimamente, España parece un remake malo. Algo así entre House of Cards y La que se avecina. En un capítulo, burdeles y saunas. Al siguiente, reconquista en Torre-Pacheco. El resultado, un caos de testosterona, machismo, xenofobia, oportunismo e hipocresía donde solo importa una cosa: ganar el relato. A cualquier precio.
Y, por supuesto, nosotras estamos en el centro. O, mejor dicho, nos colocan ahí cuando les conviene. A las guapas, las feas, las listas, las tontas, las ricas, las pobres, las nacidas aquí y las llegadas de lejos. Todas acabamos convertidas en lo mismo: material de campaña.
Sí. Lo de Sánchez y la furia ultra son movidas distintas. Dignas de ser analizadas por separado, con sus aristas y miserias propias. Pero, si arañas un poco, descubrirás un denominador común que está pasando demasiado desapercibido: la instrumentalización de las mujeres.

Nos han convertido en el comodín del público en un concurso barato. Munición de guerrilla. Lo que demuestra, creo, que en realidad les importamos una mierda

Lo importante es debilitar al contrario. Polarizar aún más el ambiente. Y para conseguirlo, las señoras les estamos sirviendo de mil maravillas. Como prueba cuando encajamos en el discurso, borrándonos si lo estropeamos.
Nos han convertido en el comodín del público en un concurso barato. Munición de guerrilla. Lo que demuestra, creo, que en realidad les importamos una mierda. O que, por encima de todo, se importan ellos. 
Empecemos por los patriotas de pulserita rojigualda, a los que no voy a llamar fachas porque ya se encargan otros de hacerlo. Ellos, que niegan sistemáticamente la violencia de género, andan ahora preocupadísimos por el bienestar femenino.
Eso sí, cuando el delincuente es extranjero, suegro del Presidente o, en su defecto, los tres del Peugeot.
Ahí están, en Murcia, el Congreso y las redes, repartiendo leña con complejo de Cid Campeador. Dispuestos a limpiar la nación de la invasión magrebí que, dicen, va contra todo: el patrimonio, la seguridad y, oh, Dios mío, las mujeres.
Si nos agreden los de ocho apellidos españoles, pan de cada día, hemos de aceptar que son cositas que pasan entre personas adultas. Si lo hace un tipo que saltó la valla, entonces por supuesto: de repente existe la opresión por razón de sexo.



Pero a medias. No como problema estructural, porque eso señalaría a los ibéricos de toda la vida, sino como violencia cien por cien importada, ajena. Exotismos de una cultura lejana con religión represiva. Y eso no se puede consentir, hombre, ya.
Misma farsa a cuenta del proxenetismo. España es un país de puteros, bien lo saben ellos, pero solo se han llevado las manos a la cabeza al conseguir pruebas jugosas del otro bando. Y no con el loable objetivo de poner fin a la prostitución. Mucho mejor: para sacar tajada de la doble moral de la progresía española.
En definitiva, la indignación es selectiva. Porque las mujeres estamos presentes en sus rezos y oratorias, sí, pero mientras sirvamos de excusa para agitar el “nos invaden”, acicate para reforzar fobias y estrategia para rascar beneficio político.
Y lo peor no es que disimulen de pena su falso interés. Es que ni siquiera les hace falta. Abren la boca y les salen más amigos que con una caja de Donetes.
El discurso funciona, porque así pasa con cualquier solución fácil en tiempos difíciles. Vivimos una época llenita de precariedad, desencanto y sensación generalizada de que cada uno mira por lo suyo. Solo hace falta un chivo expiatorio. Una amenaza reconocible. Alguien contra el que cargar.
Y, ya de paso, una víctima a la que privar de su categoría de sujeto político para convertirla en lo que más conviene: una pieza táctica del tablero. No la reina. Un peón. O, más bien, peonas. Para mover según la jugada. Sacar al frente cuando venga bien. Sacrificar si molesta.
Pero lo triste es que esto también lo hacen, aunque de forma más sutil y quizá menos deliberada, nuestros presuntos aliados. Y duele. Me refiero a los autoproclamados feministas. La gente de izquierdas o, al menos, la que se dice así porque lo pone en la partida de nacimiento de sus agrupaciones.
El escándalo con lucecitas de carretera ha salpicado a los socialistas y la prioridad no ha sido el debate ético, sino sacar argumentos de debajo de las piedras para minimizar y desviar la atención. Que si los locales estaban alquilados. Que si no eran amigos. Que si una manzana con gusano no pudre el frutero. Que quién iba a saber lo que estaba pasando. Que cómo dudar ahora si las mujeres de la formación cierran filas. Que si “tú más”. 
Y como alguien pregunte demasiado, ya sabe: estará haciéndole el juego a la derecha. Así se acaba la controversia y, con ella, cualquier atisbo de honestidad.
Al final queda esa sensación incómoda de que, antes que nada, se defenderán a sí mismos. Que cuando el interés particular entra en conflicto, la pancarta morada puede convertirse en lo que tantas veces temimos: un recurso. Algo que se despliega mientras da rédito y se oculta el ratito que importuna.
Para colmo, con el río a punto de desbordarse, han desempolvado el debate sobre la abolición de la prostitución. Justo ahora, tras años ignorando la lucha solitaria de las feministas. No las del banderín ministerial ni las bienintencionadas inclusivas, sino las que bebieron de Beauvoir y Federici. El chiste se cuenta solo. 
Y luego está el incómodo asunto de la inmigración, otra grieta en el suelo de la izquierda o de lo que está a la izquierda del PP y VOX, que no es lo mismo.
En este punto conviene distinguir entre el Gobierno, ese PSOE que arrastra la “S” y la “O” como quien lleva las bolsas del súper hasta los topes, con lo que queda de Podemos y sucedáneos.



De momento el Ejecutivo de Sánchez se aferra a las estadísticas de criminalidad, que desmontan los bulos de Abascal y el oportunismo de Feijóo. Los otros, más audaces o más ingenuos, a veces es difícil saber, van saltando entre el negacionismo buenista y el paternalismo condescendiente.
Si alguien osa vincular violencia y migración por las bravas es racista, fascista, caca. Hasta ahí, ni tan mal. El problema llega cuando alertas del machismo transportado desde el otro lado del Estrecho. Y te etiquetan de lo mismo.
Insisto: la violencia contra las mujeres es un problema estructural. Fruto de un sistema patriarcal sin fronteras, perfectamente diseñado para controlar y oprimir nuestras vidas. Por tanto, aunque comprendo el miedo a alimentar el nauseabundo y meteórico discurso del odio, una especial indulgencia con esa parte de la población puede que no sea la mejor alternativa.
Quiero decir. Tal vez me equivoque, pero creo que taparse los ojos ante ciertos factores culturales, romantizar el velo o silenciar agresiones por no dar argumentos a la derecha no es solidaridad con quienes vienen de otros países buscando la vida decente que todos merecemos.
Es complejo de misionero. Y el resultado, el peor posible. Alejas a mucha gente honrada, pero cansada e infoxicada. Sigues reforzando a los vitoquiles de turno en su falso victimismo o en su patética heroicidad. Y traicionas a las mujeres. 
No sé, seguramente quiero decir que estoy harta. Harta de que seamos la excusa que justifica discursos racistas, el comodín en la guerrilla por el poder y el daño colateral que se esconde cuando no encaja en el relato. Y lo peor es no saber ya por dónde empezar. 
Ahora bien, si algo tengo claro es esto: a las mujeres no nos rescatarán los de las oratorias en el Congreso. Seremos nosotras mismas. O, mejor dicho, lo harán todas esas valientes que alzan la voz aunque les cueste el insulto, el desprecio o la cancelación. Las que luchan por un mundo más justo para todas las personas, sin renunciar a su dignidad.
Al final, los de arriba podrán retorcer el relato. Pero lo que hemos conquistado no lo entregaremos. Y lo que falta por conquistar no lo pediremos por favor. Ni hoy. Ni nunca. Además, con el puño en alto estamos mucho más guapas.",7949,"El artículo analiza la instrumentalización política y mediática de las mujeres en el debate público español, denunciando cómo tanto la derecha como sectores de la izquierda —incluidos algunos feministas— las convierten en peones en discursos polarizantes, desde la violencia de género hasta la inmigración, priorizando el beneficio político sobre la justicia real. Critica la hipocresía y la doble moral que usa a las mujeres como excusa para alimentar prejuicios o desvía la atención de problemas estructurales, mientras propone un feminismo auténtico y solidario como alternativa.",provocador,"El artículo cae en una **reiteración excesiva** de ideas clave ('munición de guerrilla', 'peones', 'traición'), lo que genera monotonía y debilita su impacto. Además, **salta entre registros** sin cohesión: pasa de un tono combativo y directo a reflexiones más abstractas o moralizantes (ej.: 'es complejo de misionero'), lo que resta agudeza. También hay **frases ambivalentes** que debilitan la fuerza crítica, como cuando dice *'no sé si me equivoque'* justo antes de reafirmar su postura, lo que resta contundencia. Por último, el **análisis de la izquierda** es superficial: reduce a Podemos y aliados a un bloque homogéneo sin matices, ignorando que dentro del feminismo también hay tensiones reales (ej.: abolicionismo vs. regulacionismo), lo que limita la profundidad del diagnóstico.",7.0,6.5,"['Tesis clara y bien definida: la **instrumentalización de las mujeres como herramienta política** es el eje central y se desarrolla con coherencia, evitando divagaciones innecesarias.', ""Uso efectivo de **ironía y sarcasmo** en pasajes clave (ej.: *'munición de guerrilla'*, *'peonas'*), que refuerzan el mensaje y generan engagement."", 'Denuncia **dos frentes contradictorios pero igual de problemáticos**: derecha (xenofobia, machismo) e izquierda (oportunismo, falta de honestidad), lo que enriquece el análisis y evita un enfoque maniqueo.', 'Cierre **motivador y empoderador**, que contrasta con la frustración inicial y cierra el círculo con un mensaje de resistencia colectiva, lo que refuerza la conexión emocional con la audiencia.']","[""Evitar **repeticiones textuales** (ej.: la frase *'munición de guerrilla'* aparece al menos tres veces con variaciones mínimas), que restan frescura al texto y cansan al lector."", 'Desarrollar **más las contradicciones internas de la izquierda**: el artículo menciona la hipocresía de algunos feministas, pero no profundiza en ejemplos concretos o en cómo esto afecta a la credibilidad del movimiento, más allá de aludir al caso de las luces de carretera. Un análisis más granular fortalecería el argumento.', ""Moderar el **tono moralizante** en pasajes como *'es complejo de misionero'* o *'no sé si me equivoque'*, que debilitan la contundencia de una columna que, en su mayoría, funciona con un lenguaje directo y combativo. Esto también ayuda a evitar que el lector perciba falta de seguridad en la postura."", ""Incluir **al menos un contraargumento o matices** sobre cómo sectores de la izquierda *sí* han avanzado en políticas de género (ej.: leyes, presupuestos, coaliciones con feministas independientes), para no caer en una crítica que parece un ataque desde la trinchera sin matices. Esto daría más peso al llamado a un feminismo 'auténtico'.""]",opinion_v4
Vacaciones productivas: la dictadura del ocio en el siglo XXI,2025-07-05T05:00:00+02:00,https://cronicavasca.elespanol.com/opinion/20250705/vacaciones-productivas-dictadura-ocio-siglo-xxi/1003742671256_13.html,"Así de cruel. Nos vendemos las vacaciones como premio, pero las gestionamos como otro trabajo
'Más de la autora': Lenguas desatadas","Vivimos en la era del alto rendimiento. Y no me refiero a entrenar como una gimnasta soviética. Quiero decir: hoy en día quien para pierde, quien descansa estorba. Byung-Chul Han, el filósofo, lo explica de maravilla. Nos autoexplotamos creyendo que somos libres. Y encima damos las gracias.
Total, que nada se detiene. Ni siquiera el ocio. Ahora, ese espacio de tiempo para el que no había que rendir cuentas se cronometra y cuantifica. Se mide en stories de 15 segundos y clics. En terraceos con amigas, calorías quemadas, novelas subrayadas, películas de Netflix, destinos tachados de una lista. Hasta echar una cabezadita después de comer tiene que parecer productivo. Qué horror.
Por eso, cuando llega el verano, nos volvemos peones de nuestra propia agenda. No basta con tumbarse al sol: hay que sacarle partido. Viajar a tres ciudades en cinco días, aprender paddle surf, sacarse el B2 de inglés entre mojitos, volver a echar pinchitos igual que en el primer año de enamoramiento. Iniciar septiembres más cultos, más vividos.



Es como si, por narices, el descanso tuviera que rendir beneficios. Una métrica para empezar el nuevo curso con la conciencia tranquila. Y la sonrisa rota.
Así de cruel. Nos vendemos las vacaciones como premio, pero las gestionamos como otro trabajo. Hacemos itinerarios con Excel. Miramos si el hotel tiene gimnasio. Activamos alarmas para pillar vuelo barato a las cuatro de la mañana. En ocasiones, madrugamos más de vacaciones que un miércoles.
Y llamamos desconexión a estar conectados como nunca. WiFi en el chiringuito de la playa, videollamadas desde el Airbnb, la cámara del móvil venga a hacer fotos para demostrar que hemos huido. Lo que viene siendo convertir el relax en un PowerPoint de anécdotas que, por supuesto, subiremos inmediatamente a las redes sociales.
La turra, que no falte.

 La economía de la atención no da tregua. Siempre encendidos, perpetuamente disponibles

Antes, creo recordar que el verano era tregua de verdad: siesta larga, pueblo, moscas zumbando. No había rutas que optimizar ni imágenes que editar al momento. Bicicleta vieja, castillos de arena, helados de hielo de 25 pesetas, picnis con tortilla fría y hormigas, mirar las nubes, batallas con piedras, cejas abiertas. Y nos olvidábamos del resto del mundo.
Se mataba el tiempo porque sí, con la marca de la camiseta o el bañador como único souvenir de vuelta a la rutina laboral. Y no había nada que justificar.
Quizá suene nostálgica. Pero nadie me va a bajar de esta burra. Antes se curraba hasta la saciedad porque no quedaba otra. Lo precario no quitaba lo valiente. Y con todo, trabajo y ocio eran especies distintas. Fábrica, por un lado, sofá por otro. Despacho cerrado, bar abierto.
Hoy todo se mezcla: la oficina cabe en el móvil, la tablet viaja en la mochila, las obligaciones se cuelan con un simple mail en la sobremesa. La economía de la atención no da tregua. Siempre encendidos, perpetuamente disponibles.

 Posturear para que quede constancia. Para que otros validen que nuestro tiempo libre merece la pena

El neoliberalismo de purpurina ha hecho mucha pupa. El viejo miedo a pecar por un poquito de placer ha sido sustituido por el terror a simplemente descansar. Parar por parar no suma, no puntúa. Es sospechoso. Si se desconecta es para eso que ahora llamamos reconectar. Algo así como un taller de recauchutado para el mantenimiento preventivo del empleado feliz.
Y echamos la culpa a los smartphones, Instagram y demás. Pero la tecnología no inventó esta ansiedad. Solo la colocó en la vitrina. La hizo portátil, medible, vigilante. Una lupa encima de cada minuto parado. Una correa que aprieta, pero no nos la quitamos. Y encima la asumimos como elección propia.
Además, y esta es la madre del cordero, hace no tanto tiempo el ocio era barato y colectivo: plaza, campa, fanta, pipas, caramelos. Hoy se vende como experiencia, checklist, marca personal. Hacer y consumir cosas chulas, o que al menos lo aparenten.
Porque no basta con vivirlo: hay que demostrarlo. Posturear para que quede constancia. Para que otros validen que nuestro tiempo libre merece la pena. Construir todo un catálogo de momentos que, se supone, miden quiénes somos y cuánto valemos. Obscenamente caros, obvio. Y súper auténticos, aunque al final de genuinos no tengan ni la etiqueta.

 

El ocio vacacional que nos vende este sistema agotador es lo más parecido a una cadena de montaje. Vuelos low cost para destinos high cost. Viajes empaquetados que prometen el oro y el moro mientras miles de turistas sudamos juntos, apretados en la misma foto de la misma puesta de sol. Una postal en serie. Por supuesto, cortando los extremos. Viva el autoengaño.
Sí, sé lo que algún lector avispado está pensando y no le falta razón: gastamos más que nunca en eso que llamamos ocio, descanso, vacaciones. Porque antes había tanta necesidad como obsesión por ahorrar. Y ahora queremos vivir. Pero es una trampa de manual.
Estamos gestionando nuestra supuesta liberación como si fuera un turno extra. Raspando tiempo que no nos dejan tener y cartera que cada vez da para menos en una farsa que no nos atrevemos a mirar de frente.
Porque, no nos engañemos, si paramos pensamos. Y si pensamos demasiado, igual se nos ocurre rebelarnos. Antes el opio era la religión. Hoy lo es este entretenimiento milimetrado y compartible.
Por eso, quizá ya sea hora de reclamar sin pudor un ocio lento, descaradamente improductivo. Ese placer olvidado de andar sin rumbo fijo, de tardes muertas. Hasta descubrir que oh, sorpresa, no pasa absolutamente nada. Bueno, sí, que estamos tan a gustito.

“El ser humano no está diseñado para ser feliz, sino para sobrevivir”.

También convendría un poco de ayuno digital, una dieta detox sin influencers, ni vídeos de TikTok, ni selfies obligatorios. Dejar el móvil apagado, no en silencio, algunas tardes. Asumir que lo que vivimos sigue existiendo igual de fuerte. Y que al hacerlo para nada se caerá el mundo. Ni desapareceremos. Al revés: nos vamos a encontrar.
Porque al final, eso tan temido que llaman aburrimiento puede que sea la terapia más magnífica. El verdadero lujo del siglo XXI.
Ahora bien, don’t worry: Mr. Wonderful ya sacará una taza para recordarnos que somos los mejores del mundo mundial si seguimos yendo a tope, con el ánimo por las nubes. Es lo que tiene este mercado implacable, siempre listo para sabotear nuestro propósito de verano nuevo. En caso de que se nos ocurra tenerlo.
No sé, seguramente estoy un poco cabreada porque acabo de leer a la Rojas Estapé diciendo que “el ser humano no está diseñado para ser feliz, sino para sobrevivir”. Y se me ha revuelto el segundo café del día. Culpa mía por ser una firme defensora del dolce far niente.
Y así seguiré. Ojo. Mirada al infinito, pies en alto y cerveza bien fría. Incluso si es Cruzcampo.",6817,"El artículo critica la obsesión contemporánea por maximizar la productividad incluso en el ocio, transformando las vacaciones en una extensión del trabajo bajo el yugo del neoliberalismo y la economía de la atención. Aboga por recuperar un descanso auténtico, lento y desconectado, cuestionando la mercantilización del tiempo libre y su presentación como experiencia de marca personal. Usa el contraste entre el ocio tradicional y el actual para subrayar la pérdida de significado y libertad en el descanso moderno.",satírico y combativo,"El texto cae en una redundancia excesiva al repetir ideas clave (como la gestión de vacaciones como 'trabajo' o la crítica al ocio medido) sin aportar matices nuevos. La mención a la frase de Rojas Estapé al final parece forzada y poco integrada en el desarrollo, rompiendo el flujo argumental. Además, la ironía, aunque presente, a veces se vuelve predecible (ej.: 'Lo que viene siendo convertir el relax en un PowerPoint de anécdotas'), perdiendo agudeza en momentos clave. La nostalgia por el ocio 'antiguo' carece de ejemplos concretos que la sustenten más allá de clichés generacionales, lo que debilita su impacto emocional y crítico.",7.0,7.5,"[""Uso efectivo de la sátira y la ironía para exponer la contradicción entre el discurso de las vacaciones como premio y su ejecución como obligación productiva. Ejemplos como 'itinerarios con Excel' o 'alarmas para vuelos baratos a las 4 AM' son visuales y precisos."", ""Estructura temática coherente que avanza desde la crítica al ocio cuantificado hasta la propuesta de un descanso 'improductivo', con un cierre redondo que refuerza la tesis con metáforas contundentes (ej.: 'el aburrimiento como terapia')."", ""Lenguaje rico en recursos retóricos —metáforas ('cadena de montaje del ocio'), antítesis ('premio/obligación')— que enriquecen la argumentación y la hacen memorable."", ""Contraste efectivo entre épocas ('antes' vs. 'ahora'), aunque podría profundizarse con datos o referencias que validen la evolución descrita""]","[""Evitar la repetición de ideas clave (ej.: la frase 'Nos vendemos las vacaciones como premio, pero las gestionamos como otro trabajo' aparece casi literal dos veces). Redundancia que debilita la fluidez y el impacto."", ""Incluir ejemplos concretos más allá de lo anecdótico para sustentar la crítica al ocio mercantilizado. Por ejemplo: datos sobre el gasto en 'experiencias' vs. ocio tradicional, o estudios sobre la relación entre productividad vacacional y bienestar real."", 'Integrar mejor la mención a Rojas Estapé en el cuerpo del artículo en lugar de usarla como un *post scriptum* que rompe la cohesión. Podría servir para cerrar con fuerza la crítica al individualismo neoliberal o como contraargumento a su postura sobre la felicidad.', ""Aprovechar más la ironía para atacar *in medias res* las instituciones o actores concretos detrás de esta lógica (ej.: agencias low-cost, influencers, plataformas de *checklists* de viajes), en lugar de limitarse a generalizaciones como 'este sistema agotador'""]",opinion_v4
Del favorcito al saqueo: crónica de una corrupción anunciada,2025-06-21T05:00:00+02:00,https://cronicavasca.elespanol.com/politica/20250621/favorcito-saqueo-cronica-corrupcion-anunciada/1003742667712_13.html,"
","Lo hablaba el otro día con el chico que estoy conociendo, entre vino barato y esa costumbre tan mía de resolver el mundo sin levantar del sofá. ¿El corrupto nace o se hace? ¿Viene de serie o toma color a fuego lento? ¿Sale de fábrica con el alma podrida para acabar pidiendo comisiones por mascarillas del chino o es algo que cala como la humedad en los pisos de renta antigua?
No sé cuándo Pepe Mújica dijo aquello de que el poder no corrompe, revela. Y yo jamás le voy a llevar la contraria. Pero lo que me pregunto es si, además de eso, va puliendo los escrúpulos con lija fina.  Si no será que entra de puntillas y se perfecciona casi con más costumbre que malicia.
Es decir. Primero haces un favor sin importancia, como conseguir al cuñado de alguien una cita con Hacienda evitando centralita. Total, son cinco minutos. Luego otro con más enjundia: colocas a la hija de un amigo porque es lista y está en paro y, además, no hay nadie mejor. Después, recomiendas a una compañía conocida para no sé qué concurso público. Un empujoncito tonto.

Pepe Mújica dijo aquello de que el poder no corrompe, revela

Y así un día, casi sin darte cuenta, te encuentras de cena en Casa Lucio firmando contratos millonarios con empresas que hasta ayer operaban desde el garaje de una unifamiliar. Y alguien paga la mariscada con una tarjeta más opaca que las noches en la puerta del Oh, Pamplona. 
Creo que la Sociología llama a esto pendiente resbaladiza. Una teoría con nombre inocente, pero fondo tan turbio como los discos duros de Bárcenas antes del martillazo. Grosso modo viene a explicar que pequeñas decisiones moralmente dudosas aunque de poca monta acabarán abriendo la veda pasito a pasito, suave, suavecito, a otras peores.
Igual que cuando Ábalos pensó que no ocurría nada por salir quince minutos antes del trabajo y, entre que sí y que no, una movida llevó a la otra y acabó haciendo horas extra para currarse una trama deluxe de trapicheos. 
Además, a la hipótesis de la pendiente resbaladiza se suma el principio de normalización de la desviación. Traducido al castellano de calle: cuando lo anómalo se repite tanto que se convierte en rutina. Vamos, que si te encuentras en un entorno donde el enchufe se vuelve norma y la picaresca tatuaje, al final lo raro no es la trampa. Lo es el escrúpulo. Ser el tonto que sigue haciendo las cosas como Dios manda.

Si te encuentras en un entorno donde el enchufe se vuelve norma y la picaresca tatuaje, al final lo raro no es la tramp

Y hay que tener muy bien puesta la montera, o la boina, para parecer gilipollas y que no te importe. Lo digo yo, que se me ríe hasta el cura por pedir factura a los gremios. 
De hecho, este circo de tres pistas y monos voladores que tenemos montado no va solo de ladrones de guante blanco. Nuestros cargos públicos son la parte vistosa del iceberg porque, ay, caramba, nos representan y se supone que han de servir a un bien mayor. Pero tirando todo recto hacia abajo, está el quid del asunto. Una cultura que convierte lo torcido en paisaje.
Un vino, una chapuza, una revisión oftalmológica sin ticket. Una ronda de despachos en la Universidad antes de que salgan las notas. Un encuentro con el gerente a espaldas del comité de empresa. Así empieza todo. No con un sobre, sino con un “no pasa nada” o “todo el mundo lo hace”.
Nos encanta cagarnos en nuestros políticos con la indignación por las nubes. Es una tendencia casi irreprimible. Pero seamos honestos: muchos de los que habéis llegado a este párrafo no sois tan distintos. Solo que ellos tuvieron más y mejores ocasiones para cruzar la línea.

Nuestros cargos públicos son la parte vistosa del iceberg porque nos representan y se supone que han de servir a un bien mayor

Y aquí viene lo más inquietante. Hay otra teoría, sí, hoy me ha dado por ahí, que explica por qué gente aparentemente decente acaba de mierda hasta la glotis y todavía se justifica o lo relativiza o se ofende. La disonancia cognitiva.
Me refiero a esa incomodidad interna que sentimos si hacemos algo que no cuadra con lo que creíamos ser o con lo que otros esperaban de nosotros. Y que al final, cuando todo se desmadra, resolvemos con un clásico: autoengañándonos.
Es decir. El día que te pillan con las manos en la caja, ya te has convencido de que era compartida.
Y si lo ha hecho tu gente, ídem. Porque, ¿qué pasa con esos que no roban y, a la vez, se rodean de trileros con máster en saqueo? ¿Con quienes jamás firmaron algo turbio, pero viajaban en coche oficial junto al trío calavera? ¿Los que comparten consejos a altas horas de la noche y luego pillan al colega con el carrito del helado y la secretaria lamiendo cucurucho… y aseguran que no podían imaginar?
Yo puedo aceptar que haya políticos y asesores mangantes, tremendamente vividores y sinvergüenzas. Incluso, y esto duele porque da más asco que sorpresa, se corrompan señores que se autocalifican de izquierdas. Vendidos tragándose sus principios como si fueran omeprazol antes de una comida indigesta.
Pero lo que no compro es la cara de póker de quienes se sientan a su lado, culo con culo, y afirman que jamás sospecharon.
¿De verdad Pedro Sánchez, tan listo, tan hábil, tan lector de almas, no intuía que Koldo, Ábalos y Santos Cerdán habrían estado mejor haciendo cine de destape? ¿En serio María Chivite se enteró por los jueces de la trama navarra? ¿Nadie dentro del partido se olió el pastel?

¿De verdad Pedro Sánchez, tan listo, tan hábil, no intuía que Koldo, Ábalos y Santos Cerdán habrían estado mejor haciendo cine de destape? 

Bastaba con aplicar el sentido común. Esa punzadita que recuerda que en política, como en los bares, si no sabes quién es el borracho probablemente solo tengas que mirarte al espejo.
Pero claro, el osado que rompe la omertá acaba comiendo solo. Así que, mejor, jugar a la gallinita ciega y seguir en la foto.
Bien lo sabe el PP, único partido de toda Europa condenado por corrupción. Ahí está, repartiendo carnés de decencia mientras paladea su regreso al poder con la mano tendida al chiringuito voxero de Abascal. A fin de cuentas, con esta peña se olvida pronto, se perdona rápido y se vota igual. 
No sé, seguramente me he alargado muchísimo para acabar dando la razón a Mariano Rajoy cuando dijo aquello de “cuanto peor, mejor, mejor para mí el suyo beneficio político”. Nunca terminé de descifrar el trabalenguas, pero a la vez, intuyo que el Oráculo de Pontevedra dio en el clavo.",6416,"El artículo analiza la corrupción como un proceso escalonado, desde gestos aparentemente inocuos hasta prácticas delictivas, usando teorías como la 'pendiente resbaladiza' y la 'disonancia cognitiva'. Critica la complicidad social y política con estos fenómenos, destacando la hipocresía de quienes participan indirectamente en redes corruptas, desde la normalización de pequeños favores hasta la tolerancia hacia figuras públicas involucradas en escándalos como el caso Gurtel o las redes de Ábalos. La columna concluye con una reflexión sobre la autocrítica colectiva y la responsabilidad individual en un sistema donde la corrupción se normaliza.",provocador,"El artículo cae en la redundancia al repetir ideas clave sin aportar profundidad nueva, como cuando explica la 'pendiente resbaladiza' dos veces (párrafos 5 y 10) sin avanzar en el análisis. La ironía, aunque presente, se vuelve predecible y poco original, especialmente en frases como la del 'cine de destape' para describir a Ábalos y Cerdán, que parece un cliché recurrente en este tipo de columnas. Además, hay un exceso de ejemplos genéricos ('un vino, una chapuza...') que debilitan la fuerza del argumento al no vincularse a casos concretos o datos recientes, lo que resta impacto. Finalmente, el cierre con la frase atribuida a Rajoy ('cuanto peor, mejor') es un guiño demasiado obvio y poco arriesgado para una pieza que aspira a ser provocadora.",7.0,6.5,"[""Uso efectivo de teorías sociológicas ('pendiente resbaladiza', 'disonancia cognitiva') para ilustrar el proceso de corrupción, lo que aporta un marco conceptual que enriquece el análisis más allá del tópico."", ""Tono provocador y directo que invita a la reflexión crítica, especialmente en pasajes como el que cuestiona la complicidad de quienes 'no roban pero se rodean de trileros'."", 'Estructura dialéctica que contrasta la indignación pública con la normalización social de prácticas corruptas, creando un contraste efectivo para reforzar la tesis.', 'Inclusión de referencias a casos reales (ej. Ábalos, Gurtel) que dan peso al argumento, aunque podrían profundizarse más.']","['Evitar la repetición de ideas clave (ej. la pendiente resbaladiza) para no debilitar el ritmo del texto y mantener la atención del lector.', 'Incluir ejemplos más específicos y actualizados (más allá de casos ya conocidos como Bárcenas o Gurtel) para reforzar la vigencia del análisis y evitar que el texto parezca una recapitulación.', ""Reducir el tono confidencial ('entre vino barato y esa costumbre...') que, aunque cercano, puede restar seriedad a un tema grave como la corrupción, especialmente en pasajes donde se mezcla lo personal con lo político."", 'Desarrollar más la tesis sobre la disonancia cognitiva: explicar cómo opera en casos concretos (ej. políticos que justifican su cercanía a corruptos) en lugar de quedarse en la descripción genérica.']",opinion_v4
Lenguas desatadas,2025-06-14T05:00:00+02:00,https://cronicavasca.elespanol.com/opinion/20250614/lenguas-desatadas/1003742665689_13.html,"Hay una señora, no precisamente de bien, a la que un minuto de euskera le hace más pupa que tres vermús seguidos bajo el sol en una plaza recién reformada de hormigón armado. Ella, heredera de los relaxing cups of café con leche, coetánea del mentoring y defensora de los outlets de alta gama, escucha un “kaixo” en el Congreso y se le desata la húmeda.","Hay una señora, no precisamente de bien, a la que un minuto de euskera le hace más pupa que tres vermús seguidos bajo el sol en una plaza recién reformada de hormigón armado. Ella, heredera de los relaxing cups of café con leche, coetánea del mentoring y defensora de los outlets de alta gama, escucha un “kaixo” en el Congreso y se le desata la húmeda.
Ayuso abandona la conferencia de presidentes al hablar Pradales en euskera
En su imaginario, y cada día el de más gente, España es una y uno ha de ser su idioma allí donde todas las regiones están representadas. Y donde no, seamos honestos: también.
Lo curioso es que ese planteamiento la acerca más a la facción vasca que tanto denigra que a su propio partido. Al menos, de cuando ella todavía no era la diva política en la que se ha convertido. Hace apenas tres años, en un acto en Galicia, el PP proclamaba que vivimos en un Estado plurinacional. Nadie rechistó. Ya ves tú.
Pero claro, desde entonces ha habido tiempo, oportunidades y facherío de sobra para avivar viejos fuegos. Y esta fauna es así: cuanto más acelera, más calentita se pone. Y de paso va abrasando a esa parte del personal que quizá no tiene mala fe, pero sí el seso blandurrio de tanto gritar “libertad”. 
Total, que el euskera es una lengua minoritaria. Despreciablemente minoritaria, si atendemos al discurso de Isabel Díaz Ayuso y su creciente club de fans. Pero a la vez, paradojas de la vida, una amenaza peligrosa. Un ataque tribal que rompe de golpe y porrazo la unidad de España, cortando flequillos a machete.

¿?

Ahora bien, el cortocircuito no es exclusivo de esa orilla. Mientras los supuestos patriotas rojigualdos agitan el fantasma de la imposición, desde el lado contrario hay quienes se han dedicado a levantar más muros que viaductos. A veces, sin mala baba. En ocasiones, con conocimiento de causa.
Y así ha ocurrido. Que ahora parte de la población considera el euskera un complemento ideológico. Una especie de pin en la solapa que mide el pedigrí vasco. ¿Resultado? Unas personas lo usan como certificado de pureza. Otras lo rechazan igual que agua ardiendo. Y luego están a las que les da cosa hablarlo por miedo a meter la pata, a que les juzgue un tribunal de autenticidad inexistente. A sentirse, en definitiva, impostoras.
Y en este campo de batalla, entre la sospecha, la apropiación, el rechazo, la cobardía mal entendida y el ninguneo, es donde aparecen debates tan necesarios como incómodos. EH Bildu acaba de pedir que todo el personal de la Administración Pública domine el euskera. A fin de cuentas, es tan oficial como el castellano. Y tan nuestro, o más, que la lengua de Cervantes.
La ambición de la coalición soberanista es lógica. La intención, legítima. Pero la realidad, tozuda. Y voy a poner un ejemplo. El de siempre, para qué engañarnos, pero es que tiene todo el sentido del mundo y funciona muy bien.
¿Podemos permitirnos ese nivel de exigencia ya mismo, de golpe y porrazo, cuando Osakidetza se enfrenta a una crisis alarmante de personal sanitario? ¿Vamos a negar el acceso a una cirujana brillante, como preguntaba mi cuñado, porque su batua sea de momento más caótico que una barra de pintxos en fiestas populares?

. Quizá solo necesita voluntad, corazón y orgullo bien entendido

Meter las manos en el barro implica preguntarse dónde está el equilibrio entre defender el euskera y garantizar los servicios públicos esenciales, entendiendo la actual realidad lingüística. Claro que… ¿qué sabré yo sobre salvar vidas si confundo etorri con etorren?
No hay respuestas fáciles. Pero sí, una certeza. Al menos queda una. Que más allá del debate de siempre entre extremos, la lengua vasca es identidad, patrimonio, memoria, raíz, posibilidad. Es pertenencia sin permiso, herencia sin manual, territorio emocional.
No sé, seguramente me estoy metiendo en camisa de once varas. O doce, si las hay. Lo que quiero decir es que, tal vez, el euskera no necesita ser defendido con espadas ni exigirle carnet. Quizá solo necesita voluntad, corazón y orgullo bien entendido.
Ser, de verdad, refugio compartido. Un espacio donde quepa tanto el euskaldun zaharra que habla vizcaíno en sueños, como la irakasle que enseña apasionadamente o el euskaldun berria que empezó a estudiar con cincuenta años.
Este domingo se celebra el Araba Euskaraz. La oportunidad perfecta para despojar nuestro idioma de toda hojarasca política y verlo como lo que realmente es: un tesoro colectivo sin correa, ni maquillaje, ni aduana. Milenario, generoso, vivo.
Y para que siga así, probablemente la tarea más urgente sea protegerlo. No solo de quienes lo desdeñan, temen, maldicen. También, de algunos de sus más fervientes guardianes.",4680,"El artículo analiza la polarización alrededor del euskera en el debate político español, criticando tanto el rechazo excluyente de figuras como Isabel Díaz Ayuso como las exigencias extremas de grupos soberanistas como EH Bildu. Propone un enfoque equilibrado que priorice su valor cultural e identitario sin descuidar la cohesión social y los servicios públicos esenciales.",provocador,"{'fallos_mayores': [""La crítica a Ayuso y su club de fans es demasiado genérica y poco concreta: se repite el estereotipo de la 'reacción' sin profundizar en ejemplos específicos o datos que respalden la acusación de 'desprecio' hacia el euskera. Esto debilita la fuerza retórica y convierte la ironía en un lugar común."", ""El artículo cae en la trampa de la **falacia de la falsa equivalencia** al comparar el 'rechazo' de Ayuso con las demandas de EH Bildu sin matizar que estas últimas tienen un sustento legal y sociolingüístico (el euskera es cooficial en el País Vasco y Navarra), mientras que la postura de Ayuso es política y discursiva, no lingüística."", 'La estructura argumental se resiente por **saltos lógicos** entre la anécdota inicial (la señora del vermú) y el análisis político. La transición de lo anecdótico a lo sustancial pierde fuerza por la falta de un puente claro, lo que diluye la coherencia del discurso.', ""El cierre, aunque poético y emotivo, **no cierra el círculo argumental**: repite la idea de 'voluntad' y 'orgullo' sin conectarla con las contradicciones expuestas antes (ej.: crisis sanitaria vs. exigencia lingüística). Esto deja el artículo en un tono idealista sin resolver las tensiones planteadas.""], 'errores_formales': [""Uso excesivo de **colloquialismos y jerga** ('facherío', 'sesos blandurrios', 'meter las manos en el barro') que pueden alienar al lector no familiarizado con el registro satírico. En un artículo de opinión serio, estos recursos deben usarse con precisión, no como sustituto de análisis."", ""Falta de **profundidad en el contrapunto**: el artículo menciona que 'desde el lado contrario hay quienes levantan muros', pero no desarrolla ejemplos concretos (¿qué partidos o figuras? ¿qué políticas concretas?) más allá de EH Bildu, lo que debilita la objetividad pretendida.""]}",7.0,6.5,"[""El **lanzamiento con ironía** ('la señora no precisamente de bien', 'heredera de los relaxing cups') logra captar la atención y establece un tono provocador que invita a leer más, evitando el discurso aburrido típico de este tipo de debates."", ""La **identificación de paradojas** (euskera como minoría pero 'amenaza'; lengua oficial pero usada como 'certificado de pureza') es un acierto retórico que expone las contradicciones del debate con agudeza, aunque luego no las desarrolle plenamente."", 'El **uso de recursos narrativos** (la cirujana brillante, el cuñado como *foil*, el ejemplo de Osakidetza) humaniza el tema y evita que el artículo caiga en lo abstracto, conectando con emociones y experiencias cotidianas.', 'La **denuncia de la politización del euskera** es un tema necesario y poco explorado en medios generales, lo que le da al artículo un valor añadido como pieza de opinión que cuestiona narrativas simplistas.']","[""Desarrollar **argumentos concretos** en lugar de generalidades: por ejemplo, ¿qué políticas específicas de Ayuso o su partido han generado esta supuesta 'humedad' en la sociedad? ¿Qué datos hay sobre el uso del euskera en la administración pública vasca vs. el rechazo mediático?"", ""Evitar la **autocomplacencia en la ironía**: frases como *'meter las manos en el barro'* o *'camisa de once varas'* son recursos válidos, pero aquí se usan de forma repetitiva y poco refinada, restando elegancia al texto. Un estilo más pulido mejoraría su impacto."", 'Incluir **mínimo un contrapunto serio**: el artículo critica a ambos bandos, pero no ofrece voz a defensores moderados del euskera (ej.: partidos como PNV o coaliciones que promueven su uso sin radicalismos). Esto limitaría la percepción de objetividad.', ""Refinar la **transición entre ideas**: el salto de la anécdota inicial a la crítica política es abrupto. Un párrafo intermedio que vincule el 'imaginario' de la señora del vermú con el discurso político de Ayuso (ej.: cómo su retórica choca con la realidad sociolingüística) daría más solidez al argumento."", ""Cerrar con **una propuesta concreta**: el final es hermoso y emotivo, pero no resuelve el dilema planteado. ¿Qué medidas prácticas sugeriría para ese 'equilibrio' entre identidad y servicios públicos? ¿Cómo evitar que el euskera sea 'defendido con espadas' sin caer en el abandono?""]",opinion_v4
"A propósito del genocidio, una perogrullada",2025-06-07T05:00:00+02:00,https://cronicavasca.elespanol.com/opinion/20250607/proposito-genocidio-perogrullada/1003742663875_13.html,"Me importa un carajo cuántos misiles haya lanzado Hamás antes de que Israel se pusiera farruco. En serio. Tampoco voy a batirme a capa y espada por el eterno debate sobre cuándo y cómo empezó la movida. Desconozco si antes de que nada de esto existiera ya existía la Palabra y si la Palabra era Dios o un cabrón desalmado. Además, me lío con las resoluciones de la ONU. Y eso de los “dos Estados” me suena más a terapia de pareja abocada al fracaso que a una propuesta rica, rica y con fundamento.","Me importa un carajo cuántos misiles haya lanzado Hamás antes de que Israel se pusiera farruco. En serio. Tampoco voy a batirme a capa y espada por el eterno debate sobre cuándo y cómo empezó la movida. Desconozco si antes de que nada de esto existiera ya existía la Palabra y si la Palabra era Dios o un cabrón desalmado. Además, me lío con las resoluciones de la ONU. Y eso de los “dos Estados” me suena más a terapia de pareja abocada al fracaso que a una propuesta rica, rica y con fundamento.
Y aun así, o quizá precisamente por eso, estoy plenamente convencida de lo siguiente. Ningún ser humano vivo, ni siquiera el último becario de Pedrerol, necesita controlar sobre geopolítica para saber lo que está pasando. Para nada hace falta tener el conocimiento de un analista postrado a los pies del Campo de los Olivos o con la mirada perdida en el devastado Puerto de Anthedon.
Esto no tiene la complejidad de la ecuación de Schrödinge. Qué va. Y quien afirme lo contrario, que se lo haga mirar. Hace tiempo que este asunto dejó de ser un conflicto histórico con múltiples narrativas. O una coreografía de bloques y vetos.

No sé, seguramente quiero decir que estoy harta. . 

Lo de Israel con Palestina se ha convertido en un truecrime a cámara lenta. La limpieza étnica del momento, retransmitida en directo y alta definición.
Y nosotros contemplamos el genocidio, porque esa es la palabra, genocidio, desde la comodidad del sofá. Muchos, consternados, incrédulos, horrorizados. Otros, más de los necesarios, con cierta satisfacción, como el archienemigo del Doctor Gadget acariciando a Mad Cat.
Sorprendentemente, o tal vez no, aún hay quienes insisten en que lanzar bombas sobre hospitales es una respuesta legítima. Y no importa el vértigo de los números. Se han convertido en especialistas defendiendo lo indefendible. Igualito que cuando un niño rompe un cristal de un pelotazo y jura que fue el viento.
Israel no tendrá muro suficiente
Qué le vamos a hacer. La vida es así y no la he inventado yo, ni tú, ni el que asó la manteca. Pero me angustia la capacidad de algunos para empaquetarla, justificarla y revenderla con el ticket del Holocausto grapado detrás y un seguro a todo riesgo suscrito por Wall Street.
En año y medio, han caído más de 130.000 toneladas de bombas sobre Gaza. El 80% del territorio ya es polvo. La infancia, balance sin derecho a duelo. Solo en los dos últimos meses, Israel ha asesinado a 700 menores y herido a 1.900.
No lo digo yo. Son datos de la ONU, esa que cuenta cadáveres con una mano mientras con la otra firma resoluciones que no valen ni para envolver sardinas.

. . 

Mueren más niños de los que nacen, y los que llegan al mundo cruel no es con una barra bajo el brazo. Ahora familias enteras caen haciendo cola en la panadería. Israel lo bombardea todo. Escuelas que no valen ni como refugio: Al-Nasr, Musa bin Nasser, Al-Hasaynah... Hospitales de los que solo queda el nombre. Ni electricidad, ni anestesia, ni antibióticos. La Franja perdió incluso el derecho a respirar de forma asistida.
La aberración se ha convertido en parte del procedimiento. También el hambre es parte del plan. 
Netanyahu ha bloqueado la entrada de alimentos, como quien baja la persiana de un ultramarinos a mitad de la jornada laboral con un cartel de “volveré pronto” y nunca más se supo. Los camiones cargados de ayuda ya no pasan de la frontera. Más de dos millones de personas comen poco y mal. Casi 500.000 están al borde la hambruna. La gente pierde peso y defensas. Las infecciones se propagan sin resistencia. Quien sufre diarrea sabe que fue sentenciado a muerte.
Gaza es una prisión al aire libre. Una despensa vacía con barrotes.
Y el Gobierno de Israel, una diva valiente y poderosa. Porque se le permite. Y se le financia. Hace lo que quiere porque puede decirlo alto y claro, sin complejos, grabándolo y repitiéndolo en la golden hour. Que va a conquistar Gaza. Purificarla. Con la ayuda de Dios. Tal cual. Una impunidad escandalosa, planchada con la raya diplomática de la OTAN.
¿Imaginas si Rusia dijera esto de Ucrania? ¿Corea del Norte del Sur? ¿Cuba de Miami?  ¿Y si materializara, literalmente, el discursito? 
Claro que no. Jamás se toleraría semejantes atrocidades de otro Estado y seguir tratándolo de usted y como democracia. Bastaría un tuit para activar sanciones, resoluciones, portadas, amenazas. La barra libre es para Israel, porque los traumas le excusan, el dinero lo cubre, las cumbres borrascosas condenan con la boca pequeña.
No sé, seguramente quiero decir que estoy harta. Hasta las narices de los que te acusen de alinearte con los movimientos islamistas por denunciar al aparato sionista. De la pujante ultraderecha occidental llorando por los derechos humanos cuando le conviene. Del “yo no soy racista, pero...”. De que la vida tenga distinto precio según la orilla.
De que matar se pueda justificar si estabas en el lado “correcto” de la historia. De los que se enervan más con un escaparate roto en París que con 35.000 cuerpos bajo escombros. De discusiones sobre estadísticas y margen de desviación.
¿Cuándo se empezó a sospechar más de quien denuncia una masacre que de quien la ejecuta? ¿Cuándo empezamos a discutir por la cifra de asesinados en vez de llorarlos? ¿A quién no se le puede poner la piel de gallina con el embajador de Palestina?
¿De verdad hace falta tener respuestas? ¿Hace falta saber? ¿O lo que hace falta, de una maldita vez, es humanidad?
Israel no tendrá muro suficiente",5469,"El artículo critica la impunidad con la que Israel actúa en Gaza, denunciando el genocidio y la hipocresía occidental ante las atrocidades, mientras compara la doble moral aplicada a otros conflictos. La autora expresa su hartazgo por la normalización de la violencia y la justificación de acciones inhumanas bajo el manto de traumas históricos y poder económico, cuestionando la pasividad global ante la crisis humanitaria.",provocador,"El texto carece de un desarrollo estructurado de la tesis inicial, saltando entre acusaciones genéricas y datos sin profundizar en su contexto histórico o geopolítico. La repetición de ideas clave (ej. la impunidad de Israel, el doble rasero occidental) resta fuerza argumental y parece más un desahogo emocional que un análisis crítico sólido. Además, la ironía y el sarcasmo, aunque efectivos en algunos pasajes, caen en lo predecible (ej. comparaciones con 'truecrime' o 'terapia de pareja') sin aportar matices nuevos. La crítica a la ONU y a la pasividad internacional es válida, pero se formula sin mención a posibles soluciones o alternativas, lo que debilita el impacto.",6.0,6.5,"[""Uso contundente de recursos retóricos (metáforas como 'prisión al aire libre' o 'despensa vacía con barrotes') que refuerzan la denuncia con imágenes visuales y emotivas."", 'Denuncia clara y directa de la hipocresía occidental y la doble moral en materia de derechos humanos, con ejemplos concretos que conectan con la indignación del lector.', 'Tono combativo y personal que transmite urgencia y urgencia moral, evitando la frialdad de un análisis académico.', 'Inclusión de datos concretos (toneladas de bombas, niños muertos, hambruna) que humanizan la tragedia y refuerzan el argumento, aunque sin contextualizarlos']","['Evitar la repetición de ideas clave (ej. la impunidad de Israel o el doble rasero) para no caer en la monotonía y fortalecer la originalidad del texto.', 'Incluir al menos un contraargumento o mención a perspectivas alternativas (ej. posturas pro-israelíes o críticas a Hamás) para enriquecer el debate y no caer en un discurso maniqueo.', 'Profundizar en el contexto histórico o geopolítico para justificar por qué este conflicto es distinto a otros y por qué la impunidad de Israel es tan particular, no solo describirla.', ""Reducir el tono coloquial en algunos pasajes ('Me importa un carajo', 'hasta las narices') para mantener la seriedad del tema tratado y evitar que el estilo socarrón distraiga de la gravedad de la denuncia.""]",opinion_v4
El kit de emergencia que más necesitas,2025-05-10T05:00:00+02:00,https://cronicavasca.elespanol.com/opinion/20250510/el-kit-de-emergencia-que-mas-necesitas/1003742656250_0.html,"El verdadero apagón no fue eléctrico, fue emocional
Más información: De asaltar los cielos a asaltar la buena voluntad","Aquí, en Euskadi, fue poca cosa. La luz dijo ciao a mediodía y volvió casi antes de que el arroz que no se pasa hiciera bola. Pero en buena parte de España, el apagón se alargó lo suficiente como para revelar una gran verdad: cuando cae la electricidad, hay algo mucho más frágil que empieza a hacer cortocircuito.
Y no, no lo habíamos visto venir.
Las impactantes imágenes del masivo apagón eléctrico en Euskadi
Quiero decir. Pasaron cosas previsibles. Compradores compulsivos de papel higiénico y latas de atún. Nostálgicos de saldo romantizando el desastre. “Qué ilusión encender el transistor”. “Viva el vino, las mujeres y el cash”. Nervios por perder la pechuga de pollo congelada desde febrero. Ese tipo de conductas humanas que una procura entender, aunque no pueda evitar reírse un poco.
Pero lo que de verdad desató el modo pánico fue otra cosa. El fin de la batería del móvil. Verlo agonizar lentamente, como una fogata en un funeral vikingo. O, peor aún, confirmar que importaba poco si lograba aguantar un rato más vivo porque empezó a fallar la cobertura. Acabáramos.
Lo dramático, lo verdaderamente trágico, fue no poder comunicarse por WhatsApp. Ni subir stories al momento relatando la agonía. Un día entero ausente de likes. Sin saber si alguien seguía ahí, al otro lado, pendiente de lo mismo que tú. O, qué narices, pendiente de ti.
El verdadero apagón no fue eléctrico. Fue emocional. Una desconexión forzada que bloqueó las notificaciones de afecto. Un fallo en el servidor de nuestra autoestima digital.

El verdadero apagón no fue eléctrico. Fue emocional. Una desconexión forzada que bloqueó las notificaciones de afecto

Curioso. Nos gusta pensar que somos gente dura. Herederos de quienes sobrevivieron a guerras, dictaduras, leche en polvo y Cola-Cao con grumos. Pero resulta que basta que caiga Internet para que nuestra identidad, y el sentimiento mismo de pertenencia, empiece a dar bandazos.
¿Quién soy si no puedo actualizar mi estado? ¿Dónde demonios está mi tribu cuando nadie responde con un sticker? Sin el cordón umbilical tecnológico, mucha gente se sintió más desamparada que sin agua caliente. Más sola que Robinson Crusoe en la isla esa.
Síndrome de abstinencia afectiva. Eso es lo que sufrió el personal. Del smartphone, obviamente. Ese tótem que llevamos en el bolsillo y al que confiamos sin reparos nuestros vínculos, nuestra diversión, nuestras miserias disfrazadas de stories felices. Ese oráculo portátil al que rezamos cada mañana para recordarnos quiénes somos. O qué queremos parecer.
Tiene gracia porque, durante el confinamiento de 2020, nos hiperconectamos. Saturamos los directos de Instagram, los Zoom con fondo de biblioteca y las videollamadas que eran excusa para beber vino en pantuflas. Creímos a pies juntillas que la tecnología podía sostenernos. Vaya trola.

Resulta que basta que caiga Internet para que nuestra identidad, y el sentimiento mismo de pertenencia, empiece a dar bandazos

La psicóloga Sherry Turkle lo dijo antes de que se hiciera tendencia: confundimos conexión con conversación. Nos acostumbramos a hablar a través de pantallas, pero empezamos a dejar de mirar a los ojos.
Y cuando se fue la luz, y con ella la señal, muchas personas sintieron una punzada rara en el pecho. La que asalta cuando falla una comunidad que, a demasiados ratos ya, es más digital que presencial. Se apagó el router del mundo y descubrimos que nos estamos quedando sin plan b.
Me explico. La Comisión Europea nos recomendó, de irse el planeta temporalmente a pique, tener a mano pilas, hornillo portátil, latas de fabada y radio de manivela para escuchar a algún locutor triste desde una cueva. Todo muy útil. Pero nadie habló de lo verdaderamente esencial: la red humana.
No la de fibra óptica, sino la otra. La que te recoge cuando literalmente caes. La que no te manda un mensajito, sino que aparece con una botella de Garnacha revoltosa. Esa que no se compra por Amazon, ni esperas tras el doble check azul. La que, si dejas de cultivar, podría venirse abajo. Y quizá no vuelva al reiniciarse la corriente.

Nadie habló de lo verdaderamente esencial, la red humana

Por eso, yo propongo otro kit. Menos tangible, pero mucho más urgente. Uno que no se vende en la panadería ni aparece en las recomendaciones de Bruselas. El kit de emergencia emocional. Porque cuando todo se apaga, no basta con pilas y bidones de agua. Hace falta gente. Presencia real.
Y esto es lo que debería incluir. Vecinos que pregunten si va todo bien, solo porque te vieron cara triste. Abrazos sin cita previa. Sofá mullido y manta compartida. Personas que se queden cerca, a un tiro de piedra, incluso cuando no hay nada que añadir.
No quiero ponerme nostálgica, pero antes valía con gritar desde la ventana o tocar el timbre del primero. La malla de afectos era absolutamente física, espontánea hasta la náusea. .
Internet nos regaló miles de vínculos, sí. Pero, como explica el sociólogo Robert Putnam, son peligrosamente superficiales. Tanto, que al final consiguen el efecto contrario: disparar la sensación de aislamiento.

Hoy tenemos grupos de Telegram con tropecientas personas, pero no siempre a quién llamar si tiembla el suelo

Nos prometieron borrar distancias a golpe de clic, mientras la soledad se disfrazaba de compañía digital. Y empezamos a dejar de invertir esfuerzo, del de verdad, el que requiere sudor y tiempo. Audio de un minuto para la amiga que se acaba de divorciar y a otra cosa. Expertos en redes sociales, desconectados de la red humana.
No sé, seguramente quiero decir que sí. Que las cosas pintan lo suficientemente feas como para montar un ultramarinos en casa. Pero, antes que eso, deberíamos de empezar a darle importancia a lo que hemos dejado de lado sin darnos cuenta: esos puentes que empezamos a romper por rutina, por estrés, por este individualismo atroz que nos acecha, por pura desgana.
Porque si alguna vez el mundo colapsa de verdad, lo que nos salvará no será el abrelatas. Será alguien al otro lado de la puerta diciendo: “¿Te hace falta algo?”.",6032,"El artículo reflexiona sobre cómo el apagón eléctrico en Euskadi reveló la fragilidad emocional y social de la dependencia tecnológica, destacando que la desconexión digital generó una crisis de identidad y aislamiento. Propone un 'kit de emergencia emocional' como alternativa real a los recursos materiales, criticando la superficialidad de las conexiones digitales frente a la red humana presencial, que se ha erosionado por el individualismo y la rutina.",provocador y reflexivo,"{'fallos_estructurales': {'falta_de_progresion_logica': ""El texto oscila entre lo anecdótico (ej. el papel higiénico) y lo filosófico sin un hilo conductor claro. La transición de lo concreto a lo abstracto (ej. '¿Quién soy si no puedo actualizar mi estado?') es abrupta y no siempre justificada."", 'reiteracion_de_ideas': ""Frases como *'El verdadero apagón no fue eléctrico. Fue emocional'* se repiten sin aportar nuevo matiz, restando impacto a la tesis central. La redundancia debilita la fuerza retórica."", 'ironia_forzada': ""Recursos como *'Vaya trola'* o *'botella de Garnacha revoltosa'* caen en lo pretencioso sin alcanzar el tono natural o el *timing* preciso para ser efectivos. La sátira pierde agudeza al ser genérica.""}, 'problemas_de_coherencia': {'saltos_de_tono': ""El artículo mezcla humor ligero (*'el arroz que no se pasa hiciera bola'*) con pasajes melancólicos (*'punzada rara en el pecho'*) sin un equilibrio que refuerce la tesis. La ironía se diluye en lo cursi en momentos clave (ej. la referencia a *Cola-Cao con grumos*)."", 'falta_de_anclaje_emocional': ""La crítica al individualismo (*'individualismo atroz'*) es válida, pero el artículo no ofrece ejemplos concretos de cómo recuperar esos 'puentes' rotos, dejando la propuesta como un llamado genérico a la bondad, no como un plan viable.""}}",6.0,7.0,"[""Tesis original y bien planteada: la crítica a la dependencia emocional de la tecnología como 'apagón emocional' es fresca y actual, conectando con una ansiedad social real (soledad, redes sociales)."", ""Uso efectivo de paradojas y contrastes (*'conectados pero solos'*) que refuerzan el mensaje central, especialmente en pasajes como *'La malla de afectos era absolutamente física, espontánea hasta la náusea'*."", ""Lenguaje evocador y sensorial (*'fogata en un funeral vikingo'*, *'punzada rara en el pecho'*) que humaniza la reflexión y la hace memorable."", ""Cierre impactante: la propuesta del *'kit de emergencia emocional'* como alternativa a los kits materiales es un giro inteligente que invita a la reflexión sobre prioridades.""]","['Evitar la reiteración de ideas clave (ej. la frase sobre el apagón emocional). Cada repetición resta peso a la primera y debilita el ritmo del texto.', 'Profundizar en soluciones concretas para reconstruir la red humana: ¿cómo empezar a cultivar esos vínculos rotos? El artículo se queda en lo idealista sin guía práctica.', ""Refinar el tono irónico para que no caiga en lo cursi. Frases como *'expertos en redes sociales, desconectados de la red humana'* funcionan, pero otras (*'Viva el vino, las mujeres y el cash'*) resultan forzadas y poco originales."", 'Estructurar mejor la transición entre lo anecdótico (ej. compras de papel higiénico) y lo teórico. Cada ejemplo debe servir para ilustrar la tesis, no como mero entretenimiento.', ""Incluir un cierre más contundente: el artículo termina con una pregunta retórica (*'¿Te hace falta algo?'*) que, aunque efectiva, podría reforzarse con una acción concreta o un llamado a la acción más claro.""]",opinion_v4
De asaltar los cielos a asaltar la buena voluntad,2025-04-12T05:00:00+02:00,https://cronicavasca.elespanol.com/opinion/20250412/de-asaltar-los-cielos-la-buena-voluntad/1003742648524_0.html,"El 15M, también llamado movimiento de los indignados, fue un movimiento ciudadano que nació a raíz de la manifestación del 15 de mayo de 2011
Más de la autora: No estaba muerto, estaba de parranda: reflexiones sobre el estado actual del periodismo","Hay finales trágicos. Y desenlaces ridículos. El 15M político eligió una mezcla de los dos. Cayó y se arrastró. Murió, pero no quiso enterarse. Y ahí anda, entre Galapagar y Lavapiés, ese nudo gordiano de contradicciones sin zanjar, temblando como una lagartija decapitada. Dando coletazos de épica vacía y vergüenza ajena. Esta semana, uno más. Y uno menos, espero.
Yo pensaba que la lucha contra el fascismo era un asunto bastante serio. Llenito de aristas, guerra de clases, internacionalismo, autodefensa revolucionaria, cosas así. Al menos es lo que vendió Trotsky, y me lo creí. Pero no. Eso quedó demodé. Ahora, para enfrentarse a la cara más fea del sistema capitalista, necesitamos una tasca. Grandota, por supuesto.
A ver. Lo que pasa es que toda Madrid está ocupada por fascistas. Bueno, toda no. Un bar poblado por irreductibles podemitas aguanta. Pero es muy pequeño. Incapaz de acoger al resto de la resistencia. Y claro, así no hay forma de urdir el motín definitivo, ni de compartir el secreto de la poción mágica para parar a la ultraderecha.

El bar Tberna Garibaldi es una empresa no para hacer dinero, sino para hacer crecer la izquierda y plantar cara a los de las esvásticas, las pulseras rojigualdas, los zapatos castellanos y toda esa fauna

El bar es la Taberna Garibaldi, propiedad de Pablo Iglesias. Una empresa montada no para hacer dinero, no para dar de comer y beber. Qué va. Para hacer crecer la izquierda y plantar cara a los de las esvásticas, las pulseras rojigualdas, los zapatos castellanos y toda esa fauna. Para “combatir el fascismo”, como dice el dueño.
Por eso, Iglesias ha decidido que se necesita un bar más grande. Uno donde entren todos los pastranas de bien. Y que se sientan involucrados. Al máximo. Así que ha organizado una colecta. Has leído bien: los últimos creyentes del “sí, se puede” pagarán el traslado del negocio a un local mayor. Uno en el que, de paso, quepan los huevazos del antiguo Rey de Vallecas, las pegatinas del Che y mucha Mahou fresquita.
El colmo del cinismo asciende a 146.000 euros. Es la cifra que pondrán a escote quienes se niegan a aceptar que la esperanza involucionó en parodia. Esos a los que su profeta les dice que el emperador va vestido y se lo creen.



Lógico. Duele muchísimo aceptar que el prometido asalto a los cielos finalmente se redujo a asalto consumado al decoro, al buen gusto, al bien común, a los de abajo. Y lo peor: ningún responsable de esta catástrofe se sonroja, ni tiene la dignidad de asumirla.
Al revés. Me imagino a Iglesias relamiéndose del gusto por haber consumado otro plan genial. Sacar adelante un nuevo negocio sin que nadie le pueda tachar de ladronzuelo. Lo hizo con el partido. Prosiguió con Canal Red. Ahora, a cuenta del bareto. La cosa es explotar su piquito de oro, aprovecharse de la buena voluntad del personal. Y a pasar el limosnero.
Lo llevaba en el apellido.
Sí, le echa mucho morro. Nivel fantabuloso. Cómo te explicas, si no, las recompensas de su campaña de crowfunding; o sea, los incentivos que ofrece a las personas que pagarán el traslado. Por 50 euros, envío de una foto suya y resto de socios. Por 150, un vídeo de agradecimiento. Por 250, lo anterior más canción. No quieras saber cuál.
Sobre si repartirán los beneficios entre todos los contribuyentes a la causa, cuando algún día la Taberna Garibaldi reciba el premio Leónidas contra el asalto fascista, nadie dice nada. No vaya a ser que alguien descubra que esto no es un centro social, ni una cooperativa, ni un espacio autogestionado. Solo birra y circo, sin espartanos buenorros.
Ni pudor, ni autocrítica. Iglesias, que tanto denunció la conversión de la política en espectáculo, se ha convertido en producto financiero de alta rentabilidad. Iglesias y los suyos, pues hace falta una alegre comandita para pastorear la borregada.



Por cierto. Antes de que alguien caiga en la tentación de malinterpretar esta crítica, recordatorio: denunciar la enésima espantajería de lo que queda de Podemos no significa relativizar la corrupción del PP, ni el falso patriotismo de VOX, ni el progresismo neoliberal del PSOE, ni el oportunismo de Sumar. El reproche a los falsos redentores no es un cheque en blanco para los verdaderos villanos. En absoluto.
Yo me niego a escoger entre los residuos de una promesa rota y la maquinaria del bipartidismo que lleva años desmantelando España. Y, por eso mismo, no puedo ignorar la estocada número mil al espíritu del 15M. Por muy patética que suene toda la historia.
Quienes somos idealistas, pero no gilipollas, nos frustramos y lo admitimos, nos burlamos y de nosotros los primeros. Y seguimos en pie por una alternativa real.
No sé, seguramente quiero decir que todavía creo en la posibilidad de un nuevo espacio lejos de personalismos y réditos inmediatos. Cimentado en una construcción colectiva capaz de recuperar la dignidad de la política. Con barra de bar, eso me parece bien. Pero sin cócteles que se llamen “Fidel Mojito”, ¿eh? Un poquito de por favor.
No estaba muerto, estaba de parranda: reflexiones sobre el estado actual del periodismo",5080,"El artículo critica la transformación del proyecto político del 15M y de Podemos —especialmente bajo Pablo Iglesias— en una operación comercial y espectacularizada, reduciendo su lucha contra el fascismo a un negocio con fines de recaudación y auto-promoción, como la ampliación de la Taberna Garibaldi. Denuncia el cinismo de convertir la buena voluntad ciudadana en un producto de crowdfunding, mientras se pierde la esencia revolucionaria y colectiva, comparando el proceso con una parodia de lo que prometió ser.",satírico,"El artículo cae en una repetición de tópicos sobre la 'conversión' de la política en espectáculo, sin aportar ejemplos concretos o datos que respalden su crítica al crowdfunding o al modelo de la Taberna Garibaldi. La ironía, aunque presente, se vuelve predecible y poco original al repetir clichés como 'asaltar los cielos' o 'pirámide de Ponzi' sin profundizar en su contexto real. Además, mezcla sátira con un tono moralizante poco sutil, que en algunos pasajes roza lo simplista ('huevazos del antiguo Rey de Vallecas') sin aportar matices que enriquezcan el análisis.",6.0,7.0,"['El uso de la sátira para criticar la mercantilización de la política es efectivo y logra captar la atención del lector con un tono provocador y memorable.', 'La crítica al cinismo de Iglesias y su entorno tiene un núcleo claro: la explotación de la buena voluntad ciudadana para fines personales y partidistas, lo que refuerza la tesis central.']","[""Evitar la repetición de recursos retóricos vacíos (ej.: 'nudo gordiano de contradicciones', 'lagartija decapitada') que, aunque llamativos, no aportan profundidad al análisis y restan originalidad."", 'Incluir ejemplos específicos o datos sobre cómo se gestiona económicamente la Taberna Garibaldi o el crowdfunding para dar peso a las acusaciones y evitar que suenen a generalizaciones.', ""Modular el tono moralizante en algunos pasajes ('no vaya a ser que alguien descubra...') para no caer en la simplificación o el desdén hacia los lectores."", ""Desarrollar más la alternativa que propone al final ('un nuevo espacio lejos de personalismos'), que actualmente suena a llamado genérico sin concreción.""]",opinion_v4
"No estaba muerto, estaba de parranda: reflexiones sobre el estado actual del periodismo",2025-04-04T05:00:00+02:00,https://cronicavasca.elespanol.com/opinion/20250404/no-estaba-muerto-parranda-reflexiones-estado-periodismo/1003742646167_0.html,"El desastre actual va de mucho más que de la ultraderecha mediática, esa que ahora está en el candelero
Más de la autora: Manifiesto de una romántica contra el capitalismo emocional","No está muerto, anda de parranda. El periodismo, digo.
Cuesta abajo y con fallos en los frenos, vapuleado en vivo y en directo. Y lo peor es que el plató está lleno, las cámaras encendidas y la audiencia devorando como un reality de caníbales.
Desconozco en qué momento exacto comenzamos a dejar de contar historias para fabricar titulares, acumular visualizaciones, epatar. Quizá fue cuando, poco a poco, con discreción, empezaron a entrar por la puerta de atrás los nuevos propietarios del circo: fondos de inversión, grupos empresariales repletos de intereses cruzados, herederos de apellidos que juegan a ser editores y políticos que se las dan de mecenas. No compraron medios para hacer periodismo. Dieron el paso para blindarse e influir, con balances donde lo que cotiza no es precisamente la verdad.
Resultado. Las redacciones sucumbieron al culto de la métrica, vaciándose de periodistas para convertirse en una cadena de montaje de clickbaits. Los consejos de administración, sabios en ceros e ignorantes en ética, impusieron sus propias normas. Ser los primeros en publicar el enésimo exabrupto de Fulano, sin importar su credibilidad. La obligación de ensalzar a los que nos dan de comer. El imperativo de enfangar al de la otra orilla. Por poner ejemplos.
O quizá fue un contagio más lento, más profundo. Tal vez el virus llevaba tiempo ahí, latente, mutando en silencio, por todos estos factores y unos cuantos más. Preparado para saltar del laboratorio al prime time y extenderse como chapapote caliente sobre todo lo que un día fue oficio.

A saber. Lo que tengo claro es que el desastre actual va de mucho más que de la ultraderecha mediática, esa que ahora está en el candelero. Me niego a desquitarme echando la culpa a los vitoquiles de turno, esos gañanes con micro que convierten la ignorancia en performance y el odio en trending topic con una facilidad que haría sonrojar a Goebbels. O a los tertulianos magufos que, entre suplementos milagrosos y ouijas, disfrazados de faro del conocimiento universal,  nos cuelan tropecientos bulos.
Esa peña tiene más peligro que un mono con navaja, sí. Pero no cae del cielo como castigo divino, no nace por obra y gracia de una palomica despistada, no brota por generación espontánea en los foros de Telegram.
Esos personajes son el síntoma más ruidoso, más evidente, de un ecosistema profundamente podrido. Una selva donde reina la inmediatez, el culto a la ignorancia, los favores ideológicos y la infoxicación. 

. Colegas currando con el freno editorial echado. donde, nos fastidie más o menos, quienes aún vamos por la vida de periodistas serios tenemos mucho que ver. Sin querer queriendo, quizá porque no supimos cómo evitarlo, porque hay que pagar facturas y la dignidad nunca nos sacará de pobres, acabamos metiendo la cuchara en un caldo demasiado turbio.
Porque mientras ellos agitan, nosotros disfrazamos de periodismo un publirreportaje sobre la hamburguesa más fetén de la ciudad. Mientras fabrican humo, competimos por ver quién publica más rápido la nota de prensa de la Diputación. Porque en demasiadas redacciones ya no hay espacio para pensar, ni para plantar cara. Colegas currando con el freno editorial echado. Y otros directamente han cambiado credencial por megáfono: voceros con nómina y corbata institucional.
Y además, como gremio, la autocrítica nos cuesta horrores. La hacemos tarde, mal y con bozal. O directamente nos la pasamos por el forro del teclado, mientras nos decimos “es lo que hay”.
Pero no. Es lo que, aun en contra de nuestra voluntad, hemos dejado que haya. Lo que hemos vendido, trozo a trozo, al mejor postor.
Ahora bien, no vengo aquí a flagelarme. Vengo a incomodar a todos. También al lector, al espectador, al oyente.
Porque sí, la gente se queja del periodismo. Y con razón. Pero luego comparte titulares sin leer el cuerpo, enganchada a la última fake new. O sienta el culo cada semana frente a programas que convierten la mentira en caprichín. Y a disfrutar. Total, no hay nada que ponga más cachondo al personal que una teoría de barra de bar empaquetada con rótulo estridente, llenita de conspiración y fácil de digerir.
Iker Jiménez, por mencionar un referente de tantos, lo sabe. Y su audiencia crece mes a mes como un hongo radioactivo en el sótano de un asesino de peli de tarde. ¿Pero la responsabilidad es solo suya? ¿O también de la barbaridad de personas que lo eligen, esa audiencia tan listísima que se indigna con las mentiras de “los otros” mientras se prepara unas palomitas para devorar la siguiente de “los suyos”? ¿Vamos a asumir nuestra parte o echar la culpa al sistema, que nos tiene anestesiados, y a seguir?
Vivimos en una época en la que queremos saber sin esfuerzo, comprender sin contexto, construir opinión sin contradicción. Una época donde lo que más se consume no es información, sino confirmación. Y en esa ansiedad por reafirmar lo que ya creemos, el periodismo que duda, matiza, cuestiona, molesta.

El periodismo no nació para gustar. Entre otras cosas está, o debería de estar, para incomodar. Sobre todo, a los que consideramos nuestros

Pero el periodismo no nació para gustar. Entre otras cosas está, o debería de estar, para incomodar. Sobre todo, a los que consideramos nuestros. Al que nunca cambió de diario, al que siempre ve el informativo en la misma cadena, a los políticos de nuestra cuerda, a los convencidos.
Está para hacer preguntas que nadie quiere responder. Señalar contradicciones. Poner claridad donde solo hay ruido. Porque alguien tiene que estar ahí para contar lo que pasa, para ser el grano en el culo del poder. Aunque sea difícil. Y a veces duela. Aunque, incluso, haya días en los que parezca que hablamos solos.
Yo nunca he creído en la objetividad. Todos tenemos sesgos, ideologías, emociones, marcos mentales. Lo que no podemos perder es la honestidad.
La honestidad de decir “no lo sé” cuando no tenemos ni pajolera idea. De contrastar. De no disfrazar opinión de información. De no convertir cada pieza en un ridículo señuelo de clics. Honestidad para recordar que las palabras pesan y que, a veces, matar el matiz es aniquilar la realidad.
Y sí, aún quedan periodistas honestos. Están los que aguantan en ruedas de prensa sin turno de réplica para buscar las respuestas fuera. Quienes investigan teniendo menos recursos que luces un barco pirata. Los que escriben sin atajos aunque eso les saque de los ránkings. También medios pequeños, valientes, que eligen ser los últimos en publicar pero los primeros en contar bien las cosas, tomándose su tiempo, ahí, al baño maría. Por eso colaboro en Crónica Vasca, ya ves tú.



No sé, seguramente quiero decir que no todo está perdido. En el Congreso hay periodistas plantando cara al acoso, defendiendo su espacio con dignidad. Hay profesionales que desmontan patrañas a diario, sin hacer de ello un espectáculo. Y, por supuesto, gente que aún se emociona con un reportaje cuidado hasta las trancas, con una historia contada como Dios manda, con un cara a cara audaz.
El periodismo sigue siendo fundamental. Porque una democracia sin periodismo libre es, simple y llanamente, propaganda. Y, sobre todo, porque la cruz de un periodismo honesto no es únicamente el show más zafio: es la mentira organizada.
Y este juego de equilibrios, estimado lector, también te afecta a ti. Por supuesto. A fin de cuentas, si eliges morbo, guerra cultural, chismes, porque es fácil y además deseas reafirmar ideas para no sentirte más perdido de lo que ya estás, eso será lo que vas a tener. Lo que vamos a tener todos. No hay botón de escape.
Así que la próxima vez que te preguntes qué le pasa al periodismo, mejor reformula: ¿Qué nos pasa a nosotros, a todos nosotros?",7686,"El artículo analiza la crisis actual del periodismo, atribuida a factores como la mercantilización de los medios, la obsesión por métricas de audiencia, la influencia de intereses económicos y políticos, y la pasividad de la audiencia. Critica tanto a los profesionales que han normalizado la degradación ética como a los lectores que consumen contenido sensacionalista. Propone la honestidad y la resistencia como valores esenciales para recuperar un periodismo crítico y democrático.",crítico y combativo,"El artículo presenta un desarrollo algo repetitivo en párrafos como los que hablan sobre la pasividad de las redacciones y la complicidad del público, lo que resta fuerza a la originalidad de la crítica. Además, el tono, aunque potente, cae en una retórica algo monótona en pasajes como el de los ejemplos de periodismo honesto, donde la enumeración parece forzada. La repetición de frases clave ('no todo está perdido', 'honestidad') resta impacto a la tesis. También hay un ligero desequilibrio al culpar al público sin profundizar en soluciones concretas más allá de la autocrítica genérica.",9.0,9.5,"['Tesis clara y contundente: el diagnóstico de la crisis del periodismo es sólido y bien argumentado, con un enfoque que va más allá de los tópicos sobre la ultraderecha mediática.', ""Uso efectivo de recursos retóricos: metáforas como 'cadena de montaje de clickbaits' o 'chapapote caliente' potencian la crítica, y el tono combativo genera engagement."", 'Autocrítica honesta del gremio: reconoce la responsabilidad de los periodistas en la degradación del oficio, algo poco común en análisis similares.', ""Cierre impactante: la pregunta final ('¿Qué nos pasa a nosotros?') redirige la culpa hacia el lector, cerrando el círculo de responsabilidad con un toque de provocación inteligente.""]","['Evitar repeticiones de ideas: párrafos como los dedicados a la pasividad de las redacciones o la complicidad del público podrían condensarse para ganar agudeza.', 'Profundizar en alternativas concretas: más allá de alabar medios pequeños o periodistas resistentes, sería útil proponer acciones tangibles para el público (ej.: cómo consumir información de forma crítica).', 'Variar el ritmo en pasajes descriptivos: algunos bloques, como el de los ejemplos de periodismo honesto, pierden fuerza por su tono casi didáctico en un texto que busca provocación.', ""Refinar la ironía en algunos giros: frases como 'nos decimos “es lo que hay”' podrían ser más afiladas o menos redundantes con el tono general.""]",opinion_v4
Manifiesto de una romántica contra el capitalismo emocional,2025-03-29T05:00:00+01:00,https://cronicavasca.elespanol.com/opinion/20250329/manifiesto-de-una-romantica-contra-capitalismo-emocional/934656636_0.html,"Tratamos nuestras relaciones como si fueran pedidos de Amazon: personas disponibles a golpe de clic, con entrega rápida y devolución gratuita
Más información: El callar se va a acabar","A partir de los 40, encontrar pareja es como buscar piso en el centro. Una odisea exigente, frustrante y a menudo surrealista, con demasiadas grietas escondidas tras la primera capa de pintura.
Tenemos la edad y la experiencia para saber perfectamente lo que no queremos: dramas innecesarios, historias que desgastan, estar porque toca. Pero cuando hay que decidir lo que sí, ahí empieza la tragicomedia de enredos. Un montón de gente, demasiada, se queda dando vueltas en la puerta giratoria de las dudas, los miedos y las expectativas imposibles, sin decidirse a salir o entrar.
Esto me lo contó el otro día una amiga. La amiga soy yo.
Y no. No es que haya tenido mala suerte. Que también. Detrás de muchas historias que jamás llegan a ser hay algo estructural. Algo que va más allá de la dificultad de coincidir en el espacio-tiempo, de que haya física y química, de la torpeza emocional, del temor natural a ilusionarse y que la cosa fracase.
Es una especie de arquitectura invisible que moldea cómo nos acercamos, y alejamos, unos de otros. Un sistema que nos ha entrenado para desconfiar del vínculo justo cuando empieza a importar, para boicotear lo que podría crecer antes de que nos desborde, para salir corriendo con la excusa perfecta en el bolsillo, junto al móvil.
Vivimos tiempos líquidos, que decía Bauman. Nada se fija, nada se asienta, todo se escapa entre los dedos. Las relaciones, también. Nos movemos en un presente constante que dificulta construir desde la raíz. Y a eso hay que sumar la velocidad absurda del día a día. Y el individualismo feroz.
¿Resultado? . Tratamos nuestras relaciones como si fueran pedidos de Amazon: personas disponibles a golpe de clic, con entrega rápida y devolución gratuita.

Nos hemos convertido en compradores compulsivos del afecto, consumidores adictos a la gratificación inmediata

Swipeamos igual que en un mercadillo, buscando el chollo emocional perfecto. Probamos, comparamos. Y si algo no encaja exactamente como esperábamos, exigimos el reembolso afectivo. Total, siempre habrá otro modelo más nuevo esperando a ser elegido.
Lo peligroso no son las apps como tal. Es haber convertido el amor en otro producto desechable del capitalismo.
Antes compartías una hamburguesa, intercambiabas miradas, te reías de tonterías. Repetías cita. Y luego, con suerte, acababas en la cama. Hoy, el orden se invierte. Casi al principio del todo, sexo. Después, tal vez te enteres de cómo se llaman sus padres, si tiene un propósito en la vida o por qué le huelen los pies. 
Hablar asusta porque las palabras comprometen más que los cuerpos. Decir lo que deseamos, sentimos o esperamos del otro implica desnudarse. Quedarse en pelotas más allá de donde cuelgan. Y eso no es fácil, pues la sinceridad nos hace vulnerables. Implica asumir riesgos. Un follón.
Por eso mucha gente elige la intimidad superficial, comer bocas en vez de corazones, sin terminar de mostrarse del todo. Así, si de pronto asalta el pánico emocional, podrá salir por patas libre de rasguños. Mensaje de despedida y block. O, en el peor de los casos, desaparición sin explicaciones como si se lo hubiera tragado una reunión interminable de Zoom. Eso que ahora llaman ghosting, porque cobardía suena menos guay y demasiado honesto.
Bajo esta supuesta liberación afectiva, lo que realmente late es una soledad estructural profunda. Y una desubicación emocional generalizada.  Personas que sobreviven con la lengua fuera, hacen yoga para evadir preocupaciones y se alimentan de scrolls infinitos y series que ni siquiera ven completas. Personas con el alma en modo avión.
¿Cuándo queda espacio para construir algo real, para enamorarse con calma? ¿?

¿Dónde encaja el amor si todo lo que no genera dopamina inmediata parece una pérdida de tiempo?

Nos queremos libres, independientes, con las ataduras justas. Y a la vez aspiramos a alguien que nos entienda y acompañe con poco sacrificio y menos renuncia. Que entre en nuestra vida como el amigo que viene casa a ver una peli, sin conquistar el mando a distancia ni revolver el cajón de los calcetines. Hoguera, pero sin humo. Vino, pero sin resaca. Qué fantasía.
Y yo, que soy una romántica de vieja escuela, de esas que se emocionan con cartas escritas a mano, lo llevo fatal. Porque si conozco a alguien que de verdad me despeina el flequillo lo quiero todo. Todo. Con obstáculos, incertidumbres, distancia y fines de semana que parecen capítulos mal montados de una sitcom de bajo presupuesto.
Da igual. Me lanzo. Me entrego con banda sonora interna, feliz de que el sistema no haya podido conmigo.
Por supuesto, desde que empecé con las apps, solo me ha pasado una vez. Milagro que me guste alguien de verdad. Y, evidentemente, el final fue lo esperado: antes casi de empezar, el susodicho decidió que no merecía la pena el esfuerzo. Igual yo no le gustaba tanto como decía. O tal vez sí, pero la logística era un lío y, claro, Mercurio aún no había salido de la fase retrógrada.
Solo se intenta si es fácil. Ese es el mantra de esta nueva era. . Y así seguimos: perdiéndonos lo único que, a veces, de verdad, merece el caos.
Por eso, sucumbir al amor, al amor de verdad, el que implica paciencia y vulnerabilidad, descoloca, transforma y recoloca, da calma y caloret, se ha convertido en ejercicio de auténtica subversión. Y yo soy una rebelde.

El amor convertido en una variable que se construye según coste-beneficio

No sé, seguramente quiero decir que sigo creyendo. Que, pese a vivir en tiempos de vínculos blandurrios y emociones de usar y tirar, mantengo la esperanza. También cuando duele. Incluso si ya sé cómo acabará.
En realidad, lo peor del asunto es que cada vez que cuento esto aparece una amiga, mi madre, la cajera del súper, el técnico de la caldera, quien sea pero con pareja, me mira con ternura y suelta la frasecita: ""Cuando dejes de buscar, encontrarás"".
Así, tal cual. A bocajarro. Y se queda tan a gusto. Como si me hubiera entregado la llave maestra que desbloquea todas las puertas. Como si hubiera pronunciado la contraseña sagrada del universo emocional. Como si el asunto se resolviera apagando el radar y cruzando los brazos en posición zen. Como si yo no lo hubiera probado ya. Como si no supiera estar sola. O, mejor dicho, soltera.
Porque sí, sé estarlo. Lo he practicado con honores. Continúo haciéndolo. Y no me asusta un futuro con vino y gatos. O perros, que ya tengo uno con quien comparto mimos, paseos y confidencias. 
Así que, por favor, evitemos los juicios disfrazados de consejo o eslogan barato. No todo deseo es carencia. No toda búsqueda, dependencia.
A mí no me vale cualquiera. Quiero a alguien que me encienda sin quemarme. Me dé paz sin dormirme. Me desordene sin romperme. Me guste enterito: su voz, su risa, sus silencios, su piel, su curiosidad, la forma de mirar el mundo, los pájaros de su cabeza. Que me rete sin anularme. Me agite las ideas y las ganas. No huya si un día me pongo intensa. Se quede con la mochila completa.
Y eso, cuando aparece, no es por azar.",6995,"El artículo critica el impacto del capitalismo emocional en las relaciones afectivas contemporáneas, especialmente en la búsqueda de pareja, señalando cómo la lógica de consumo, la gratificación inmediata y la desconfianza estructurada han transformado el amor en un producto desechable y superficial. La autora, una 'romántica de vieja escuela', defiende la validez del amor auténtico, lento y vulnerable como acto de resistencia frente a un sistema que prioriza la comodidad y la eficiencia sobre la conexión emocional genuina. Cierra con un llamado a rechazar los consejos simplistas y a exigir relaciones profundas y comprometidas.",provocador-satírico,"El artículo cae en la repetición excesiva de ideas clave ('compradores compulsivos del afecto', 'ghosting', 'coste-beneficio') sin aportar matices nuevos, lo que genera monotonía. La sátira, aunque efectiva en algunos pasajes (como la comparación con Amazon o el ghosting), se vuelve predecible y poco original al repetir tópicos sobre la deshumanización del amor en la era digital. Además, la crítica al 'amor de verdad' se queda en una idealización poco crítica: no se explora cómo el propio anhelo de 'algo auténtico' puede ser una construcción cultural tan válida como la del consumo emocional, lo que debilita la fuerza subversiva del texto. Por último, el cierre con el rechazo a los consejos genéricos ('cuando dejes de buscar, encontrarás') resta impacto al no profundizar en alternativas concretas para superar la soledad estructural que denuncia.",9.5,9.0,"[""Uso efectivo de la sátira y la ironía para desmontar la lógica del capitalismo emocional, especialmente en metáforas como la comparación con Amazon o la crítica al 'ghosting' como eufemismo de cobardía."", 'Tesis clara y bien desarrollada: la autora logra conectar problemas estructurales (individualismo, velocidad de la vida moderna) con su experiencia personal, creando un puente emocional con el lector.', ""Lenguaje vivo y descriptivo que humaniza el tema, evitando el academicismo y usando recursos como el humor negro ('follón', 'pelotas más allá de donde cuelgan') para transmitir vulnerabilidad."", 'Estructura narrativa que alterna reflexión colectiva con anécdotas personales (ejemplo de la amiga que le cuenta su frustración), lo que refuerza la credibilidad y el engagement.']","[""Evitar la repetición de ideas clave (ejemplo: 'compradores compulsivos del afecto' aparece tres veces en párrafos consecutivos) para no caer en la redundancia y mantener el ritmo."", ""Desarrollar más la crítica a la idealización del 'amor de verdad': ¿no es también una construcción cultural, aunque opuesta a la del consumo? Una reflexión sobre esto enriquecería la tesis y evitaría que el texto caiga en un maniqueísmo simplista."", ""Incluir ejemplos concretos de cómo el sistema promueve esta lógica (ejemplo: algoritmos de apps de citas, publicidad de productos 'para mejorar relaciones', etc.), ya que la crítica se queda en lo abstracto en algunos momentos."", ""Cierre más contundente: el último párrafo, aunque emotivo, se queda en una afirmación personal ('yo no me vale cualquiera') sin cerrar con una provocación o llamado a la acción colectiva que refuerce el tono subversivo del artículo.""]",opinion_v4
"Nacionalismo bueno, nacionalismo malo: preguntas que escuecen y da cosa hacerse",2025-02-22T05:00:00+01:00,https://cronicavasca.elespanol.com/opinion/20250222/nacionalismo-bueno-nacionalismo-malo-preguntas-escuecen-hacerse/925657568_0.html,"Hay un momento en la vida en que te lo empiezas a cuestionar todo, sin encontrar respuesta
Más de la autora: Los sindicatos están dormidos pero los necesitamos","Hay un momento en la vida en que te lo empiezas a cuestionar todo, sin encontrar respuesta. Puede ser al superar el ecuador de los 40, cuando ves la cuenta bancaria un 25 de mes o mientras tragas una pizza ultracongelada con la bata de felpa y ojos perdidos en el vacío porque ni siquiera el queso quedó bien fundido. ¿Quiénes somos? ¿De dónde venimos? ¿A dónde vamos?
Y, lo más importante, ¿entregaré a tiempo ese maldito proyecto? ¿Me hará match el chico del perro bonito? ¿Será falta o embarazo? ¿Retomaré el gimnasio o solo es una fábula con la que engañarme mientras lo financio como si fuera el impuesto revolucionario?
Entonces enciendes la tele o entras, de tapadillo, en X. Abascal por aquí. Trump por allá. Una ciénaga de señores de pecho palomo, hinchado de certezas pero vacío de pruebas, dispuestos a sentar cátedra con la estulticia de quien nunca se ha cuestionado nada. Con la vehemencia del que te explica algo mientras mastica, salpicando migas de dogma. Firmes, inamovibles, sin dudas ni interrogantes, con conclusiones para todo. Las suyas, claro. Que son las únicas verdaderas.
Ahí están, hablando con aplomo sobre lo que sea. Mandarnos a fregar, prohibir el aborto, privatizar la sanidad, bajar los impuestos a los ricos… Pero, con especial pasión, de patria y orgullo nacional. De recuperar esencias. Y esencias de las esencias, porque siempre hay una esencia aún más esencial que la anterior. 
Qué estupor: gentes de países que llevan siglos siendo un crisol de migraciones, de mestizajes y préstamos culturales, de flujos y reflujos, gástricos y de los otros, proclamando ahora identidades puras y originarias que preservar a toda costa. 
Y sí, por supuesto. La identidad es una cosa clave, crucial, determinante, trascendental. Todos los pueblos tienen derecho a proteger su cultura. Estoy tan de acuerdo con eso como con que faltan lanzallamas contra quienes se proclaman “ciudadanos del mundo” y ven en la globalización una gran fiesta de la diversidad donde nadie paga factura.

. 

Las raíces importan. Me importan. Las que empiezan a despuntar a las tres semanas del tinte. Y también las otras. Soy muy consciente de que la lengua que hablamos moldea el modo en que se piensa, que la historia de un pueblo pesa, que las tradiciones deben conservarse. Y mola sentir orgullo por lo que una es, por el lugar donde nació, creció y estiró la pata.
Lo que ocurre, claro, es que a veces la línea entre preservar una identidad y convertirla en muro infranqueable se afina tanto que ni estando del lado que consideramos correcto nos damos cuenta. Aun con la mejor de las intenciones, siendo muy leídos, lo que es amor por lo propio puede transformarse en recelo de lo ajeno. O peor, en desprecio hacia lo que creemos que no lo es.
Hay quienes, siendo nada sospechosos de alzar la diestra cara al sol, acabaron levantando un seto con el fervor de quien se ha bebido unos cuantos tragos de patxaran. Un seto tan frondoso que, además de difuminar lo que había al otro lado, reforzó la idea de que ese jardín era el más verde, el más auténtico, el que siempre estuvo ahí. Y, si alguna vez necesitó semillas del exterior, fue solo para confirmar lo bien que crecían en esta tierra. La nuestra.
Lo que quiero decir con todo esto es lo siguiente. A ver cómo para que no se me eche la turba encima. En Euskadi, lógicamente, nos llevamos las manos con el rancio y excluyente nacionalismo español. Y además, por supuesto, nos produce entre asombro y carcajada el patriotismo de manual de Estados Unidos. Esa capacidad de envolver cualquier cosa en una bandera: desde una hamburguesa hasta un misil, pasando por la biblia de bolsillo y la gorra de ""Make America Great Again"" fabricada en China.
Porque nosotros somos different. Claro. Nuestra identidad es otra cosa. Progresista. Sana. Sin contradicciones ni grietas.
¿Seguro?
Durante mucho tiempo, la identidad vasca se definió por oposición. ¿Tal vez ahora no? ¿O sí pero el marketing de nuevo cuño, donde “maketo” ha desaparecido del diccionario del buen abertzale, lo disimula lo suficiente como para despistarnos? 
Sé que estoy pisando terreno pantanoso. Esto es meterse en un charco y no pedir al jefe que me suba el sueldo. Pero qué queréis que os diga: las preguntas me pueden.

¿? (...) ¿?

¿Es posible declararse antifascista e internacionalista mientras se define una identidad de acuerdo a criterios que todavía dejan fuera a una parte considerable de la población? ¿Tiene sentido despreciar el españolismo de misa los domingos y, a la vez, recolocarse el jersey sobre los hombros y ponerse a la defensiva si alguien señala ciertas actitudes? ¿De verdad somos inmunes a los vicios del esencialismo patriótico o más chulos que un ocho?
Ojo. Que nadie se confunda. Y cuando digo nadie es nadie. No sostengo que lo mismo sea Vox que el independentismo vasco, la ultraderecha trumpista que la defensa de la cultura propia. Cáigame un rayo si sucumbo a simplismos. Ahora bien, cuando nos burlamos de individuos con pulsera rojigualda que jamás leyeron un libro de historia, me pregunto si no acabamos tropezando en la piedra de la superioridad moral.
Y ya no solo me refiero a la cuestión identitaria. Así en general, a todo lo que desde el vasquismo de la margen derecha y desde la izquierda que cambió palestino por foulard se considera correcto, incuestionable, justo.
El dogmatismo no es propiedad exclusiva de las ideologías que apestan a Varón Dandy. Qué va. Todas y todos, y aquí incluyo a la izquierda woke, la española o la verdadera, podemos caer en la trampa del pensamiento hermético. Y creernos el centro del universo, como el fan que asalta la primera fila de un concierto y se sorprende cuando le empujan. 
Al final, tendemos a mirarnos al ombligo simbólicamente más que de manera literal, que es justo donde sí deberíamos poner empeño: revisar las pelusillas e higienizar la zona sensible.
No sé, supongo que después de esto habrá quienes digan de mí que no soy lo suficientemente lista para entender las complejidades del asunto. O facha. O, ahí va, sorpresa, equidistante. Aunque mi familia me considere más marxista-leninista que cuando Karl terminó 'El Capital' y pensó: “vaya pedazo de obra me he marcado”. 
Y tal vez tengan razón. Todos. Así que aquí me quedo, con mis preguntas existenciales, mis dudas incómodas y una certeza: el día que tenga todas las respuestas claras, seguramente me haya convertido en aquello que más miedo me da.
O peor, en una de esas personas que siguen pagando el gym sin haber ido un solo día.",6512,"El artículo reflexiona sobre los peligros del nacionalismo esencialista y excluyente, comparando posturas políticas desde una perspectiva crítica, cuestionando cómo identidades como la vasca o la española caen en contradicciones y dogmatismos, incluso desde supuestos enfoques progresistas o antifascistas. Usa ironía y autocrítica para explorar la hipocresía en la defensa de identidades culturales y la superioridad moral selectiva.",provocador-irónico,"El texto cae en contradicciones al criticar el nacionalismo excluyente pero caer en generalizaciones vagas sobre 'la izquierda woke' o 'el vasquismo de la margen derecha', sin ejemplos concretos que sustenten sus afirmaciones. La ironía a veces se vuelve forzada (ejemplo: 'marxista-leninista que cuando Karl terminó *El Capital* y pensó: “vaya pedazo de obra me he marcado”'), y el tono autocrítico se diluye en preguntas retóricas repetitivas que no aportan profundidad. Además, la mención a 'la turba' y el miedo a ser tachada de 'facha' o 'equidistante' restan solidez al análisis, convirtiéndolo en un ejercicio de provocación más que en una reflexión estructurada.",6.0,6.5,"[""Logra captar un tema complejo (el nacionalismo y la identidad) con un enfoque personal y provocador que invita a la reflexión, evitando el tópico de 'todos son peores'."", ""El uso de ironía sutil en descripciones como 'la estulticia de quien nunca se ha cuestionado nada' o la comparación con 'el seto frondoso' añade agudeza al texto."", ""La autocrítica sobre su propia posición ('¿Seguro? ¿De verdad somos inmunes...?') humaniza el análisis y evita el maniqueísmo."", ""El cierre con preguntas existenciales ('el día que tenga todas las respuestas claras...') refuerza el tono introspectivo y evita caer en la simplificación.""]","[""Evitar generalizaciones sin matices sobre colectivos (ejemplo: 'la izquierda woke' o 'el vasquismo de la margen derecha'), que debilitan el rigor y generan polarización innecesaria."", ""Profundizar en ejemplos concretos que respalden las críticas al esencialismo patriótico, en lugar de limitarse a preguntas retóricas repetitivas (ejemplo: '¿Es posible...?')."", ""Reducir el tono defensivo ('no me suban el sueldo', 'pisando terreno pantanoso') que distrae de la tesis central y resta seriedad al análisis."", 'Estructurar el texto en párrafos temáticos más definidos para evitar la sensación de divagación entre identidades culturales, dogmatismos y autocrítica personal.']",opinion_v4
"De arietes a felpudos: por qué los sindicatos están dormidos, pero no podemos prescindir de ellos",2025-02-01T05:00:00+01:00,https://cronicavasca.elespanol.com/opinion/20250201/de-arietes-felpudos-sindicatos-dormidos-podemos-prescindir/920657952_0.html,"Los sindicatos deben recuperar su capacidad de movilización, su independencia y conexión con los trabajadores
Más información: Narcisistas, horteras y peligrosamente aburridos: así son los nuevos amos del mundo","Hubo un tiempo, cada vez más lejano, en que los sindicatos españoles plantaban las botas en la primera línea de defensa de los derechos sociales. Eran el motor de cambio que ponía en jaque las estructuras económicas. Los arietes contra el abuso de poder. Por ellos tenemos jornadas laborales pelín más humanas, convenios que suelen protegernos de los caprichitos empresariales, bajas remuneradas que no dependen de la misericordia del jefe. Fueron nuestro escudo cuando el trabajo significaba explotación.
Pasado.
. Escribía cartas de amor, daba a la cadena del váter y, si hacía falta, te defendía ante quien fuera. Pero en algún momento, la actitud cambió. Casi sin darte cuenta, pasó de luchador incansable a funcionario del amor, de revolucionario entregado a compañero intermitente. Y ahí anda ahora, apareciendo y desapareciendo como el Guadalquivir. Demasiado ocupado con sus cosas como para notar que tú, la que creyó en él, al fin dejó de esperar nada porque se ha convertido en una caricatura de sí mismo.
La película que Nicolás Redondo y Marcelino Camacho jamás habrían querido que se rodara. 
Y aquí llega la pregunta del millón. La misma que me hago cada vez que me abandonan o cuando me vuelvo a instalar Tinder. ¿Por qué? En este caso, la respuesta es más fácil.
El sistema es como un agujero negro: si te acercas y vas despistado, la gravedad hace su trabajo y lo absorbe todo, desde la uña del dedo gordo del pie hasta la dignidad. Da igual cuántas veces jures que resistirás la tentación. Si no tienes los recursos, si no eres del todo íntegro, acabarás formando parte del paisaje que querías cambiar. Como en la isla esa de la tele.

Lo de los sindicatos es un poco como ese novio que al principio lo daba todo por ti

Eso es lo que ocurrió con los sindicatos. Pasaron de ser la piedra en el zapato del poder a quitársela ellos mismos en cuanto entendieron que descalzarse era más cómodo. ¿Para qué pelear y pasar un mal trago en vez de negociar un acuerdo de mínimos? ¿A quien se le ocurre ir de rebelde con causa cuando puedes compartir pancarta con la Ministra de Trabajo? Entre cesión y cesión se acostumbraron a la alfombra en lugar del asfalto, más preocupados por su propia supervivencia que por la de los currelas.
Insisto. En España. Los sindicatos made in Euskadi darían para un artículo por otros derroteros.
Evidentemente, la dependencia económica del Estado no ayuda. Y si el Gobierno es de izquierdas, o eso dice mientras con la mano derecha firma un envío de armas a Israel, todavía menos. . Como para criticar yo que sé qué. Mejor hacer un retiro en una casa rural, con team building y barbacoa, y elegir bien las batallas que pelear.
Y así ha ocurrido. Desde que el PSOE destronó a ese señor que para nada es M. Rajoy, pero se le parece tanto como su propio reflejo en una charca porcina, parece haberse impuesto la ley del silencio. No hace falta un catálogo de agravios. Con dos ejemplos basta. 
El poder adquisitivo se despeña mientras nos venden una economía ""en forma"": mutis por el foro. La edad de jubilación sube: ¿perdona, qué decías? Ahora bien, PP, Vox y Junts per Catalunya se conchaban para tumbar los descuentos al transporte público. Y ahí sí, a convocar manifestaciones y liarla parda.
Por supuesto, lo que ha hecho el trío lalalá es miserable. Pero… ¿de verdad esta es la primera gran pelea que los sindicatos deciden liderar? ¿No hubo oportunidades antes? ¿Que nos quieran tener trabajando hasta que la cadera haga ""crack"" al cambiar el tóner no lo merecía?

En 2023, UGT y CCOO recibieron más de 50 millones de euros en subvenciones

En Francia, cuando Macron intentó lo mismo, el país entero ardió. Porque los gabachos tienen muchas cosas malas, y además nunca les perdonaremos lo de las fresas, pero hay que reconocerles algo: allí, sindicatos y ciudadanos salen a la calle gobierne quien gobierne si el poder va a pasarse de frenada. Trenes bloqueados, carreteras cortadas, montañas de basura acumulándose en las calles. No es bonito, pero funciona. 
Aquí, en cambio, ¿dónde está la indignación organizada? ¿Dónde la huelga general que debería paralizar el país, la presión constante, el ""esto no va a quedar así""? En algún rincón de un comité, tal vez en una hoja de ruta perdida entre cafés de cápsula y reuniones interminables, porque en la calle no.
La pasividad sindical tiene consecuencias. Cuando los que deberían liderar la protesta callan o actúan de forma selectiva, se suma un ingrediente más para terminar de rematar la receta: una sociedad anestesiada, idiotizada, como los zombies de Walking Dead en el capítulo tres mil, incapaz de canalizar su enfado en acciones con sustancia.
La gran protesta de nuestro tiempo es el ""buah, tía"" en un chat de grupo, el ""qué vergüenza"" bajito en el office, el hilo de Twitter que nadie lee entero. Nos hemos acostumbrado a quejarnos sin hacer ruido, al cabreo que no molesta ni transforma.
Además, como los sindicatos ya no pueden arrancarse ni a tiros la imagen de estructura burocrática que funciona por una mezcla de inercia e interés, están perdiendo credibilidad y confianza a marchas forzadas. En España, menos del 20% de los trabajadores está afiliado a uno. Por Suecia o Dinamarca, para hacernos mejor a la idea y porque las comparativas son encantadoramente odiosas, la cifra supera el 60%.
Eso sí, los sindicatos siguen liderando la negociación colectiva como si nada, en nombre de millones de personas que no les han ofrecido su respaldo. Tan panchos.

Como los sindicatos ya no pueden arrancarse ni a tiros la imagen de estructura burocrática que funciona por una mezcla de inercia e interés, están perdiendo credibilidad y confianza

Y luego está otro pequeño detalle que se nos suele pasar. Los sindicatos todavía se manejan bien en la gran empresa, fábricas donde la clase trabajadora se cree media porque al fin vive en un bajo con jardín que parece chalet pero no. Ahora bien, España es fundamentalmente un país de pymes y autónomos, y eso de meterse en el barro de las pequeñas organizaciones no compensa.
Total, que al final... ¿quién gana en este terreno? La resignación, la ultraderecha, el individualismo salvaje del ""sálvese quien pueda"". Porque cuando no hay sindicatos presentes y fuertes que canalicen el malestar y luchen por los derechos colectivos, la protesta se privatiza: cada uno se las apaña como puede.
Se negocia una subida de sueldo a puerta cerrada, se cambia de empresa en silencio, se aguanta lo que haga falta con la esperanza de que no venga alguien peor, mientras la suspicacia y los bollos de máquina intoxican el ambiente en la oficina. Que baje Dios y lo vea.
Y así va pasando la vida, en la queja de barra de bar, la rabia estéril, en el ""es lo que hay"".

España es fundamentalmente un país de pymes y autónomos, y eso de meterse en el barro de las pequeñas organizaciones no compensa

Dicho esto. No es que los sindicatos deban desaparecer. Que nadie se me confunda. Al revés. Tienen la obligación moral de salir de la ciénaga, pasar por unas cuantas sesiones de oxigenoterapia y reinventarse. Recuperar su capacidad de movilización, su independencia y conexión con los trabajadores. Se lo deben a ellos mismos. Nos lo deben a todos nosotros. Porque, si no podemos confiar en quienes asumieron la misión de defendernos, ¿quiénes lo harán?
Tenedlo claro. Como sigamos dejando que las injusticias pasen sin respuesta, nos espera una precarización aún mayor. Por eso la pregunta, una más, no es si necesitamos sindicatos. Es qué tipo de sindicatos queremos. Y arremangarse.
No sé, quizá sea mucho pedir. Visto lo visto, por la evolución de los acontecimientos, lo narcotizados que estamos, por la deriva que llevamos, la cosa pinta fea. Ahora bien, alguien tiene que seguir por aquí para recordar que los derechos no caen del cielo, ni se heredan como la vajilla de la casa del pueblo. Que lo que no se defiende, se pierde.
Y si los de arriba empujan y los de abajo siguen parados con un palo en el culo, continuarán aplastados los mismos desgraciados de siempre.
Eso lo sabía bien Joe Hill, revolucionario y poeta. Sus últimas palabras, justo antes de que le pegaran un tiro: ""No lloréis por mí, organizaos"".",8164,"El artículo critica la supuesta debilidad y falta de acción de los sindicatos españoles en la defensa de los derechos laborales, comparándolos con su pasado combativo y destacando su actual dependencia económica del Estado, burocratización y pasividad ante problemas estructurales como la precarización laboral. Aunque reconoce su utilidad histórica, aboga por una reinvención urgente para recuperar su rol como defensores colectivos, contrastando su situación con modelos europeos como el francés o nórdico, y advierte sobre las consecuencias sociales de su inacción.",provocador,"El texto incurre en generalizaciones peligrosas al presentar a los sindicatos españoles como un bloque homogéneo 'dormido', ignorando matices internos (como las diferencias con sindicatos vascos mencionados) y exagerando su pasividad con ejemplos selectivos: omite que UGT y CCOO sí convocaron protestas contra recortes o reformas como la de pensiones, y reduce su crítica a una narrativa de 'traición' sin analizar causas profundas (como la fragmentación del movimiento obrero o la cooptación política). Además, el tono despectivo hacia afiliados y la ironía excesiva ('como los zombies de *Walking Dead*') pueden alienar al lector menos crítico, y el uso de comparaciones grotescas (como el novio infiel o el 'reflejo en una charca porcina') resta rigor a un análisis que podría ser más contundente. Por último, la referencia a 'los de arriba' y 'los de abajo' adopta un lenguaje maniqueo que no ayuda a construir puentes, sino que polariza.",7.0,6.5,"[""Uso efectivo del **lenguaje coloquial y metáforas impactantes** (ej.: 'los sindicatos como novio infiel', 'el sistema como agujero negro') para captar atención y transmitir crítica, que refuerza el tono provocador y evita la sequedad típica de análisis laborales."", 'Contraste **pertinente y efectivo** entre el modelo español y otros europeos (Francia, Suecia), que ilustra la tesis con datos concretos (afiliación sindical) y ejemplos de movilización social, lo que da cuerpo a la argumentación.', 'Tesis clara y bien comunicada desde el primer párrafo, con un **cierre contundente** que reitera la urgencia de la reinvención sindical y vincula la inacción con consecuencias sociales graves, evitando caer en el lamento vacío.', 'Inclusión de **detalles irónicos pero bien dosificados** (ej.: subvenciones a sindicatos + retiros en casas rurales) que humanizan la crítica y evitan que el texto caiga en lo dogmático, aunque a veces rozan lo caricaturesco.']","['Evitar **generalizaciones sobre sindicatos españoles** sin matices: hay sectores (como CCOO en sectores estratégicos) que mantienen lucha activa. Incluir ejemplos más variados —más allá de la huelga del transporte— para no caer en la simplificación.', ""Profundizar en **causas estructurales** (no solo en 'falta de voluntad') que explican la debilidad sindical: cooptación política, fragmentación del movimiento, precarización de la economía (pymes/autónomos) o la erosión de la cultura de lucha. El artículo apunta a estos factores, pero los trata de forma superficial."", ""Modular el **tono despectivo** hacia afiliados y estructuras sindicales para no alienar a lectores que, aunque críticos, reconocen su utilidad en negociaciones colectivas. Frases como *'tan panchos'* o *'compañero intermitente'* pueden sonar a menosprecio más que a análisis."", ""Incluir **propuestas concretas** más allá de lo genérico ('reinventarse'). Por ejemplo: cómo podrían sindicatos recuperar legitimidad (ej.: campañas de afiliación en pymes, alianzas con plataformas digitales, transparencia en subvenciones), en lugar de limitarse a una llamada retórica a 'arremangarse'.""]",opinion_v4
El propósito: lo que nunca aparece en las listas de año nuevo,2025-01-04T05:00:00+01:00,https://cronicavasca.elespanol.com/opinion/20250104/el-proposito-que-nunca-aparece-listas-nuevo/913658644_0.html,Más información: Trabajar menos horas no es suficiente y estas fechas son la prueba,"Es curioso cómo el Año Nuevo nos incita a hacer listas de buenos propósitos. Metas siempre nobles y en ocasiones improbables: volver al gimnasio porque ahora sí que sí, ahorrar con la voluntad de un monje budista o aprender un idioma que solo usaremos para pedir café en vacaciones. Deseos, algunos nuevos, otros reciclados, vestidos con mezcla de ilusión y culpa. La experiencia dice que, más veces de las que nos gustaría, se truncan antes de llegar el verano.
El problema no está en la falta de fuerza de voluntad. Qué va. Al menos, no del todo. Hay algo más profundo en la necesidad de imponerse objetivos con cada cambio de calendario, en el incumplimiento sistemático de una parte, en esperar a que vuelvan a caer las hojas para regar el árbol de las buenas intenciones. Es el intento de llenar un vacío que ni siquiera sabemos nombrar.
Sí, ahí está la trampa de los propósitos. Solo son tareas específicas que ocultan lo que de verdad deberíamos construir: el propósito. Suena a trabalenguas, pero en absoluto. 



El propósito, con mayúsculas, nada tiene que ver con objetivos aislados. Qué se yo, dejar las redes sociales con un post de despedida, mantener la casa impecablemente ordenada, desayunar semillas chía... No, el propósito nunca es destino. Es un mapa. La dirección que da sentido a todo lo demás para que los deseos de Año Nuevo dejen de flotar como islotes en un océano de desconexión.
Cuando tienes propósito las piezas encajan porque ya no se trata de metas sueltas y caprichosas, sino de algo más grande que las une. El ejercicio deja de ser una promesa de enero y se convierte en la rutina de cuidar un cuerpo que te lleva a hacer lo que amas. Emprender ya no es una salida laboral tras quedarte en la calle compuesto y sin curro, pasa a ser medio para generar el impacto que siempre soñaste. Y puede que acabes dando con un sitio al que llamar hogar, por algún pueblecito perdido donde al fin te encuentres.

¿?

Pero claro, descubrir tu propósito no es tan sencillo como comprar un primaloft con descuento y salir al monte. Requiere pausa. Y silencio. Dos cosas que, en el mundo actual, son más difíciles que hallar pareja por Tinder y que funcione.
Además, andamos sujetos a demasiadas presiones externas que no ayudan a vivir con propósito. Especialmente una: la sensación de ir tarde. La existencia tiene cuenta atrás, eso está claro, pero en algún momento decidimos darle todo el poder al cronómetro y acordar que hay un momento para cada cosa. Y que, si no llegamos a tiempo, hemos fracasado.
Tarde para cambiar de trabajo, tarde para aprender algo nuevo, tarde para empezar otra vez. El sentimiento de ""voy tarde"" nos persigue como la sombra de un perro fiel, pegajosa, difícil de ignorar. Y en esa prisa por recuperar el tiempo perdido, se nos olvida hacer la pregunta clave: ¿estoy corriendo hacia algo que realmente quiero o simplemente intentando cumplir con lo que se espera de mí?

Es más efectivo codearse con el tiempo como compañero, no enemigo

Yo también he sentido ese reloj. Y la impotencia de ver pasar los años y no sentirme plena, mientras fabricaba listas de deseos que no terminaban de cumplirse o sí pero me dejaban fría. Entonces conocí a una persona que acabó por abrirme los ojos, sin pretenderlo, y ahora empiezo a sentir la valentía para dar forma a ideas que andaba barruntando desde hace un tiempo.
Es verdad que he necesitado el ejemplo de otro para tomar conciencia de mi propósito. A veces es así: alguien nos presta un espejo en el que, por fin, nos vemos con claridad. Gracias a él, a conocer su proyecto de vida todavía en proceso, he empezado a ignorar el ruido de fuera y escucharme por dentro. A entender que es más efectivo codearse con el tiempo como compañero, no enemigo.
Ahora, creo que estoy lista para ir moviendo ficha. Otra cosa es que lo logre. A veces encontrar el propósito y hacerlo real no implica demasiados cambios; en ocasiones, supone un giro de 180 grados. Y eso da miedo. Muchísimo.
Seamos honestos. No es fácil romper con la inercia de los corsés sociales, con el ""así son las cosas"", las voces que te dicen que mejor sigas el camino conocido. Ese libreto que viene preescrito desde antes de que nazcas: estudiar, un trabajo estable de ocho a tres, pareja, hijos, hipoteca en la ciudad. Todo en el orden correcto y dentro de los plazos adecuados, no vaya a ser que se descontrole algo.

. Tiene que ver con autoescucha y coherencia. 

Al final, la vida se convierte en una carrera de relevos en la que vas recogiendo resultados impuestos, uno tras otro, sin preguntarte si realmente los deseabas.
El problema es que muchas veces ese guion no funciona. Basta con mirar alrededor. Gente que hizo todo supuestamente ""bien"" y acaba en un divorcio conflictivo porque no asume quedarse sola, atrapada en trabajos que detesta, mezclando lexatines con cerveza y una vida que no reconoce como propia mientras vende la moto por Instagram.
Es el precio de no haberse hecho nunca la pregunta esencial, ésa de la que os hablaba antes.
Y no, no soy ingenua. Sé que en ocasiones es imposible conseguir la vida que una quiere. Hay un sistema que limita, circunstancias personales, económicas o de salud que pesan como intentar caminar por barro con zapatos de plomo.
Pero el propósito, al menos como yo lo entiendo, va más allá de construir un futuro ideal que se haga presente. Tiene que ver con autoescucha y coherencia. Con avanzar, aunque sea a pequeños pasos, en una dirección que no contradiga quien eres. 
Por eso esto nada tiene que ver con salir de la zona de confort. Olvidaos. Además, me agota la filosofía de “atrévete a todo” que convierte la vida en una constante ginkana de autoexigencia. No, el propósito no es un salto al vacío ni un “si quieres, puedes.” Es algo más parecido a mirar por dentro, abrazar el vacío y llenarlo con la misma pasión con que de pequeñín colmabas cubos de arena en la playa.
No sé, supongo que quiero convencerme de que lo conseguiré. De momento, ya he hecho el primer movimiento. Apuntarme a la autoescuela, con 44 castañas, para sacarme el carné de conducir. No es uno de tantos buenos propósitos de Año Nuevo, sino una de esas casillas que he de tachar para alcanzar mi propósito. Si lo logro, algún día os contaré cuál era.",6245,"El artículo reflexiona sobre la superficialidad de los propósitos de Año Nuevo como mecanismos para llenar un vacío existencial no nombrado, proponiendo el concepto de *'propósito'* (con mayúscula) como guía de vida coherente, autenticidad y autoescucha, en contraste con la presión social y la obsesión por el tiempo. Critica el modelo de vida impuesto y aboga por pequeños pasos hacia una dirección personal, evitando el autoengaño y la autoexigencia tóxica. Incluye una narrativa personal como ejemplo de este proceso de introspección.",reflexivo con toques críticos y autobiográficos,"{'fallos_estructurales': [""La transición entre el análisis de los propósitos de Año Nuevo y la introducción del concepto de *'propósito'* (mayúscula) es abrupta y poco justificada: el lector no percibe claramente por qué este cambio conceptual es necesario o cómo se deriva lógicamente del tema inicial. El salto de lo general ('vacío existencial') a lo abstracto ('mapa', 'dirección') carece de puente argumental."", ""El texto sufre de **redundancia temática**: ideas como la presión del tiempo, la crítica al sistema social o la autoescucha se repiten sin profundizar en matices nuevos. Por ejemplo, la frase *'La existencia tiene cuenta atrás'* aparece dos veces sin aportar mayor desarrollo, lo que diluye la originalidad de la reflexión."", 'La narrativa personal, aunque emotiva, **interrumpe el flujo argumental** en lugar de reforzarlo. El relato de la autora sobre su proceso de introspección (ej. el espejo de otra persona) se integra de forma desigual: en algunos párrafos actúa como ilustración, pero en otros parece un *digresión* sin conexión clara con la tesis central, lo que debilita la cohesión.', ""Falta un **cierre contundente**: el artículo termina con una promesa abierta (*'Si lo logro, algún día os contaré cuál era'*) que no cierra el círculo argumental. La reflexión sobre el propósito queda en suspenso, como si el texto se quedara a medio camino de su propia tesis. Un cierre más potente podría haber sido una síntesis de las contradicciones sociales mencionadas (ej. 'Mientras el sistema premia la eficiencia, el propósito exige desobediencia tranquila')""], 'errores_de_formato': [""Uso inconsistente de mayúsculas en términos clave como *'propósito'* (a veces con mayúscula, otras sin ella), lo que genera confusión semántica. Esto debilita la intención del autor de diferenciar el concepto abstracto del propósito cotidiano."", ""Falta de **transiciones claras** entre párrafos, especialmente entre la crítica social (ej. 'el libreto preescrito') y la propuesta de autoescucha. El texto pasa bruscamente de lo colectivo a lo individual sin marcar el cambio de perspectiva.""]}",7.0,8.0,"[""**Originalidad temática**: La distinción entre *'propósitos'* (listas vacías) y *'propósito'* (guía de vida) es un concepto fresco y poco explorado en columnas de autoayuda o reflexión existencial. El texto logra definir un espacio conceptual propio, evitando clichés como 'sigue tu pasión' o 'el cambio comienza hoy'."", ""**Profundidad psicológica y social**: La crítica al modelo de vida impuesto (estabilidad laboral, pareja, hipoteca) y la presión del tiempo conecta con problemas reales como la infelicidad laboral o la crisis de los 40. Ejemplos concretos como *'mezclar lexatines con cerveza'* humanizan la reflexión y la hacen más accesible."", '**Narrativa personal bien dosificada**: El uso de la experiencia autobiográfica (ej. la autoescuela a los 44 años) **no es anecdótico**, sino que sirve para ilustrar cómo el propósito se construye en pequeños actos cotidianos, algo difícil de comunicar solo con abstracciones. Esto da autenticidad al texto.', ""**Lenguaje evocador y preciso**: Frases como *'llenar un vacío que ni siquiera sabemos nombrar'* o *'abrazar el vacío y llenarlo con pasión'* capturan la esencia del tema con economía de palabras. El tono es cercano pero nunca coloquial, evitando caer en el lugar común.""]","[""**Estructurar la tesis inicial con más rigor**: El primer párrafo introduce el tema con ironía (los propósitos de Año Nuevo), pero el salto a la propuesta de *'propósito'* (mayúscula) debería justificarse con una **pregunta retórica o afirmación clara** que funcione como *leitmotiv*. Por ejemplo: *'Pero qué pasa cuando esos propósitos no son más que parches para un vacío que ni siquiera nombramos? Ahí es donde el concepto de propósito —con mayúscula— cobra sentido'*."", ""**Evitar repeticiones innecesarias**: Frases como *'La existencia tiene cuenta atrás'* o *'¿estoy corriendo hacia algo que quiero o hacia lo que se espera de mí?'* aparecen en contextos distintos sin variar su formulación. Variar el lenguaje enunciativo (ej. cambiar *'correr'* por *'avanzar'* en el segundo caso) enriquecería el ritmo."", ""**Profundizar en el contraste con alternativas**: El artículo critica el modelo social, pero no desarrolla **qué alternativas concretas** propone el propósito. Por ejemplo: ¿cómo se aplicaría esto en un contexto de precariedad laboral? ¿Qué herramientas prácticas ofrece para quienes no pueden 'ignorar el ruido de fuera'? Un par de ejemplos tangibles fortalecería la propuesta."", ""**Cierre más impactante**: El texto termina con una promesa (*'os contaré cuál era'*), que resta fuerza al mensaje. Un cierre efectivo podría ser una **metáfora final** que sintetice la tensión entre propósito y sistema, como: *'El propósito es ese acto de desobediencia silenciosa que convierte el barro de la vida en camino, aunque solo sea un paso a la vez'*.""]",opinion_v4
Por qué nuestros representantes dan más la nota que el cuñado en Nochebuena,2024-12-21T05:00:00+01:00,https://cronicavasca.elespanol.com/opinion/20241221/por-que-nuestros-representantes-nota-cunado-nochebuena/910159067_0.html,"Unas reflexiones sobre la política espectáculo
Más de la autora: ¿Alianza vasca por los OD... qué?","Llegaron las comilonas navideñas. Legendarios campos de batalla con tres tipos de comensales: quienes anticipan el desastre antes del primer brindis pero no mueven un dedo por remediarlo, ésos que intentan apagar fuegos con bandejas llenas de paciencia y los que traen la escopeta cargada.
Una noche será tu cuñado del Athletic vociferando contra las subvenciones al cine español. A la siguiente, el suegro con añoranza de tiempos mejores y pantanos llenos. En el próximo encuentro, la prima que defiende a Amancio Ortega como si, además del outfit perfecto, hubiera inventado la caridad. O ese sobrino al que no se le ocurre mejor idea que plantear el dilema de si salvar a un perro antes que a un facha, o a un facha antes que a un comunista, si es que queda alguno.
Da igual quien dispare primero o con qué dislate. En fechas de paz y lucecillas horteras, la llama puede prender en cualquier momento, por cualquier rincón, calentando las mesas familiares como un horno de Masterchef.
Y sin embargo, al final, entre burritos sabaneros y copas que se vacían con más prisa que elegancia, aquellos que están llamados a ejercer de bomberos por la gracia del Niño Jesús intervienen con la eficacia necesaria para en la mayoría de casos alcanzar una tregua. Habitualmente, antes del postre.



Entonces vuelven los brindis, un “Pamplona” con el polvorón de Felipe II entre carrillos y las risas por ese humor tontorrón en el que todo el mundo se siente bien. La satisfacción, en definitiva, de haber logrado bajar del púlpito familiar y aceptar que, pese a opinar distinto, estamos condenados a convivir y eso es lo importante.
Lo que nos salva es el amor. De lo contrario, a estas alturas conservaríamos la misma compostura que los señores y señoras que ocupan sillón en las altas instituciones públicas. Salvo ciertas excepciones, más de una orilla que de otra, entre poca y ninguna.
Hace demasiado tiempo que, por esos espacios inventados para construir democracias, los cuchillos andan afilados desde el aperitivo. Por eso, para cuando llega el turrón, solo quedan sobre la mesa las cenizas del consenso.
La política ya no es el arte de construir acuerdos. Es el de tirar sillas. Cuando hace una década cierta diputada del PP soltó en plena sesión el famoso “que os jodan”, la reacción fue inmediata: escándalo, disculpas, vergüenza. Hoy, semejante chabacanería sería trending topic o camiseta con marca registrada. Ya ha sucedido a cuenta de la “fruta”, porque todo vale mientras se convierta en viral y lleve la fibra suficiente para cagarse en lo que sea menester.



La nostalgia es un arma de doble filo, pero creo recordar que hubo una época en que los grandes debates públicos eran batallas de oratoria, no de zascas. Cuando Manuel Azaña dijo aquello de “la libertad no hace felices a los hombres, los hace simplemente hombres”, la intención nada tenía que ver con rascar un titular. Se trataba de apelar a algo profundo, aun sin lenguaje inclusivo, que os veo venir.
Y yo me cuestiono: ¿dónde ha quedado esa política evidentemente imperfecta que buscaba persuadir en lugar de provocar? Pues sencilla y dolorosamente, sepultada por el aplauso fácil y el hype mordaz. Cambió porque nosotros lo hemos hecho. En parte, para peor.
Casi sin darnos cuenta, igual que cuando un día encuentras una foto de hace quince años y te percatas con sorpresa de que la vida te ha pasado por encima como un camión cisterna, hemos entrado en una espiral fatal.
Por un lado está la cultura del populismo y la inmediatez, tiranizada por las redes sociales, que empuja a los políticos a la reacción efectista. Por otro, la polarización. Nos han fragmentado hasta el extremo y, en un entorno tan dividido, triunfan los discursos simplistas y emocionales.



Además, vivimos en un tiempo de urgencia donde nos cuesta atender cualquier explicación que dure más que un reel de Instagram. Una época de premura en la que detenerse a escuchar un argumento pausado parece un lujo que nadie se puede permitir. Necesitamos respuestas rápidas, culpables claros, victorias contundentes. Por eso el político que duda, mostrándose abierto a negociar, parece débil. Aquél que grita y simplifica, fuerte. Y la fuerza, aun impostada, vende.
Y sí. Puede que de puertas para afuera todavía resoplemos cuando tal o cual político se pone gallito, pero con nuestra actitud hemos premiado justo eso. Sin querer queriendo, reclamamos un villano evidente y demandamos un héroe que se rompa la camisa como Camarón.
Lo pedimos y la clase política responde, interpretando según la apetencia del público, con discursos de brocha gorda y bravatas insolentes, a sabiendas de que la gente consumirá y compartirá el numerito hollywoodiense de turno. Si se odia al protagonista, para dejarlo claro. En caso de que sea de su cuerda, para justificar la barbaridad.
La crisis de confianza en las instituciones tampoco ha ayudado. Al no haber ya forma de creerse nada, muchos políticos han teatralizado su posición reinventándose como rebeldes de armas tomar. Los hay de todos los colores, pero los más hilarantes se encuentran, como los baños, todo recto a mano derecha. Tipo Abascal, defendiendo la familia tradicional mientras encadena divorcios y chiringuitos. O estilo Ayuso, que va de antisistema mientras su novio roba con un descaro que ni en los sainetes.



Al final, el espectáculo está servido. Como el vulgo que antaño abarrotaba los corrales de comedias, aplaudimos desde la grada al bufón mientras el servidor público queda relegado a las sombras. Da igual que lo dicho sea una verdad a medias o una mentira total. Lo que cuenta es que la turba grite, el meme fluya y el rival, o mejor aún, el enemigo político, parezca abatido.
Luego nos sorprendemos si un pobre fanfarrón con cuenta en TikTok crea un partido, por llamarlo de alguna manera, con una ardilla como logo, arranca más escaños que la izquierda woke y eleva el arte de la soflama al pedestal de lo sublime. Ilusos.
Es el entierro progresivo del decoro, la última morada de la palabra comedida, el réquiem del propósito original de la política. Por eso, os pregunto: ¿cuándo vamos a decir hasta aquí? Si seguimos gratificando el exabrupto disfrazado de ingenio, acabaremos teniendo parlamentos con aforo completo de trovadores mediocres y tribunas vacías de contenido, con exceso de personajes más preocupados por la próxima ovación que por el bienestar de quienes allí les colocaron.
Y cuando eso ocurra, ya no quedará nada que aplaudir, salvo el eco hueco de nuestra propia frustración.

Hay que dejar de echar balones fuera y reconocer la mayor. El problema no radica en ellos. Parte de nosotros

Hay que dejar de echar balones fuera y reconocer la mayor. El problema no radica en ellos. Parte de nosotros. De nuestra disposición a seguir contemplando las patadas en la espinilla en sesiones diseñadas para el corte de vídeo perfecto. De nuestro entusiasmo por tragar rabia como si fuera ambrosía. De nuestra tolerancia a las gesticulaciones excesivas en un show que, claro está, en su objetivo de enfervorizar no defrauda, pero lo que tampoco hace es construir.
Quiero pensar que hay vuelta atrás. Y, ya que en estos días nos imbuye el Espíritu de la Navidad, imaginar por un momento un Parlamento más parecido a esas mesas familiares donde siempre hay alguien que propone un brindis para apaciguar ánimos cuando llegan las pullas. Una política donde el consenso no sea visto como traición, sino acto de valentía. En la que el servidor público vuelva a estar en el centro y las gracietas se dejen para el bar del Congreso.
No sé, supongo que si en nuestras casas somos capaces de darnos una tregua y servir Codorniu al tío que hizo boicot a los productos catalanes sin que la sangre llegue al río, tal vez podríamos conseguir lo mismo de nuestros representantes. Eso, o darlo todo por perdido. Y salvar al perro, por supuesto.",7853,"El artículo critica la degradación de la política hacia un espectáculo vacío de contenido, comparándola con las tensiones familiares navideñas, donde la polarización, el populismo y la inmediatez mediática han reemplazado el debate serio por discursos efectistas y provocadores, responsabilizando también al público por su pasividad y consumo de este tipo de retórica.",satírico-provocador,"{'fallos_estructurales': [""La repetición de ideas clave sin desarrollo adicional (ejemplo: la frase *'Por eso, para cuando llega el turrón, solo quedan sobre la mesa las cenizas del consenso'* aparece casi idéntica en dos párrafos consecutivos, sin añadir matices)."", ""El tono satírico, aunque efectivo en algunos pasajes, cae en la exageración gratuita en momentos como la comparación con *'trovadores mediocres'* o *'tribunas vacías de contenido'*, que resultan más caricaturescas que críticas profundas."", ""Falta de equilibrio en la autocrítica: el texto denuncia el espectáculo político pero no explora soluciones concretas más allá de un ideal navideño ('brindis para apaciguar ánimos'), lo que debilita el impacto transformador del mensaje.""], 'problemas_de_ritmo': [""Saltos abruptos entre metáforas familiares (mesas navideñas) y ejemplos políticos sin un hilo conductor claro, lo que genera sensación de dispersión en párrafos como el de *'Da igual que lo dicho sea una verdad a medias o una mentira total'* (sin transición lógica desde el contexto anterior)."", ""El cierre, aunque emotivo, depende demasiado de un deseo utópico ('imaginar un Parlamento...') sin argumentos que lo sustenten, lo que resta solidez al llamado a la reflexión.""], 'sesgos_de_estilo': [""El uso recurrente de ironía negra (*'el réquiem del propósito original de la política'*, *'el arte de la soflama al pedestal de lo sublime'*) puede alienar al lector menos familiarizado con el registro satírico, diluyendo el mensaje en el propio juego de palabras."", ""La mención a *'la izquierda woke'* como chivo expiatorio sin contexto (sin definir qué se critica exactamente de ese término) refleja una generalización que debilita la credibilidad del análisis.""]}",7.0,7.5,"['Uso brillante de la **metáfora navideña** (comensales, mesas familiares) para ilustrar la polarización política, que refuerza la tesis con imágenes memorables y accesibles.', 'Crítica ácida y bien dosificada a la **cultura del *zascas*** y la teatralización política, con ejemplos concretos como el caso de Ayuso o Abascal que humanizan el análisis.', ""Ritmo ágil en los párrafos iniciales, donde la enumeración de tipos de comensales (*'quienes anticipan el desastre...'*) crea un efecto cómico y atractivo para el lector."", ""Originalidad en la **autocrítica implícita**: al final, el autor reconoce que el problema también es del público (*'parte de nosotros'*), evitando caer en el maniqueísmo.""]","[""Evitar la **repetición textual** de ideas clave (ejemplo: las *'cenizas del consenso'* aparecen dos veces seguidas sin progresión). Introducir variaciones en el lenguaje para mantener la frescura del texto."", 'Desarrollar **soluciones alternativas** más allá del ideal navideño. Por ejemplo: ¿qué políticas concretas podrían fomentar el diálogo? ¿Cómo reformar las instituciones para reducir la tentación del espectáculo?', ""Refinar la **ironía** en pasajes como el de *'trovadores mediocres'* o *'soflama al pedestal de lo sublime'* para que no parezca un ataque personal a los políticos, sino una crítica al sistema que los genera."", 'Incluir **ejemplos internacionales** (ejemplo: países con sistemas de mediación política o debates parlamentarios exitosos) para dar peso a la propuesta de consenso, evitando que el artículo quede circunscrito a un caso español genérico.']",opinion_v4
Arriba Españñña: el chotis del régimen del 78,2024-12-06T05:00:00+01:00,https://cronicavasca.elespanol.com/opinion/20241206/arriba-espannna-el-chotis-del-regimen/906409440_0.html,"A estas alturas, toca admitir que la reconciliación fue poco más que una tregua forzada
Más de la autora: Menos lobos, Caperucita","De nuevo, 6 de diciembre. Ese día en el que jalear “arriba Españñña” sigue sonando tan rancio como el resto del año, por mucha Constitución que se celebre. Es lo que pasa cuando arrastras desde hace casi medio siglo un contrato social que, en teoría, garantiza libertad, igualdad y justicia, y en la práctica lava la cara a los de siempre para que continúen bailando el chotis del poder sin perder su silla.
Hablo de eso que se ha venido a llamar “régimen del 78”, sistema diseñado para avanzar hacia una democracia tranquila consolidando a la vez los privilegios de las élites políticas y económicas del país. Un club exclusivo, vista la mona de pana o chaleco, que debe muchísimo a Paquito por dejarlo todo atado y bien atado.
A estas alturas, toca admitir que la reconciliación fue poco más que una tregua forzada. Un pacto de conveniencia que, como los malos matrimonios, se ha ido forjando a base de rutina, silencios incómodos, hipocresía a manos llenas y la Constitución mediante para prometer hasta meter.
Hubo transición, sí, pero no hacia una democracia de pleno derecho, sino para consolidar sin sobresaltos un engranaje que lleva décadas aplazando soluciones a necesidades fundamentales mientras blinda el status quo de quienes ya estaban sentados a la mesa antes de ponerse a redactar las reglas. Alberto Lardiés lo cuenta muy bien en su libro “La democracia borbónica”.



Y como eso era lo importante, proteger el cortijo, se echó mano de un mecanismo infalible para conseguirlo, una columna vertebral a prueba de bombas. El bipartidismo.
Puede que al principio eso de tener dos siglas turnándose el poder ofreciera estabilidad, pero con el tiempo se destapó la trampa. Las reformas profundas son imposibles porque el sistema recompensa la alternancia y penaliza las trasformaciones reales. Además, es un juego de relevos donde nadie pisa manguera ajena. El PP embiste al PSOE, el PSOE se revuelve contra el PP, pero ambos se asegurarán de que nadie toque lo que realmente importa: su chiringuito.
El bipartidismo no solo resiste. También es capaz de ganar músculo en los momentos más críticos. La irrupción hace ya unos añitos de nuevas fuerzas políticas parecía destinada a romper inercias, pero finalmente ha quedado reducida a una nota al pie en la historia del régimen del 78. Ciudadanos cayó, Podemos puso el cuello, Sumar ha restado y a VOX no lo meto en esta lista porque es involución.
Los dueños del feudo institucional saben cómo responder a cualquier desafío al orden establecido: primero dejan que los partidos alternativos se confíen, les dan su cuota de pantalla, con el Ferreras de turno haciendo la pelota y un sistema que finge abrirles la puerta.

Lo hemos visto con Iglesias and company dentro del Gobierno de Sánchez

Una vez dentro, a degüello.
Es un desgaste calculado, sutil pero implacable, que desactiva cualquier amenaza casi antes de serlo. Lo hemos visto con Iglesias and company dentro del Gobierno de Sánchez. Más allá de su propio autosabotaje, de la ingenuidad, el exceso de orgullo y la mutación de perroflautas a izquierda woke, habría pasado con cualquier otra opción. Desde dentro, el sistema los neutraliza, les arranca la esencia, acelera la fragmentación y, cuando han perdido toda capacidad de impacto, los deja caer.
El régimen del 78 no necesita silenciar alternativas: simplemente las agota hasta que dejan de serlo. Una habilidad incomensurable para devolverlo todo al equilibrio original y que la ciudadanía acepte con resignación cristiana la recolocación de piezas.
Hemos normalizado que el menú vuelve a tener dos platos a elegir. Y aceptamos, además, que de condimento siempre habrá tramas de corrupción, puertas giratorias, amiguismos descarados. Por eso, aun con las cloacas del Estado llenas y la mierda saliendo a borbotones, el bipartidismo vuelve a estar prácticamente tan fuerte como en sus orígenes.



Es un hecho. El régimen del 78 sigue sabiendo mantener el tipo. Y también, tirar de nostalgia, vender relato. Si se dice que fue la solución perfecta para una época difícil, un milagro que evitó guerras y garantizó la estabilidad del país, hay que responder amén. Santiguarse mucho, besar bandera, no cuestionar.
Sin embargo, la realidad es que esa solución se ha convertido en camisa de fuerza y el milagro llegó con un precio que seguimos pagando.
Hoy se nos pide celebrar la Constitución como logro incuestionable, pero en realidad estamos lanzando confeti por un sistema que ha convertido la Carta Magna de España en instrumento para perpetuar sus limitaciones, blindar desigualdades y evitar cualquier reforma que arañe los pilares del poder establecido.
Da igual cuántos osos caigan en una cacería ilegal, las cuentas en Suiza o qué insinúe Bárbara Rey en el próximo Sálvame Deluxe: seguiremos manteniendo una Jefatura de Estado que nadie eligió y a la que no podemos pedir cuentas porque los Borbones son gente guapa, formada, campechana. Y además en unos años tendremos reina y eso es muy moderno, lo que todo país con buen gusto querría.



El monarca es más igual que el resto. Y al resto del resto, nos pueden ir dando. Vivienda digna, empleo estable, educación, protección de la salud… La Constitución está llena de derechos maravillosos que no están garantizados porque lo primero es asegurarse de que las grandes fortunas lo sigan siendo, muy especialmente cuando vienen mal dadas y hay que rescatar bancos.
Si hace falta, se levanta el colchón de las arcas públicas para que los poderosos aterricen suave mientras los demás aprendemos a sobrevivir entre cláusulas suelo y promesas electoralistas, apretándonos en zulos, compartiendo Max, usando girasol para condimentar la ensalada mixta y ahorrando para cenita romántica en el Tagliatella.
Ese es el plan. Y además, si queda tiempo, nos seguiremos peleando entre nosotros por el trozo más pequeño del pastel.
La unidad de España, mantra favorito del régimen del 78, queda bien en papel pero en la práctica se desmorona. Cataluña rompe el país, Euskadi se lleva demasiado, Andalucía es un lastre... Nos dividen y entretienen, con clichés rancios y prejuicios de barra de bar, escupiendo el cava si es Freixenet, mientras la desigualdad territorial se dispara y el artículo 2 de la Constitución, que prometía cohesión territorial, da risa.
Vivimos en un mapa de tensiones perpetuas, donde cada región reclama más mientras mira con recelo al vecino. Infraestructuras que no llegan, trenes que pasan de largo, provincias olvidadas que claman por migajas y nacionalismos que, lógicamente, solo pueden seguir creciendo.

Este sistema nos enseñó a confundir estabilidad con estancamiento

A fin de cuentas, en un país donde el concepto de unidad se impone y no se construye, donde cualquier demanda de más autonomía se interpreta como un desafío intolerable, lo único que va a conseguirse es alimentar las reivindicaciones de independencia. Son una respuesta inevitable a un modelo que margina las diferencias mientras predica predica el poder del pelotón.
Eso sí, luego hacen como que aquí no pasa nada, llega otro 6 de diciembre, nos animan a peinarnos la raya del pelo, vestirnos de domingo y salir a brindar por Españñña. Por la Constitución que prometía derechos y garantizó privilegios. Por los discursos que, año tras año, nos recuerdan lo lejos que estamos de la democracia que soñamos.
Este sistema nos enseñó a confundir estabilidad con estancamiento. Y no va a evolucionar, no si nos quedamos en el sofá, porque los cambios son para valientes y aquí sobra el miedo. Miedo a aceptar que el espejo en que nos miramos desde 1978 no refleja un país justo, sino una ilusión desgastada por las grietas de lo que nunca se quiso cambiar. Miedo a perder privilegios y ceder poder.
Miedo a que irrumpa gente realmente capaz de identificar las debilidades de la estructura, abrir grieta, entrar y hacer lo que sea para sacar a la Pepa del banquillo y que juegue el partido prometido.
No sé, creo que hasta el emérito convendrá en que por ahí van los tiros.",7991,"El artículo critica el 'régimen del 78' como un sistema político diseñado para perpetuar privilegios de élites mediante el bipartidismo, la alternancia superficial y mecanismos de neutralización de alternativas, usando la Constitución como herramienta de estancamiento y desigualdad. Analiza cómo este modelo normaliza la corrupción, la desigualdad territorial y la falta de reformas estructurales, presentándolo como una 'camisa de fuerza' que impide la democracia real. La sátira y el tono irónico refuerzan la denuncia sobre la hipocresía de una democracia de fachada.",satírico-provocador,"El artículo cae en un **exceso de simplificación maniquea** al reducir el sistema político español a un 'chotis del poder' sin matices, ignorando matices históricos o posibles avances reales (ejemplo: la Constitución sí introdujo derechos sociales, aunque su aplicación sea desigual). La **ironía es efectiva en algunos pasajes** (como el 'arriba Españñña' o la mención a la reina), pero se vuelve **predecible y poco original** en otros: clichés como 'el cortijo', 'las cloacas del Estado' o 'el pastel' restan frescura. Además, **falta rigor en la crítica institucional**: se menciona a Podemos o VOX sin profundizar en sus contradicciones internas o errores estratégicos, lo que debilita la fuerza del análisis. Por último, el **cierre es incoherente**: tras una crítica feroz al sistema, cede a un **desánimo pasivo** ('miedo a que irrumpa gente capaz'), cuando el artículo podría haber terminado con una propuesta concreta o un llamado a la acción, en lugar de resignación.",7.0,7.5,"[""Uso **impecable de la sátira y el humor ácido** para desmontar símbolos del régimen (la Constitución, el bipartidismo, la monarquía) con recursos retóricos precisos, como la repetición de 'chotis del poder' o la comparación del sistema con un 'mal matrimonio'."", 'Estructura **temática bien organizada**: pasa de diagnosticar el problema (el 78 como pacto de élites) a analizar sus mecanismos (bipartidismo, neutralización de alternativas) y sus consecuencias (desigualdad, división territorial), con un ritmo ágil que evita párrafos muertos.', ""**Tesis clara y contundente**: el artículo no duda en señalar que el 'régimen del 78' es un **sistema de perpetuación del poder**, no una democracia real, y lo hace con ejemplos concretos (bancos rescatados, vivienda, corrupción) que refuerzan la crítica."", ""**Lenguaje vibrante y evocador**: frases como 'lavar la cara a los de siempre', 'blindar el status quo' o 'el pastel más pequeño' capturan la esencia del problema con economía de palabras y fuerza visual.""]","[""Evitar **tópicos repetidos** que restan originalidad: frases como 'las cloacas del Estado' o 'el cortijo' son útiles, pero se usan hasta la saciedad sin innovar. Buscar metáforas frescas para conceptos como la corrupción o la división territorial."", 'Incluir **matices en la crítica a alternativas políticas**: por ejemplo, analizar por qué Podemos o VOX **también reprodujeron dinámicas del sistema** (clientelismo, polarización) en lugar de presentarlos como víctimas puras del bipartidismo. Esto fortalecería la argumentación.', ""Proponer **soluciones o salidas concretas** en el cierre: el artículo termina en un tono derrotista ('miedo a cambiar'), lo que debilita su impacto. Sugerir acciones colectivas, reformas simbólicas o incluso críticas a la izquierda tradicional podría dar peso a la denuncia."", 'Profundizar en **ejemplos históricos o comparativos**: por ejemplo, ¿por qué el régimen del 78 es distinto a otros sistemas de transición europea? ¿Qué alternativas existieron en otros países para evitar la estancamiento? Esto añadiría peso al análisis y evitaría que parezca un lamento localista.']",opinion_v4
"Menos lobos, Caperucita: alegato a favor de la humanidad",2024-11-29T05:00:00+01:00,https://cronicavasca.elespanol.com/opinion/20241129/menos-lobos-caperucita-alegato-favor-de-humanidad/904659583_0.html,"No sé si será mi caso al defender que ni el oso es tan fiero como lo pintan ni el ser humano tan malo como parece
Más de la autora: El fin de la conciencia de clase","Alguien dijo alguna vez que por la boca muere el pez. No sé si será mi caso al defender que ni el oso es tan fiero como lo pintan ni el ser humano tan malo como parece. Pero creo que nos esforzamos demasiado en mostrar y demostrar lo contrario.
Habitamos un mundo donde los ideales parecen caer más rápido que las hojas de otoño. Allá por Gaza, los cadáveres se siguen amontonando mientras Occidente debate si llamar cálculo estratégico a lo que claramente es genocidio. Y aquí mismo, en las esquinas de nuestra historia reciente, todavía resuena el eco de quienes pintaron dianas, apuntaron a matar y forzaron el exilio por pensar distinto.
Leo el último artículo de Alberto Lardiés y el latido se me hace pequeño buscando refugio. Habla de la pareja de periodistas que hace 24 años escapó de la guadaña por puro azar, porque el explosivo colocado por ETA en la entrada de casa falló. De cómo, aun sabiendo que dentro podía haber un bebé, cuatro hombres decidieron que arrebatar esa vida era un precio aceptable por defender su causa. Los mismos terroristas que, décadas más tarde, cruzan miradas con las víctimas en el dintel del juzgado y el suelo no tiembla bajo sus pies.
Entonces pienso en otras personas que tampoco tuvieron demasiada suerte ni reparación. Sin irse muy lejos, mujeres maltratadas y asesinadas por escoria que las considera trofeos de caza. En su caso no hay bombas junto a la puerta, pero sí cuchillos en las cocinas, manos apretando cuellos, palabras que humillan hasta diluir la autoestima, una estructura perfectamente diseñada para encontrar justificaciones, engordar el odio, asegurar el ciclo.
Historias sin perdices al final, de las que ya no sorprenden. Nos acostumbramos a que formaran parte del mobiliario humano.
Y por si eso no bastara, porque parece que siempre hay margen para que todo vaya un poquito peor, nos las vemos y deseamos en un sistema que perpetúa la precariedad laboral, acentúa las desigualdades y reduce a ficción cualquier tragedia lo suficientemente alejada de nuestra zona de confort. Que, ironías de la vida, mata de hambre a los osos polares mientras alguien paga más por un café con leche de avena que por un libro.
Es el mismo mercado que convierte la vivienda en privilegio y hace negocio de la salud, de la educación, de cualquier derecho que debería de ser sagrado pero se vende al mejor postor a la vez que nos provee de anestesiantes: Amazon, mindfulness, el invento de turno.
Y aunque hablamos del sistema en abstracto, de eso nada. Tiene rostro, nombres, los nuestros también. Ya sea por acción u omisión, lo modelamos y perfeccionamos entre todos.
Así que, a veces, damos mucho por culo. Tanto, que hay un montón de gente a la que le escandalizará más lo políticamente incorrecto de esta expresión que todo lo que ella misma provoca y permite, todo lo que deja pasar con un silencio cómplice que grita más que cualquier palabra. 

. La misma especie que inventó la guerra creó la paz. La que fabricó las armas construye hospitales. Así de contradictoria, en su crueldad y resarcimiento

El hombre es un lobo para el hombre, dijo Hobbes. Y Rousseau, aunque en su romanticismo defendía la bondad de nacimiento, sostenía que la sociedad nos estropeaba hasta hacernos insoportables. A fin de cuentas hay argumentos de sobra para concluir que, desde Adán mordiendo la manzana, somos puro pecado: belicismo, injusticias, devastación del planeta…
Sin embargo, y pese al desahogo, ni con ésas me bajo del burro. Creo que pensar tan nefastamente del homo sapiens supondría ignorar el resto del cuadro. Hasta cuando el vecino decide perforar paredes a primera hora del domingo con la energía de quien intenta abrir un portal hacia una dimensión aún más caótica o el dueño del Husky vuelve a dejar el bombocito en la acera, incluso entonces, convendría detenernos y sacar las gafas de cerca.
El ser humano es también quien descubrió las vacunas, abolió la esclavitud y formó Naciones Unidas. La misma especie que inventó la guerra creó la paz. La que fabricó las armas construye hospitales. Así de contradictoria, en su crueldad y resarcimiento.
Da miedo. Y alivio. Somos nefastos en la gestión del mundo, pero no tanto como solemos creer. Al final, nos sale poner parches si rompemos el jarrón.
Y sobre todo está la cotidianeidad, esa rutina doméstica en la que tendemos a practicar una bondad desarmante, casi instintiva. Como si algo dentro de nosotros supiera qué es lo noble, aunque no lo razonemos. Un reflejo de que, en nuestro desorden, todavía late algo puro, que no puede contenerse y hace que todo, milagrosamente, siga funcionando. Piénsalo. 
Está el camarero que invita al café porque olvidamos la cartera y la enfermera que sigue sonriendo tras doce horas de turno. Quien deja libros en un banco del parque para que otros los encuentren y se pierdan en sus páginas. La profesora que cree en un niño que nadie más ve y el desconocido que devuelve intacta la cartera extraviada. La chica que organiza una recogida de alimentos para los damnificados por la DANA.
Por algo será que cuando buscamos sinónimos de bondad, hablamos de humanidad. Es nuestra esencia y brota sin pretensiones ni discursos.
Somos capaces de la vileza más fría, pero también de una generosidad abrasadora. Algo único entre lobo y cordero. Por eso si nos fijamos bien, más allá del ruido del taladro, la tormenta y el del mundo, todavía podremos escuchar la amabilidad de quien ofrece una mano, cobijo, algo de comprensión.

. Nos inquieta. Y da morbo. Y el morbo chilla. Y vende

Eso sí, hay que afinar oídos. Y abrir bien los ojos. Porque, pese a andar de postureo hasta las cejas, realmente la humanidad arrastra serios problemas de imagen. Vivimos en un mundo donde el mal tiene agencia de comunicación, jingle pegadizo y el mejor horario de emisión. Si algo explota o sangra, el político de turno gasta dinero público en corruptelas o un futbolista pone los cuernos, el suceso se amplifica hasta el hastío.
La depravación acaba ocupando todas las pantallas y, a fuerza de repetirse, invade nuestras cabezas. Seguimos la evolución de los acontecimientos con una mezcla in crecendo de horror y fascinación, hasta concluir que somos la peor amenaza de la Tierra.
Tiene lógica. La crueldad nos sacude porque recuerda lo frágiles que somos, lo sencillísimo que es que todo se desmorone. Nos inquieta. Y da morbo. Y el morbo chilla. Y vende.
La bondad, sin embargo, apenas susurra. Provoca pocos clics y menos trending topics. Pero ahí está, escondida en los pliegues de lo doméstico, como ese billete de cinco euros que encuentras en un bolsillo olvidado y te alegra el día.
Lo que sucede es que nos dejamos arrastrar por eso que psicólogos como Paul Rozin o Edward Royzman llamaron sesgo de negatividad: una especie de programación que nos permitió sobrevivir a las amenazas del mundo cuando vestíamos taparrabos, porque nos empujaba a fijarnos más en lo malo que en lo bueno.
Ahora ya no estamos en la prehistoria, no hay tigres en las sombras ni necesitamos recordar qué planta es venenosa. Pero ahí sigue.

Si buscamos bondad, lo hacemos en el lugar equivocado. . Pero no funciona así

Y existe otro motivo, más reciente, menos noble: vamos demasiado deprisa. Nos deslizamos por la vida como si fuera un tobogán de hielo pasando por alto esos pequeños gestos que, como el oxígeno, no se ven pero lo sostienen todo.
Al final solo percibimos las grietas más grandes, no las manos que trabajan para repararlas. Y tampoco vemos los intentos de cambiar el mundo: ejemplos de empresas responsables, de políticos comprometidos, personas que, día a día, suman para construir algo mejor. 
Además, si buscamos bondad, lo hacemos en el lugar equivocado. Nos hemos acostumbrado a esperar que sea grandiosa, épica, digna del final de un peliculón. Pero no funciona así.
Normalmente es sutil, anónima, discreta. La madre que hace malabares para que sus hijos crezcan felices. Ese vecino que riega las plantas cuando estás fuera. La periodista que sigue escribiendo porque, aun sabiendo que el mundo es terco, no se resigna a callar. La mujer maltratada que encuentra en una amiga el valor para escapar. La pareja de periodistas que, tras un atentado fallido, decide vivir sin odio.
No sé, supongo que Hobbes sabía de lo que hablaba, pero creo que olvidó hurgar en los rincones donde mostramos nuestra mejor versión. Menos lobos, Caperucita. Más confianza en la humanidad, por favor.",8413,"El artículo defiende una visión equilibrada de la humanidad, destacando su capacidad para la crueldad y la bondad, pero criticando cómo la sociedad prioriza lo negativo por morbo y mediático, ignorando gestos cotidianos de generosidad que sostienen la convivencia. Usa ejemplos históricos y actuales para argumentar que la bondad, aunque sutil, es tan humana como la maldad, pero pasa desapercibida por nuestra obsesión con el sensacionalismo.",reflexivo-conmovedor,"El texto cae en repeticiones innecesarias (como la frase sobre la crueldad y el morbo que se duplica casi literalmente), lo que resta fluidez. Además, el tono a veces se vuelve demasiado lírico o poético, especialmente en pasajes como *'La bondad, sin embargo, apenas susurra'* o *'como ese billete de cinco euros que encuentras en un bolsillo olvidado y te alegra el día'*, que pueden sonar forzados o demasiado literarios para una columna de opinión. También hay un ligero desequilibrio en la estructura: el cierre repite ideas sin añadir profundidad nueva, diluyendo el impacto final. Por último, aunque el artículo es emotivo, la referencia a psicólogos como *Paul Rozin* (con nombre mal escrito) y *Edward Royzman* (ausente en fuentes académicas conocidas) debilita ligeramente el rigor científico citado, aunque no es un error grave en un texto de opinión.",7.0,8.0,"['Desarrollo equilibrado de la tesis central: la dualidad humana entre maldad y bondad, con ejemplos concretos y emotivos que humanizan el mensaje, desde el terrorismo hasta gestos cotidianos. Esto evita caer en el maniqueísmo.', ""Uso efectivo de recursos retóricos como la antítesis (*'lobo y cordero'*, *'crueldad y resarcimiento'*) y la ironía sutil para reforzar la crítica al sensacionalismo mediático y social."", 'Capacidad para conectar lo macro (guerras, desigualdades) con lo micro (gestos anónimos de bondad), lo que enriquece la reflexión y la hace más accesible al lector.', ""Tono humano y cercano que invita a la reflexión personal, evitando un lenguaje académico o frío. Destacan pasajes como el de las *'manos que trabajan para reparar las grietas'*, que transmiten calidez.""]","['Evitar repeticiones textuales o casi textuales (ejemplo: la frase sobre el morbo y la crueldad que se repite dos veces con ligeras variaciones). Esto debilita la cohesión del texto y resta originalidad.', 'Profundizar en la crítica al sesgo de negatividad: aunque se menciona, sería útil desarrollar cómo este sesgo es explotado deliberadamente por medios y políticos, más allá de una mención superficial. Un análisis más contundente reforzaría la tesis.', ""Reducir el lenguaje demasiado poético o metafórico en pasajes como el del billete de cinco euros o las comparaciones con películas épicas (*'final de un peliculón'*), que pueden restar seriedad a la argumentación en un artículo que busca convicción."", 'Incluir un cierre más contundente y menos repetitivo. El texto cierra con ideas ya expuestas (como la confianza en la humanidad), sin aportar una reflexión final que sintetice o eleve el tono, como podría ser una llamada a la acción o una metáfora poderosa para recordar la tesis.']",opinion_v4
Despedido por una croqueta o el fin de la conciencia de clase,2024-11-22T05:00:00+01:00,https://cronicavasca.elespanol.com/opinion/20241122/despedido-por-una-croqueta-de-conciencia-clase/902909793_0.html,"Hablo del jefe intermedio, el mini-boss, especimen que se mueve por la maleza laboral como si fuera a heredar el negocio
Más de la autora: Somos idiotas y reconocerlo es el primer paso","Está en muchas empresas. Casi todas. Un personaje reconocible, irritante, tan persistente que parece sacado de una mala comedia. Probablemente lo hayas sufrido. Quizá, por estadística, seas tú. Hablo del jefe intermedio, el mini-boss, especimen que se mueve por la maleza laboral como si fuera a heredar el negocio.
Camina con la mirada de quien cree cargar la empresa al hombro, pero en realidad solo lleva un clip en el bolsillo. Se puede oler, a kilómetros, el halo de falsa autoridad prestada. Perro fiel aguardando un premio que nunca llegará.
El jefecillo no lidera, vigila; no cuestiona, obedece. Es leal hasta las trancas, aunque rara vez a sus compañeros. Rinde devoción al organigrama que le ha dado algo que se asemeja al poder, unos pocos euros más en la nómina con los que al fin poder veranear en un tres estrellas de Benidorm y la ilusión de subir peldaños en una escalera que no le llevará a ninguna parte porque termina casi en el mismo suelo que siempre ha pisado. Alma de cántaro.
Por supuesto, esta figura existe desde que el primer cavernícola le ordenó al segundo dónde poner la piedra. Linaje tan antiguo como las relaciones de poder y presente en todos los sectores. Por los cortijos andaluces andaba el entregado, ése que señalaba a los suyos para arrimarse a la axila del amo con un cargo algo menos miserable.

. 

En las fábricas estaba el capataz, vigilando que nadie aflojara el ritmo en la máquina mientras soñaba con el reconocimiento de un patrón que ni siquiera conocía su nombre porque le importaba un pimiento.
Ahora las denominaciones son más amables: supervisor, encargado, coordinador. Seguramente también haya versiones en inglés que suenan a spa corporativo, como si al pronunciarlas no estuviéramos hablando de alguien que cronometra los segundos de la pausa para el café. Pero la función continúa, incluso se ha sublimado. ¿La razón? El desvanecimiento progresivo, o más bien meteórico, de la conciencia de clase.
No es que la desigualdad se haya esfumado con el cambio de siglo. De hecho, la brecha ha crecido. Pero el sistema aprendió a disfrazarse mejor. Ya no se llevan los amos con sombreros de copa: ahora hay empresas que se autodenominan familias, viernes de zapatillas deportivas y retiros en casas rurales donde sonrisa mediante obligan a la plantilla a construir puentes con palos y cuerdas. Detrás, la tiranía vertical de siempre.

El neoliberalismo del siglo XXI no reprime, seduce. l neoliberalismo del siglo XXI no reprime, seduce. Y hace creer que todo depende de uno mismo, que si trabajamos con eso que ahora llaman actitud proactiva algún día dejaremos de ser engranaje para convertirnos en motor del sistema. Es un ardid impecable: al final pasamos de actuar desde el “nosotros” para pensar en “yo”.
A partir de ahí, las consecuencias se precipitan cual hilera de fichas dominó. La clase trabajadora deja de identificarse como tal, negocia hipoteca a 35 años por bajo con jardín en urbanización de periferia, pilla plaza en colegio concertado, se autoproclama media…
Y voilà: en vez de unirnos en favor de mejoras colectivas empezamos a sacar brillo a la lengua para lograr ascensos a puerta cerrada y complacer al de arriba, quien simboliza todo lo que querríamos ser.
Gasolina de cien octanos para la gente con madera de jefecillo. 
Lo del Mercadona es un ejemplo cristalino: cargo de medio pelo se chiva de que un currela le hincó el diente a una croqueta que, de todas formas, iba a acabar en la basura y despiden al amante del rebozado.
Supongo que aquel guardián del sistema percibió entre capas de bechamel una amenaza a las normas establecidas, pero también a su supuesta autoridad. Así que hizo lo que tocaba: demostrar lealtad a la empresa. “Heroísmo corporativo”, la película que emocionó a Spielberg. 
Huelga decir, a propósito de este asunto, que bastante gente ha salido a cuestionar al croquetero pese a que la Justicia le dio la razón. Tal vez era un trabajador insufrible, de ésos que se afilian a un sindicato y sueltan la carretilla tres minutos antes de la hora de salida. Quizá quien contó el pecado y delató al pecador sufre un infierno laboral por culpa de currelas que de tanto en cuanto ponen la caja en modo atasco y desaparecen si toca reponer congelados.



Sostiene esta parte de la población a la que presupongo aspiraciones de jefecillo que ser mandamás de almacén, encargado wannabe, heredero del heredero del heredero sin trono, es agotador.
Según su alegato, cada vez hay más empleados vagos, conflictivos, egoístas. Así que a los eslabones intermedios, pobres ellos, les toca tragar puñados de sapos y culebras.
Ay, qué hábil el capitalismo: siempre empujándonos a señalar hacia abajo para no ver que el problema está arriba, planeando con garras afiladas sobre el rebaño de ovejas.
En esta ceguera está nuestra tragedia. El sistema ya no necesita látigos porque ha sabido delegar la vigilancia en los propios vigilados, quienes supervisan a los prisioneros sin ser conscientes de que ellos también están entre rejas.
Por eso aumentan los puestos intermedios y disminuyen los peones: disponer de trabajadores que, por una mísera subida de nómina, hacen lo suyo, lo del otro y lo del de arriba con las rodillas peladas y sin rechistar es un chollo. Al final, quienes manejan los hilos tienen a su disposición una triste masa de personas que aspira a cargar más peso en la espalda por una palmadita en la espalda, jamón Joselito en la cesta de Navidad y la promesa de ascenso a una cima imposible de hollar.
No sé, ojalá algún día tengamos una revelación y rompamos el ciclo. La lealtad ciega no se premia, se explota. Quien heredará la empresa será el sobrino del presidente, que ni siquiera sabe dónde está la máquina de fichar.
Y el encargadillo seguirá ahí, asegurándose de que los bolígrafos no desaparecen del almacén mientras fantasea con un despacho con vistas al dispensador del agua. Menos humos, más dignidad.",5916,"El artículo analiza la figura del 'jefe intermedio' como símbolo de la pérdida de conciencia de clase en el neoliberalismo actual, donde la jerarquía corporativa se disfraza con lenguaje amable y estrategias de seducción en lugar de represión abierta. Usa ejemplos cotidianos, como el caso del despido por una croqueta en Mercadona, para ilustrar cómo el sistema delega la vigilancia en los propios trabajadores, perpetuando una estructura de poder vertical y explotatoria. Critica la internalización de la competencia individual como mecanismo para debilitar la solidaridad colectiva.",satírico y combativo,"El texto sufre de **repeticiones innecesarias** (ejemplo: la frase sobre el neoliberalismo que se copia casi literalmente en dos párrafos consecutivos), lo que resta fluidez y genera sensación de falta de pulido. Además, el tono **satírico** a veces cae en lo predecible, como en la mención a *Heroísmo corporativo* (referencia a Spielberg), que puede percibirse como un recurso forzado en lugar de ingenioso. También hay **falta de contraste** en el análisis: se critica la pasividad de los trabajadores, pero no se profundiza en alternativas concretas más allá de un deseo genérico de 'romper el ciclo'. Por último, la estructura **desbalanceada**: los dos primeros tercios son descriptivos y anécdoticos, mientras que el cierre repite ideas sin cerrar con fuerza la tesis inicial sobre la conciencia de clase.",7.0,7.5,"[""Uso **efectivo de la sátira y la ironía** para retratar la figura del jefe intermedio, con descripciones vívidas y recursos retóricos que humanizan la crítica (ejemplo: 'Alma de cántaro' o 'gasolina de cien octanos para la gente con madera de jefecillo')."", 'Análisis **agudo de la evolución del capitalismo neoliberal**, que logra conectar lo micro (el caso de la croqueta) con lo macro (la desaparición de la conciencia de clase), aunque el salto no siempre esté explícitamente justificado.', 'Lenguaje **coloquial pero preciso**, que evita el academicismo sin caer en el simplismo, lo que facilita la identificación del lector con las situaciones descritas.', 'Ejemplos **concretos y cotidianos** (Mercadona, retiros corporativos) que refuerzan la tesis y evitan el tono abstracto o genérico']","['Evitar **repeticiones textuales** (como los dos párrafos idénticos sobre el neoliberalismo) para ganar en concisión y originalidad.', 'Desarrollar **más alternativas o salidas** a la dinámica descrita: el artículo se centra en diagnosticar el problema sin proponer herramientas reales de resistencia o cambio, lo que debilita su impacto final.', ""Refinar el **cierre**: la tesis inicial sobre la pérdida de conciencia de clase queda algo dispersa al final, donde se mezcla lo poético ('rompamos el ciclo') con lo descriptivo ('el sobrino del presidente'). Un párrafo conclusivo más contundente, que sintetice la crítica y apunte a una acción (aunque sea simbólica), elevaría el rigor argumental."", 'Incluir **algunos matices** en la crítica a los trabajadores: el texto presenta una visión binaria (víctimas vs. jefecillos), cuando en la realidad hay matices de complicidad, miedo o incluso internalización de la jerarquía por parte de todos los escalones laborales.']",opinion_v4
Somos idiotas: reconocerlo es el primer paso,2024-11-15T05:00:00+01:00,https://cronicavasca.elespanol.com/opinion/20241115/somos-idiotas-reconocerlo-es-el-primer-paso/901159997_0.html,"Más información: Otro Día de la Memoria de división
Más de la autora: Cuando lo peor de la tormenta pase","No sé a qué huelen las nubes, pero me da en la nariz que el aire anda cargadito. Es como si últimamente hubiera una predisposición constante a saltar y despellejar, a convertir personas en dianas e insultos en dardos, a encasillar sin miramientos, ni rigor, ni matices. Y además, con bastante poca originalidad. Fulano es facha, Mengana hembrista, Zutano comunista y Perengano, un cuñado.
La polarización se ha convertido en el pan de cada día o, peor aún, de hace dos semanas: una cosa muy rancia. Y luego están las redes sociales, impecables amplificadoras de la fractura, mejores simplificadoras del pensamiento.
Por tanto, entre las corrientes populistas que parten la sociedad como si fuera una hogaza y las burbujas virtuales especializadas en intoxicar, mucha gente acaba creyendo a pies juntillas que ostenta la verdad verdadera, de lo que sea como sea. Y que los otros, quienes piensan distinto, están equivocados.
Ese es el primer paso. El siguiente, colgar el sambenito con colmillo afilado. Alinear hombros, guiñar ojo, calcular distancia, a ser posible con pantalla del ordenador mediante, tensar dedo, tomar aire y disparar ansiando dar en el blanco exacto, ahí donde uno piensa que más duele, con la mezcolanza de satisfacción y falsa superioridad que da sentenciar rápido y sin conocer.
En distintos grados de intensidad, todo el mundo se siente guerrero de su causa. Pero cuando de pronto bajamos brazos y el polvo aterriza en el suelo, asoma la tragedia: cada vez queda menos espacio para el diálogo y hay mucho más para etiquetas vacías, lugares comunes pueriles, fallos de juicio y fronteras infranqueables. Estamos idiotas.
Sí, he dicho idiotas. Con toda la intención y tras un exquisitísimo proceso reflexivo. Creo.
Idiotas no de no llegar el agua al tanque, aunque de ésos siempre habrá. Idiotas por entregarnos a la simplificación y encapsular al diferente. Por mirar por encima del hombro, abrazarnos al comentario airado y provocar para recibir la dosis diaria de likes.
Por creernos el gatillo más rápido del Oeste y apuntar sin preguntar ni escuchar. Por hacer bandera de los prejuicios en vez de mirarnos un poquito por dentro, en esos cajones donde guardamos bien arrugadas y mejor escondidas la autocrítica y la empatía.
Idiotas según la definición de Simone de Beauvoir, en definitiva. Para la existencialista y, ay, madre del feminismo, la estupidez no era una condición inevitable. Era elección. Es decir, según su teoría la gente escoge ser imbécil cuando rehúsa enfrentar la complejidad de la vida y opta por la generalización, el simplismo, la egolatría, el choque.

. Qué va. 

Justo el camino que evita las preguntas complicadas, las que hurgan como gusano, no vaya a ser que el espejo dictamine que no eres quien más razón tiene del reino.
Se trata, por tanto, de una especie de cobardía, un refugio que permite sentirnos en lo cierto sin tener que cuestionarnos, que aleja a golpe de insulto a quienes podrían poner en entredicho lo que hasta ahora habíamos defendido.
Preferimos zafarnos del interrogante como animales heridos, evitando el esfuerzo de meternos en zapato ajeno. Y así, aunque haya cristales de muchos colores por los que mirar, todo acaba reducido a blanco o negro. Los míos, los más patriotas, honestos, trabajadores, listos, buenos. Los tuyos, traidores, mentirosos, vagos, tontos, caca.
Pase lo que pase, existan fotografías con narcotraficantes, dinero público gastado en locales con lucecitas, currículos falsos, papeles con abreviaturas imposibles de descifrar, lodo literal o simbólico hasta las orejas, se acomoda el relato y a seguir.
Huelga decir que la imbecilidad no distingue estratos. Hay artistas, escritores, periodistas e incluso filósofos de relumbrón que son bastante idiotas, portavoces de sus propios orgullos y arbitrariedades, o de las siglas que les pagan, ampulosos en las formas pero casi tan pobres de alma como una ensalada sin aliño. Lo aseguro yo, como buena idiota.
Y esto es así porque en esta estupidez elegida, donde el intelectual es el rey, lo que importa no es la verdad. Qué va. La clave reside en aferrarnos con sonrisa de una sola comisura y párpados ligeramente caídos a nuestra particular isla de certezas, mientras despreciamos el archipiélago de dudas y matices que ofrece el mundo.
Aunque bueno, ahora que lo pienso un poco más, quizá la idiotez no sea tan escogida. Vivimos en el imperio de la mentira. Una mentira con mayúsculas que no tiene como objetivo hacer que la gente la dé por válida, sino garantizar que nadie crea en nada.



Esto no es cosecha mía, fue teoría de alguien que reflexionaba sin parar: la pensadora Hannah Arendt. Como señaló, cuando un pueblo ya no distingue entre verdad y mentira, tampoco puede hacerlo entre el bien y el mal. Conclusión, queda privado del poder de razonar. O sea, se vuelve idiota. Más aún en los tiempos actuales, que difícilmente favorecen el pensamiento crítico.
Todo parece diseñado para aturdir, mantenernos en un raro estado de alerta, cansancio y apatía. Entre titulares provocadores, mensajes contradictorios, opiniones disfrazadas de información, falta de criterio y maniqueísmos, el discernimiento se vuelve labor titánica, casi heroica.
Al final, dejamos de confiar en todo y en todos, hasta que la verdad misma se vuelve algo relativo, cuestión de preferencias. De ahí a la manipulación solo hay un salto chiquitín.
Lo que ayer era terrible hoy es aceptable, y mañana será defendido a capa y espada. Sin criterio firme, cualquier cosa vale. Nos hemos vuelto idiotas, sí, idiotas entrenados para funcionar sin ponderar demasiado, en una niebla que despista con el faro de la meditación bajo mínimos. Pero idiotas sin remedio, quizá no.
Quiero pensar que podemos romper con la inercia. Que, al menos en parte, no es la tiranía de la mentira y la polarización la que nos tiene atrapados. Hemos regalado las llaves de la introspección por la comodidad de aferrarnos a nuestros sesgos y levantar mentón como quien huele mierda. Sin embargo, también me da en la nariz que podemos recuperarlas. 
No sé, tal vez sea tan fácil, o difícil, como reconocernos un poco idiotas. Y a partir de ahí, dejar el tirachinas en el bolsillo, abrir ventanas y empezar a respirar aire fresco. Reconquistar nuestra libertad. La de verdad, no ésa que se sirve entre cañas. Y practicarla. Mucho. Para variar.",6343,"El artículo analiza la polarización social y la simplificación del pensamiento en la era digital, vinculando la estupidez colectiva —entendida como elección deliberada— con la falta de diálogo, la manipulación mediática y la pérdida de criterio crítico. Usa referencias filosóficas (Beauvoir, Arendt) para argumentar que la sociedad prefiere certezas maniqueas y prejuicios antes que enfrentarse a la complejidad, culminando en un llamado a la autocrítica y la recuperación del pensamiento independiente.",provocador-satírico,"El texto cae en una **reiteración excesiva** de la palabra 'idiota' (usada más de 15 veces), lo que genera saturación retórica y debilita el impacto inicial. La **falta de ejemplos concretos** para ilustrar los fenómenos descritos (ej.: casos reales de polarización o manipulación mediática) convierte la crítica en genérica y poco persuasiva. Además, la **dependencia casi exclusiva de citas filosóficas** (Beauvoir, Arendt) como único respaldo —sin desarrollo propio o contraejemplos— resta agudeza al análisis, convirtiéndolo en un ejercicio más de *copy-paste* intelectual que en una reflexión original. Por último, el **ritmo desigual**: hay párrafos brillantes (como la metáfora del 'tirachinas' o la referencia a los 'patriotas/honestos/trabajadores') mezclados con pasajes descriptivos que no aportan nada nuevo, lo que genera un efecto de *altibajos* que resta cohesión al conjunto.",7.0,6.5,"[""Uso efectivo de **recursos retóricos** (metáforas como 'encapsular al diferente', 'isla de certezas', o 'tirachinas') que refuerzan la tesis con imaginación y fuerza visual, evitando el lenguaje plano típico de las columnas de opinión."", ""**Tesis clara y provocadora** ('Somos idiotas') que funciona como gancho y guía el desarrollo del artículo, aunque luego se diluye en generalidades. La referencia a Beauvoir y Arendt aporta un **marco teórico sólido** para justificar la idea central, incluso si no se explota al máximo."", ""**Cierre ambicioso** que intenta ser esperanzador ('reconquistar nuestra libertad'), rompiendo con el tono pesimista dominante y dejando al lector con una pregunta abierta, lo que invita a la reflexión más allá del artículo."", '**Crítica al maniqueísmo social** está bien planteada, especialmente en la descripción de cómo las redes y los discursos políticos simplifican el debate, algo que resuena en el contexto actual y podría haber sido profundizado con ejemplos.']","[""**Evitar la obsesión por un término** ('idiota') que, aunque efectivo al inicio, termina siendo un *leitmotiv* cansino. Variar el vocabulario para describir la misma idea (ej.: 'simplistas', 'dogmáticos', 'prejuiciosos') habría enriquecido el estilo sin perder fuerza."", '**Incluir casos concretos** que ilustren la polarización o la manipulación mediática (ej.: un tuit viral, un titular sensacionalista reciente, un debate político reciente con ejemplos de insultos o etiquetados). Esto habría dado **credibilidad y urgencia** a la crítica, más allá de las referencias filosóficas.', ""**Profundizar en soluciones prácticas** más allá del llamado genérico a 'abrir ventanas y respirar'. Proponer acciones concretas —ej.: cómo fomentar el diálogo en espacios públicos, herramientas para detectar noticias falsas, o ejemplos de medios que prioricen el análisis sobre el morbo— habría dado **mayor peso al cierre optimista** y evitado que este pareciera un simple deseo retórico."", ""**Reducir la repetición de ideas** (ej.: la frase 'nos hemos vuelto idiotas' aparece al menos 5 veces en variaciones). La repetición debilita el impacto y hace que el texto pierda ritmo. Un editor debería haber exigido **variedad léxica y sintáctica** para mantener la tensión narrativa."", ""**Evitar el tono autocrítico superficial** ('Yo, como buena idiota...'). Aunque la ironía es válida, el autor se convierte en cómplice de lo que critica al usar el mismo lenguaje simplista que denuncia. Una autocrítica más sincera y menos *off the cuff* habría fortalecido la credibilidad del mensaje.""]",opinion_v4
Cuando lo peor de la tormenta pase,2024-11-08T05:00:00+01:00,https://cronicavasca.elespanol.com/opinion/20241108/cuando-lo-peor-de-la-tormenta-pase/899410158_0.html,"Más información: Una semana de la DANA en imágenes
Más información: Euskadi se vuelca contra la DANA","En otro momento, Trump habría acaparado todos los titulares. Vuelve a tener entre manos el botón rojo. Y a sus pies, una nación rehén de sueños rotos y grasas saturadas. Como la muerte, golpeando dos veces.
Sin embargo, en esta parte del mundo el escenario todavía es demasiado descarnado como para entregarle el foco completo. La DANA continúa absorbiéndonos en un caos de escombros, cadáveres, ineptitud, desvergüenza, bulos, politización, morbo, solidaridad, grito, silencio, muchas dudas y pocas respuestas.
Ahora bien, yo me pregunto: ¿qué sucederá dentro de dos o tres meses, cuando haya pasado lo peor de la tormenta, desaparezcan todas esas imágenes de lágrima fácil y volvamos a hacer la lista de la compra solo para nosotros?



Por muy extraordinaria que haya sido la catástrofe, el empirismo proclama a gritos una trágica evidencia. El interés mediático, y por ende el de la ciudadanía, es como una estrella fugaz. Deslumbrante por un rato, hasta que la novedad se disuelve en el lodo y deja paso a nuevos señuelos.
Andamos metidos hasta el cuello en la marea caprichosa de la llamada actualidad informativa, que en ocasiones no es más que un circo de ruido, distracción y pornografía emocional donde los enanos crecen cada vez más rápido.
Al eterno desafío de hacer periodismo, signifique lo que signifique ya eso, los medios se enfrentan desde hace tiempo a la presión de la inmediatez. Esa fuerza eléctrica que se alimenta de Internet y las redes sociales.
Las tres consignas son: ser el más rápido, el que más likes cosecha, el que gana el relato. Un combate duro de pelar en el que, además, se han colado charlatanes sin oficio ni beneficio capaces de multiplicar mierda y hacer de la mentira palabra de Dios.
Por eso lo importante se puede convertir en secundario, lo secundario en urgente, lo urgente en un producto que caduca cuando la atención empieza a flaquear. Y a otra cosa, mariposa. A ser posible, con más escándalo.
De ahí que nos olvidemos tan fácilmente de lo que hasta hace dos días ocupaba nuestras noches de sofá y manta o la charla en la barra de bar. Los casos Bono, Fabra, de Miguel, la crisis del mar Menor, los incendios en Galicia, el genocidio en Gaza, las 50 sombras de Errejón...
En realidad esas historias de las que pontificábamos con el mentón alto y mucha seguridad no han dejado de existir, ni han perdido gravedad, pero el ciclo de noticias sigue un ritmo implacable.
La hiperconectividad y la artificiosa demanda de primicias construyen una especie de moda mediática en la que los problemas, sean relevantes o ecos de feria, se vuelven obsoletos en cuanto la audiencia muestra cansancio. Y ahí, justo ahí, es donde surge otro problema.
El más grave, creo yo, si lo que tenemos entre manos es una catástrofe como la de Levante: en cuanto los medios empiezan a relajar la cobertura y rozar con el dedo gordo del pie el siguiente bochinche, el compromiso público comienza a diluirse.

Lorca es un ejemplo dolorosamente claro. . 

Lo hemos visto demasiadas veces. De primeras los políticos aprovechan la inercia, listos para un discurso de emergencia más repleto de buenas intenciones que un bocadillo de los ochenta de mortadela con aceitunas. Pero cuando las cámaras se apagan y los teclados arrancan nuevas historias, la acción suele quedar en el mismo papel mojado en que se escribieron las promesas.
Lorca es un ejemplo dolorosamente claro. En 2011, un terremoto sacudió la ciudad murciana y puso a toda España en vilo. Trece años después, más de 200 familias siguen esperando la ayuda prometida a sabiendas de que ya no se van a llenar portadas y nadie va a indignarse, ni montar campañas de donativos, ni organizar conciertos, ni todas esas iniciativas tan bonitas que salen del corazón hasta que el exceso de tragedia nos satura las arterias y dejamos de sentir.
Porque esa es otra. La gran paradoja de nuestro siglo. Cuanto más acceso tenemos a la información, y por tanto a la tragedia, más acabamos desarrollando una especie de inmunidad al dolor ajeno. Una tolerancia al horror que nos permite consumir dramas reales como si fueran la serie del momento. Hoy 'El Juego del Calamar', mañana 'La Casa de Papel'.
Al final, la memoria colectiva acaba viajando en un tren de corta distancia, reducida a un reflejo fugaz de indignación que tan rápido como se enciende puede llegar a apagarse.
De eso también se aprovechan nuestros representantes, lo tengo claro. La respuesta política satisface la angustia del momento, con decisiones rápidas para salir del paso. Y se aferra a la desconexión posterior para dilatar todas esas soluciones que jamás deberían de haberse planteado en caliente. 
Culpa suya. Y nuestra.
Como sociedad somos corresponsables de este juego de espejos y entretenimientos, de este ciclo mediático de tragedia, sustitución y olvido, de esta espiral política de promesas e incumplimientos. Vomitamos indignación y tristeza en el grupo de amigos del Whatsapp, pero en el fondo nos hemos acostumbrado a que el sistema funcione así, a pasar a otra cosa, a normalizar olvido e incumplimientos.



Cuando nos golpeamos el pecho con orgullo al ver cómo “el pueblo salva al pueblo” en Valencia, estamos haciendo trampa. La reacción ciudadana ha sido admirable hasta ahora, cierto, pero nuestro gusto cotidiano por el morbo, nuestra indiferencia posterior, nuestro voto cada cuatro años, desvirtúa un cambio que podría ser real y sostenido. Medios de comunicación e instituciones son, al fin y al cabo, reflejo de la sociedad que los consume y elige. Si nos lavamos las manos y desviamos la mirada antes de tiempo, ellos seguirán haciendo lo mismo. 
No sé, supongo que sueno pesimista. Pero en realidad creo que esta dolorosísima tragedia nos ofrece una oportunidad más para aprender. Me refiero a tomar conciencia de nuestra tendencia a escandalizarnos solo en el momento, escupir hacia arriba, pasar página cuando quedan muchas líneas por leer. Marcar el punto de inflexión.
No vimos llegar el golpe de la DANA, jamás habríamos imaginado su impacto, pero de momento la empatía sigue en pie. Ahora es cuando toca sostener mirada, puño y presión. El tiempo que haga falta, para no repetir un Lorca. Recordar a los muertos. Y restaurar los sueños de los vivos.",6222,"El artículo analiza cómo los medios y la sociedad priorizan lo inmediato sobre lo relevante, generando un ciclo de atención fugaz que lleva al olvido de crisis prolongadas (como Lorca) y a la normalización del incumplimiento político. Critica la hiperconectividad, la pornografía emocional y la responsabilidad compartida en este sistema de distracción constante. Propone una reflexión sobre la memoria colectiva y la necesidad de acción sostenida más allá de la indignación efímera.",crítico-reflexivo con toques irónicos,"Falta de cohesión en el desarrollo: hay repeticiones textuales verbales ('Andamos metidos hasta el cuello...') y párrafos redundantes (ejemplo: la mención dos veces a Lorca sin aportar nuevos matices). La ironía es efectiva en algunos pasajes, pero en otros se vuelve forzada (ejemplo: 'hacer trampa' al alabar la solidaridad ciudadana). Además, la estructura carece de un cierre contundente que sintetice la tesis; el artículo se desvanece en un tono pesimista genérico sin propuesta concreta de solución. Por último, el uso de ejemplos (como 'El Juego del Calamar') funciona como metáfora, pero podría haber sido más preciso para reforzar la crítica mediática.",6.0,7.0,"[""Uso efectivo de la ironía y la sátira para criticar la superficialidad mediática y el morbo social ('pornografía emocional', 'circo de ruido')."", 'Ejemplos concretos y dolorosos (Lorca, DANA) que dan peso a la crítica sobre el olvido institucional y la memoria selectiva.', 'Análisis agudo de la dinámica de los ciclos informativos y su impacto en la atención ciudadana, con un tono que evita el panfleto.', ""Lenguaje evocador y poético en pasajes clave ('la muerte golpeando dos veces', 'el tren de corta distancia'), que enriquece la reflexión.""]","['Evitar repeticiones textuales y párrafos redundantes (ejemplo: Lorca, el circo mediático). Una estructura más lineal mejoraría la fluidez.', ""Refinar la ironía en pasajes como el de 'hacer trampa' al elogiar la solidaridad ciudadana; podría sonar más natural o justificar mejor su tono."", 'Incluir un cierre más contundente que no caiga en el pesimismo genérico. Por ejemplo, proponer una acción concreta (como campañas de memoria) o un llamado a la responsabilidad individual.', 'Profundizar en al menos un ejemplo mediático específico (no solo genérico) para ilustrar cómo se prioriza lo urgente sobre lo importante, reforzando la crítica.']",opinion_v4
El derecho al adiós: aprender a despedirse y rebelarse,2024-10-11T05:00:00+02:00,https://cronicavasca.elespanol.com/opinion/20241011/el-derecho-al-adios-aprender-despedirse-rebelarse/892410835_0.html,"Frente a la tiranía de la felicidad, apología de la tristeza
Tú no eres el problema, el sistema sí","Llevo seis años de demasiados adioses. Adiós al abuelo y la abuela porque el reloj no se detiene. A Donna por cáncer y a Canela por una víbora. Al empleo en el que más dinero gané, más gente conocí y más autoestima extravié. A la posibilidad de ser madre. A las tostadas de la mañana con la mermelada dispuesta en forma de corazón. Adiós al que podría haber sido el amor de mi vida, si no fuera porque el cuento que mecanografié no encajaba con la realidad.
Despedidas que dieron paso a una soledad especialmente estruendosa los domingos, a otro perrete, un teletrabajo peor remunerado pero con buenas intenciones. Y a desayunos de plátano y kéfir, que sientan mejor. Aún me sigo acomodando.
Tras tropecientos cierres definitivos, continuamos escribiendo nuestra historia. O se encarga el universo, llámalo karma, llámalo energía, llámalo Dios. En ocasiones los nuevos capítulos mejoran las primeras temporadas. Otras muchas son para cagarse en el guionista.
Ahora bien, siempre cuesta despedirse de eso que un día formó parte de nuestra vida. Si fue bueno, nos resistimos colgados de la nostalgia. Incluso habiendo sido malo, o mediocre, aburrido, carente ya de sentido, a veces se hace difícil soltar. Queriendo o sin querer, por decisión propia o por entender que no quedaba otra opción, el proceso puede ser una odisea.



Mi teoría es que casi todos los adioses se nos hacen bola porque nunca aprendimos a colocar los puntos finales en su sitio. Quiero decir: nos enseñan a atarnos los zapatos, multiplicar, freír huevos con puntillita… ¿pero a dejar ir? Y así nos va. De pronto, o aunque estuviera cantado, ese calendario mental imperfectamente calculado, ese plan sin sorpresas ni riesgos, ese dar por hecho que todo es eterno, se va al garete y nos asustamos. 
Trastabillamos, experimentamos la vulnerabilidad más honda, la que nos recuerda lo frágil que es la vida, porque nunca nos prepararon para el vacío que deja lo que termina ni para la incertidumbre que toma el relevo. Miramos al precipicio, con el dedo gordo del pie rozando la línea del salto, y sentimos al niño resistiéndose a hacerse mayor.
Pero ojo. El problema no es solo que no sepamos despedirnos. Además, vivimos en un mundo que no da tiempo a hacerlo. “Sigue adelante”, grita el sistema con su ritmo frenético y devorador.
Así que además de acumular adioses sin manual de instrucciones, haciendo lo que podemos, hemos de girar la esquina cuanto antes, arrancándonos la tirita aunque sangre. Y sentir angustia pura, porque seguramente el cuerpo pedía pausa para un llanto indiscreto, escapada sin retorno al Cerrato palentino, o 19 días y 500 noches de duelo.
Fallece un hermano y son dos días de permiso laboral. Cuatro, si tenemos la “suerte” de que viviera lejos. El tiempo justo para la despedida física. Ningún paréntesis que de verdad permita sanar el agujero. Para el capitalismo, la muerte es un trámite a resolver con la mayor rapidez y eficacia posible; y el luto, un proceso invisible que hemos de gestionar fuera del horario de trabajo.
Por eso sería ingenuo esperar algo de benevolencia en todas esas otras despedidas que parecen menos desgarradoras que la partida de un ser querido: amores y amistades rotas, sueños que ya no son.
El sistema niega el derecho a detenerse, a reflexionar sobre la pérdida y aprender de ella, porque el dolor solo es rentable si seguimos activos. Así que nos volvemos a ajustar el disfraz, recolocamos los pies en la cinta transportadora y hacemos justo eso, tratar de avanzar.
O sea: producir, consumir, llenarnos de ocupaciones para no pensar en el hasta nunca o el hasta siempre, ese adiós que en el fondo sigue atormentando porque no tenemos ni puñetera idea de sobrellevar. Trabajo, gimnasio, Netflix, Instagram, Shein, cervezas, diazepam o, venga, una baja flexible. Montamos la receta y confiamos en que funcione para adormilar el pasado que ya no es y saludar con cierta dignidad al futuro que asoma por la rendija.
Al final, es una especie de obsolescencia programada de las emociones. Hay que hacer lo que sea para poner fecha de caducidad al duelo de la despedida, sustituir la tristeza por distracciones u obligaciones igual que quien cambia de teléfono móvil, autoengañarnos y tratar de dejar ir cuanto antes. Como si los sentimientos estuvieran diseñados para romperse y reemplazarse con envío en 48 horas a través de Amazon.
Así que aquí estamos, entre adioses apresurados y un sistema que exige eficiencia pero no da espacio para el dolor, poniendo en riesgo la salud mental justamente de quienes mantenemos en pie la cultura de la productividad. Con relaciones cada vez más efímeras para sufrir menos, y a la vez necesitadísimos de calor humano. Paradojas de la vida.

. Construir redes de apoyo

Y sin embargo, quiero pensar que no todo está perdido. Que todavía podemos espabilar y plantar cara a esta modernidad líquida tan bien retratada por Zygmunt Bauman. Me refiero al deber, porque lo es, de movilizarnos y conquistar leyes que blinden el derecho al duelo. Dejar de sepultarlo bajo capas de entretenimientos superficiales.
Cimentar una nueva cultura que valore la vulnerabilidad: hablar sin tapujos de lo que nos aflige, de lo que cuesta soltar, compartir fragilidades, conectar con quienes en silencio están en el mismo pozo. Construir redes de apoyo. Sentir sin pudor, enseñarnos mutuamente.
No sé, supongo que estoy cansada de tanto adiós acumulado y lo que me encantaría es decir un primer hola repletito de fuerza. Se aceptan voluntarios para alzar una barricada de relojes rotos, urdir la resistencia y, por unas semanas, un par de meses, hasta dar el golpe, que el mundo espere sentado.",5639,"El artículo explora la dificultad humana para despedirse, vinculando el dolor emocional con un sistema social que impone productividad y eficiencia, acelerando los procesos de duelo y normalizando la obsolescencia emocional. Propone la necesidad de reconquistar el derecho al duelo y construir redes de apoyo como acto de resistencia cultural y colectiva.",crítico-reflexivo con toques irónicos y combativo,"{'fallos_estructurales': {'falta_de_cohesión_en_la_tesis': ""La tesis inicial sobre la dificultad de despedirse se diluye en un desarrollo demasiado disperso entre lo personal, lo filosófico y lo social, sin un hilo conductor claro que una las ideas. El salto de lo íntimo ('adioses' personales) a lo sistémico ('capitalismo', 'modernidad líquida') carece de transición lógica y genera confusión en el lector."", 'redundancia_temática': ""La idea central ('no saber despedirse') se repite hasta la saturación (ejemplo: 'Mi teoría es que...' aparece dos veces seguidas sin aportar matices nuevos). Esto debilita la originalidad y genera monotonía."", 'metáforas_forzadas': ""Recursos como 'obsolescencia programada de las emociones' o comparar el duelo con 'envío en 48 horas a través de Amazon' resultan ingeniosos pero poco convincentes en su aplicación al conjunto del texto. La ironía pierde fuerza por su uso excesivo y poco sutil en pasajes serios.""}, 'errores_de_formato': {'saltos_de_tono': ""El artículo oscila entre un tono íntimo y confessional (ejemplo: 'Aún me sigo acomodando') y un discurso abstracto y generalizado ('el sistema niega el derecho a detenerse'), sin lograr un equilibrio que mantenga la conexión emocional con el lector."", 'desarrollo_desigual': ""Los párrafos más fuertes (ejemplo: el análisis del capitalismo y el luto) contrastan con otros de carácter anecdótico o lírico ('A las tostadas de la mañana con la mermelada dispuesta en forma de corazón') que no avanzan en la argumentación.""}}",6.0,6.5,"['Profundidad en el análisis crítico del sistema social y su impacto en las emociones, especialmente en cómo el capitalismo medicaliza y acelera el duelo (ejemplo: permisos laborales por fallecimiento). Esto le da un matiz social y político ausente en muchas columnas de opinión.', ""Intención clara de generar conciencia colectiva sobre la necesidad de reconquistar espacios para el dolor y la vulnerabilidad, con un cierre propositivo ('alzar una barricada de relojes rotos') que invita a la acción."", 'Uso de ejemplos concretos y cotidianos (ejemplo: baja flexible, Netflix, Shein) para ilustrar la alienación emocional, lo que humaniza el discurso y lo hace accesible.', 'Tono personal y sincero que, pese a sus fallos, conecta con la experiencia universal de la pérdida y la resistencia, evitando el tono académico o frívolo.']","['Definir mejor la tesis inicial para evitar la redundancia y dar coherencia al desarrollo. Por ejemplo, separar claramente lo personal (la experiencia del autor) de lo colectivo (el sistema) con transiciones más claras.', ""Evitar la repetición de ideas sin aportar nuevos matices. Por ejemplo, la frase 'no saber despedirse' podría desarrollarse con ejemplos distintos o profundizar en casos específicos (ejemplo: despedidas laborales vs. emocionales) en lugar de reiterarla."", 'Refinar el uso de la ironía y las metáforas para que no resten fuerza al mensaje. Algunas comparaciones, aunque ingeniosas, resultan demasiado literales o forzadas en el contexto del texto.', 'Incluir un desarrollo más equilibrado entre lo íntimo y lo sistémico. Por ejemplo, vincular las experiencias personales con datos o reflexiones que refuercen la crítica social, como estadísticas sobre salud mental o testimonios de expertos en duelo.', ""Mejorar la estructura para evitar saltos bruscos entre ideas. Por ejemplo, agrupar los ejemplos de 'adioses' (duelos, relaciones, sueños) en un solo bloque temático antes de pasar a la crítica al sistema."", 'Evitar párrafos demasiado descriptivos o líricos que no avancen en la argumentación. Por ejemplo, el pasaje sobre las tostadas con mermelada en forma de corazón podría acortarse o integrarse mejor en el hilo principal.', ""Cerrar con una propuesta concreta y factible, más allá de la metáfora de la 'barricada de relojes rotos'. Por ejemplo, sugerir acciones específicas (leyes, campañas, redes de apoyo) que refuercen el llamado a la acción.""]",opinion_v4
"Frente a la tiranía de la felicidad, apología de la tristeza",2024-09-28T05:00:00+02:00,https://cronicavasca.elespanol.com/opinion/20240928/frente-la-tirania-de-felicidad-apologia-tristeza/888661175_0.html,"No podemos permitirnos el lujo de acoger una emoción así, mucho menos mostrarla","Estoy triste. Lo suficientemente triste como para sollozar con cada capítulo de la segunda temporada de Big Little Lies, escuchar a Nick Drake y desear que llegue el frío para meterme en un abrigo y que el otoño me abrace. No busco drama. Bueno, un poquito, quizá. Pero es que hace tiempo entendí que no pasa nada por sentirse mal. Y eso me hace bien.
A veces nos sobran razones para verlo todo oscuro pero nos falta valentía para congraciarnos con la desdicha, cederle su lugar entre estómago y corazón, dejarle hacer mientras calentamos una taza de chocolate y al fin, en algún amanecer indeterminado, despedirla como se dice adiós a los amores que no pudieron ser: con mucho alivio e incluso pelín de gratitud.
Ya no me engaño cuando estoy triste. Y cada vez me apetece menos disimular ante los demás, forzar sonrisa Disney y ocultar una racha que es objetivamente desastrosa. ¿Qué sentido tiene abandonarme al llanto cuando nadie me ve y luego, al salir al mundo, lucir máscara de jovial seguridad?
Así que últimamente, si alguien a quien aprecio me pregunta “qué tal”, en vez de optar por el trillado “bueno, bien” o ese lamentable “ahí vamos, tirando” que tanta desazón maquilla, hago algo bastante más rarito. Confieso, evitando entrar en detalles, que no estoy en mi mejor momento. Sí, respondo con ligera honestidad. Y a continuación, cruzo dedos. Porque muchas veces las contestaciones dan ganas de llorar (más), salir corriendo o fantasías peores.
“Ánimo, mujer”. “Tú puedes con todo”. “Pronto estarás mejor”. “¿Has probado con mindfulness?”. La  mayoría de la gente sale al rescate del náufrago desolado con consignas llenitas de preciosas intenciones y vacías de utilidad, y deja la respuesta flotando en el aire para que haga su magia, como si la melancolía fuera una mosca que se espanta abriendo la ventana y moviendo un poco las manos.
Todos sabemos que esas frases salvavidas no sirven, que en realidad funcionaría mejor un “lo siento, pues sí que estás en la mierda”, pero seguro que en la próxima ocasión volverán a caer.
La tristeza incomoda. Eso es lo que pasa. El sistema se lo ha montado tan bien que hemos acabado interiorizando que es una cosa fea, un freno, una fragilidad vergonzosa. Peor aún, una patología intolerable. No podemos permitirnos el lujo de acoger una emoción así, mucho menos mostrarla.

El neoliberalismo funciona así. . 

Por eso cuando la vemos en el otro tendemos a reaccionar como si fuéramos el eslogan de una taza de Mister Wonderful. Y si la estamos sufriendo, corremos a la consulta del psicólogo porque algo se nos ha averiado y hemos de reajustar las piezas lo antes posible para volver a encajar en un mercado que lo devora todo.
Da igual el motivo: odiar el trabajo, perder a tu madre, al perro, el amor de tu vida, romper una relación tóxica, no poder hacerlo, sufrir de soledad, cuestionarte el sentido de la vida, todo a la vez o nada en concreto. Más pronto que tarde deberás intentar aplacar la tristeza como sea, comparándote con los niños que mueren en Gaza, buscando likes en Twitter, haciendo burpees, mediante una dieta baja en hidratos de carbono o, mejor aún, con una larga ronda de antidepresivos. Y luego confiar en que nadie, salvo tus confidentes si los tienes, note que desbarrancaste. De lo contrario serás el empleado que ningún jefe de la new age quiere tener y tus amistades acabarán montando un grupo de Whatsapp aparte para el vermú del domingo. Estarás, o eso crees, acabado.
El neoliberalismo funciona así. No solo quiere nuestros cuerpos produciendo y nuestras carteras comprando. También exige un optimismo inquebrantable, un entusiasmo a prueba de balas, una sociedad esclava del imperativo de la felicidad, donde el bienestar es un artículo más de consumo y depende fundamentalmente de nuestra actitud, en absoluto de las desigualdades estructurales, qué va.
Por eso el sistema glorifica con tanto ahínco a quienes lograron atravesar situaciones límite con una fuerza extraterrestre, como el tipo al que amputaron una pierna y ahora corre maratones. Son inspiración, pero sobre todo la advertencia de que no podemos estar tristes por demasiado tiempo. Sería como reconocer que existe una falla de fábrica. Inadmisible.
Así que saltamos de la cama con la firme voluntad de ignorar ese pellizco en el alma y sumarnos a la rueda del hámster, llenarnos los carrillos de sonrisas que saben a mentira y hacer de la felicidad mandato. El filósofo surcoreano Byung-Chul Han lo explica muy bien en La sociedad del cansancio. Vivimos en una época donde la autoexplotación emocional es la norma. Hemos de estar produciendo siempre, también emociones, pero tristeza jamás, porque la tristeza se percibe improductiva, una pérdida de tiempo, una traba en nuestra carrera hacia el éxito.
Nos obligamos a ser engranajes de una maquinaria que nos empuja a rendir hasta la anestesia, dóciles, artificiosamente felices a cualquier precio. Y eso rara vez sale bien. De tanta presión, podemos acabar peor de como empezamos, sumidos en la angustia de no satisfacer las expectativas propias y ajenas. Luego sobreviene la enésima noticia de un suicidio y nos llevamos las manos a la cabeza, incrédulos por la escalada de trágicos finales en este nuevo siglo, en esta parte del mundo donde a priori lo tenemos todo, especialmente lexatines.
La dictadura de la felicidad no tiene nada de inocua. Es un peso más que aplasta a quien se siente incapaz de armarse en cuadro y no salirse de la fila. Porque cuando la tristeza se percibe como tabú, fallo imperdonable, un error de programación, la desdicha pasa a ser un experimento en soledad con el pecho taladrado por la culpa.
Hay quienes nacieron para la heroicidad y otros solo intentamos ser buena gente con muchos paquetes de pañuelos cerca, pero sospecho que incluso los primeros han llegado a buscar escondites en los que abrazarse a la debilidad.

. Y la tristeza requiere espacio, no autoengaños ni vendas

Así que, maldita sea, ¿por qué no sucumbir abiertamente a la tristeza? Además, ¿no es justo en los momentos de vulnerabilidad, de desaliento, esos momentos en los que la existencia suena al primer minuto del Claro de luna de Beethoven, cuando listos, tontos, ricos y pobres llegamos a encontrar nuestra humanidad más profunda? Necesitamos permitirnos el ánimo en modo avión, estar de lunes en sábado, porque para que exista felicidad ha de haber tristeza. Y la tristeza requiere espacio, no autoengaños ni vendas.
No sé, seguramente quiero decir que deberíamos de aprender a convivir con ella, a sentirla sin culpa ni prisas en vez de despacharla como una visita incómoda, a dejarse guiar por sus raíces largas y acordes lentos, a convertirla en lujo subversivo y compartirla igual que un atardecer en Instagram. A entender, en definitiva, que es un poco como la lluvia de otoño: empapa hasta los huesos, pero al final limpia. Yo estoy en ello.",6866,"El artículo aborda la crítica a la **dictadura social de la felicidad**, impulsada por el neoliberalismo, que patologiza y estigmatiza la tristeza como un fracaso individual. Propone una **apología de la melancolía** como espacio de autenticidad y resistencia, cuestionando el imperativo de la positividad forzada y su impacto en la salud emocional y social. La pieza mezcla reflexión filosófica con testimonios personales y sátira sobre los mecanismos de control emocional en la sociedad contemporánea.",satírico-reflexivo,"El texto cae en **redundancias innecesarias**: repite casi idéntica la idea central sobre el neoliberalismo y la felicidad obligatoria en dos párrafos consecutivos (líneas 40-45 y 55-60), lo que debilita el ritmo y la originalidad. Además, la **ironía se vuelve predecible** al caricaturizar frases como *“¿Has probado con mindfulness?”* sin profundizar en ejemplos concretos que la contextualicen más allá del tópico. Finalmente, el cierre repite casi textual el último párrafo (líneas 85-90) con *“Necesitamos permitirnos el ánimo en modo avión”* (línea 89 y 92), lo que resta precisión al mensaje final. La crítica al sistema es sólida, pero la ejecución estilística pierde fuerza por estos fallos mecánicos.",7.0,8.0,"['La **tesis central es clara y provocadora**, desafiando un tabú social con agudeza: la tristeza como acto de rebeldía contra el capitalismo emocional. La conexión entre neoliberalismo y felicidad obligatoria está bien desarrollada, con ejemplos cotidianos que refuerzan la crítica.', 'El **uso de recursos retóricos** (metáforas como *“la tristeza como lluvia de otoño”*, comparaciones con el *“eslogan de una taza de Mister Wonderful”* o la referencia a Byung-Chul Han) enriquece el discurso y lo hace accesible sin perder profundidad.', 'La **estructura dialéctica** entre lo personal (experiencias del autor) y lo colectivo (crítica sistémica) logra equilibrar lo íntimo y lo universal, evitando caer en el subjetivismo puro o en el análisis abstracto.', 'La **ironía y el humor socarrón** (ej.: *“confiar en que nadie, salvo tus confidentes si los tienes, note que desbarrancaste”*) desarma al lector y humaniza un tema que podría resultar árido, como la patologización de la tristeza']","['Evitar la **repetición literal de ideas** en párrafos consecutivos (ej.: el neoliberalismo y la felicidad obligatoria aparecen casi textualmente dos veces seguidas), lo que debilita la fluidez y la originalidad del texto.', 'Incluir **ejemplos más variados** para ilustrar la crítica al *“optimismo neoliberal”*, más allá de los tópicos como *“mindfulness”* o *“likes en Twitter”*. Por ejemplo, podrías mencionar casos reales de empresas que penalizan la tristeza en el trabajo (como políticas de *“well-being”* que monitorizan el estado emocional) o estudios sobre la correlación entre felicidad forzada y ansiedad.', 'Refinar el **cierre** para evitar la repetición casi textual del párrafo anterior (*“Necesitamos permitirnos el ánimo en modo avión”*), que resta impacto a la conclusión. Podrías cerrar con una imagen más contundente o una pregunta retórica potente que invite a la reflexión, en lugar de repetir el mismo mensaje.', 'Profundizar en **contradicciones concretas** del sistema actual: por ejemplo, cómo la industria farmacéutica promueve antidepresivos como solución a la *“tristeza”* mientras se explota a los trabajadores en *“gig economy”*, creando un círculo vicioso de medicación y productividad. Esto añadiría capas a la crítica y evitaría que el análisis quede en lo genérico.']",opinion_v4
"Gritemos alto, claro y fuerte",2024-09-20T05:00:00+02:00,https://cronicavasca.elespanol.com/opinion/20240920/gritemos-alto-claro-fuerte/887161295_0.html,Solo este verano cada informativo ha sido un obituario en serie,"Qué bien, llega el otoño. Ya podemos relajarnos, amigas. Enfundarnos la rebeca, caminar sobre alfombras de hojas crujientes, saborear un Roiboos calentito, entregarnos a la estación más romántica y decir adiós a la temporada alta de la violencia machista. Ahora, en vez de catorce asesinadas en quince días, puede que sea una por semana. O, mejor aún, una cada dos.
Así suele suceder. Baja el termómetro, se reajusta el tiempo de convivencia y la furia de quienes nos consideran posesión desciende unos grados. Con lo cual regresamos al goteo calmado de un grifo que, aunque no termina de cerrarse bien, aunque sigue arañando autoestimas, asaltando cuerpos en las calles y ultrajando vidas en los hogares, deja de encadenar titulares estruendosos. Todo en orden.
Es momento de volver a nuestras conversaciones ligeras, claro que sí, a la tranquilidad de la rutina, a dejar de hacer ruido y correr un tupido velo sobre el berenjenal dialéctico que se lió poco antes de que aterrizara septiembre, cuando una feminista tuvo la osadía de acuñar el término “potenciales violadores”.
Eso fue lo que desató la algarada: no los cadáveres de Pilar, Mari Àngels, Mónica, Margarita, Gertruida, Sara o Juliana, sino el temerario atrevimiento de poner palabras a una verdad incómoda. Que no todos los hombres golpean, humillan, abusan y matan a mujeres, pero siempre es un hombre. Así que, digo yo, para el caso patatas.

. Sobran pruebas

Nadie se me ofenda. O qué narices, sí. A estas alturas de la película, debería de haber quedado claro que el sistema está orquestado para beneficiar a los hombres por el hecho de serlo, que ellos son una pieza clave en la perpetuación de la violencia machista, que de lo que hablamos es de un problema esencialmente estructural, que en cierto modo ellos también son víctimas, pero se convierten en victimarios cuando son incapaces de reconocer la mayor.
Y, sin embargo, qué cosas, la sociedad aún no está preparada para esta conversación. Hay que seguir protegiendo a nuestros chicos de cualquier palabreja que roce su ego, exclamar muy fuerte #notallmen para no herir el “yo” masculino, preservar su bienestar antes que reconfortar nuestro miedo. 
Nosotras somos unas dramáticas si contamos que en un bar fulanito nos tocó el culo porque, vamos a ver, solo hacía la gracia, pero muchos de ellos han acabado llorando por las esquinas tras llamarlos “potenciales violadores”. Por supuesto unas cuantas mujeres han salido a su rescate, madres, amigas, hermanas, porque los sanos hijos del patriarcado saben cómo hacer las cosas, forzar mohín perruno y convencernos de que les hemos atacado personalmente. Y eso está casi tan feo como no compartir el código de Netflix.
A ver si así se entiende mejor. No todos los hombres son peligrosos, tranquilidad, pero todas las mujeres vivimos en potencial riesgo por lo que difícilmente vamos a poder identificar al que nos mira del que nos acecha. Sobran pruebas. Solo este verano cada informativo ha sido un obituario en serie. Además, y esto quien quiera se lo cree y quien no que siga con la venda en los ojos, los casos que se denuncian y los desenlaces fatales apenas son la espuma de un océano profundo y revuelto.
Aguas oscuras y turbulentas que esconden el acoso cotidiano, las miradas invasivas, los silencios que pesan más que las palabras. Es la violencia que sentimos en la piel, que nos enseña a tragar las humillaciones del jefe, aceptar la disculpa del novio tras un empujón sin querer queriendo, caminar con las llaves en la mano y enviar mensajes cuando volvemos solas a casa. 
El hombre es un lobo para el hombre y una jauría para la mujer. Pero vivimos en tal estado narcótico, de maquillaje, de blanqueamiento, que en buena parte del imaginario colectivo este debate semántico sobre los “potenciales violadores” ha llegado a su fin con el más sonrojante, aunque no inesperado, broche de guion: pobrecitos ellos. Manda huevos.

Antes, calladitas, estábamos más guapas. 

Antes, calladitas, estábamos más guapas. Ahora podemos alzar la voz, al menos en esta parte del mundo, pero midiendo cada palabra no vaya a ser que el verdadero escándalo no sea la violencia de género sino cómo la nombramos. La crítica ha virado contra las mujeres que han decidido dejar de caminar de puntillas, desenvainar la espada y mostrarla por el filo más irritante, el que pone en evidencia no solo el machismo estructural, sino también a aquéllos que prefieren relativizarlo. A quienes están más preocupados por cómo se sienten ellos que nosotras.
La culpa es nuestra por buscar la confrontación. Mirad que nos lo tienen dicho. Está demostradísimo que si hablamos de “hombres que maltratan” en lugar de “hombres maltratadores”, el proceso de rehabilitación resultará más efectivo, nos irá mejor. El lenguaje tiene un gran poder y todo gran poder conlleva una gran responsabilidad, y al parecer la de las mujeres pasa por mantenernos en las filas del comedimiento, preocuparnos por no herir susceptibilidades, cuidar, porque los cuidados son cosa de chicas. A la mierda ya.
Cuando nos acercamos con una sonrisa, damos palmadita en el hombro y suavizamos términos en un esfuerzo por educar y acercar posturas, también evitamos mencionar la autoridad y violencia que sostienen el sistema patriarcal. Y al no nombrarlos, los dejamos intactos. Rebecca Solnit, en su ensayo “Los hombres me explican las cosas”, deja clarinete el tema: lo único que hemos conseguido hasta ahora ha sido preservar la comodidad de quienes no están dispuestos a reconocerse parte de una cultura que facilita y tolera el maltrato. Y eso, si algo alimenta es la pasividad, la normalización, el letargo.



Soy de naturaleza empática, pero el manto de víctimas es ya tan grueso que permitidme estar hasta el moño de eufemismos. Ni las guerras son errores estratégicos, ni las muertes de civiles daños colaterales, ni los recortes sociales ajustes, ni la violencia machista una lacra que pasaba por ahí y puede que infecte o no. El lenguaje implica poder, sí, y usarlo para señalar la realidad tal como es, sin anestesia, supone el primer paso para cambiarla.
Qué paradoja. Tanto tiempo llamándonos sexo débil, y ha sido el orgullo masculino el que ha temblado cuando hemos decidido mandar de una patada la vergüenza a su bando. 
No sé, supongo que lo que quiero decir es que ya deberíamos prohibirnos dar marcha atrás. Desembarca el otoño con su edredón de hermosa melancolía y sería un grave error dejar que nuestras voces volvieran a enfriarse. Esto no es una guerra de mujeres contra hombres. Ni cosa de chicas. Es asunto de todos. Una trinchera única, sin fronteras ni estaciones. Gritemos alto, claro y fuerte.",6650,"El artículo critica la normalización del machismo estructural y la hipocresía social al relativizar la violencia de género, especialmente tras el uso del término 'potenciales violadores', que generó controversia. Denuncia cómo se prioriza la sensibilidad masculina sobre la realidad de las mujeres, culpabilizándolas por alzar la voz, y aboga por un lenguaje directo y combativo para exponer la verdad sin eufemismos. La estación otoñal simboliza aquí la aparente calma que precede a nuevos ciclos de violencia y silencio.",provocador,"El texto cae en la redundancia al repetir casi idénticamente el párrafo final sobre el otoño y la necesidad de gritar ('Antes, calladitas, estábamos más guapas...' aparece dos veces seguidas). La ironía y el sarcasmo, aunque efectivos en algunos pasajes, se vuelven predecibles y poco originales en momentos clave, como el uso reiterativo de 'pobrecitos ellos'. Además, la crítica a las mujeres que suavizan el lenguaje para no herir susceptibilidades podría interpretarse como una autocrítica interna al artículo mismo, que recurre a tácticas similares en otros fragmentos (ejemplo: 'Nadie se me ofenda. O qué narices, sí').",7.0,8.0,"[""Uso efectivo de la ironía y el sarcasmo para exponer la hipocresía social, especialmente en frases como *'Manda huevos'* o *'La culpa es nuestra por buscar la confrontación. Mirad que nos lo tienen dicho'*."", 'Estructura dialéctica bien construida que contrasta la calma otoñal con la violencia estructural, reforzando la tesis con ejemplos concretos (casos de feminicidios, acoso cotidiano).', 'Inclusión de una referencia externa (Rebecca Solnit) que aporta peso intelectual al argumento, aunque no se desarrolle en profundidad.', ""Llamado a la acción claro y contundente en el cierre: *'Gritemos alto, claro y fuerte'*, que cierra el texto con fuerza retórica.""]","['Evitar la repetición literal de párrafos (como el ejemplo sobre el otoño) para no restar dinamismo al texto.', 'Modular el tono sarcástico en momentos clave para evitar que la crítica se vuelva predecible o excesivamente agresiva, especialmente cuando se dirige a un público general.', 'Profundizar en ejemplos específicos de cómo el lenguaje eufemístico perpetúa la violencia (ejemplo: ¿cómo se traduce esto en políticas públicas o discursos mediáticos?).', ""Incluir una transición más fluida entre la crítica al término 'potenciales violadores' y el análisis estructural del machismo, que en ocasiones parece saltar sin mediación.""]",opinion_v4
Reflexiones de 'Año Nuevo' o por qué nos pegamos la piña en septiembre,2024-09-06T05:00:00+02:00,https://cronicavasca.elespanol.com/opinion/20240906/reflexiones-ano-nuevo-por-pegamos-pina-septiembre/883661709_0.html,"Agosto es ese amante que se hace de rogar, llega tarde, permanece apenas por un rato y sale por patas con las sábanas todavía calientes. Un caprichoso al que se lo consentimos todo porque necesitamos su revolcón para dar sentido a nuestra vida. Es el mes de las masas, de los proletarios del tiempo libre que anhelan encontrar el bálsamo a las angustias existenciales superado el ecuador del verano, parkings de sombrillas, pueblos de temporada o, a poquito de suerte, escapada por Europa. Una cápsula de alegrías breves que acaba dejando bronceado dudoso, dos kilos de más y retrogusto amargo, porque cuando por fin empezamos a repantigarnos dentro de su placer efímero cae la octava hoja del calendario. Campana y se acabó.","Agosto es ese amante que se hace de rogar, llega tarde, permanece apenas por un rato y sale por patas con las sábanas todavía calientes. Un caprichoso al que se lo consentimos todo porque necesitamos su revolcón para dar sentido a nuestra vida. Es el mes de las masas, de los proletarios del tiempo libre que anhelan encontrar el bálsamo a las angustias existenciales superado el ecuador del verano, parkings de sombrillas, pueblos de temporada o, a poquito de suerte, escapada por Europa. Una cápsula de alegrías breves que acaba dejando bronceado dudoso, dos kilos de más y retrogusto amargo, porque cuando por fin empezamos a repantigarnos dentro de su placer efímero cae la octava hoja del calendario. Campana y se acabó.
En lo que tarda un helado de dos bolas en derretirse, nos chocamos de nuevo con la rutina de septiembre. Cambiamos bañador por pantalones largos mientras los árboles inician su topless particular. La euforia del sol da paso a los fluorescentes de oficina. Decimos adiós a la libertad de las chanclas y comidas a deshoras para volver a encajar en el engranaje perfecto de jornadas laborales interminables. Un modelo de trabajo, de vida, de muerte en vida tan rancio que cuando nuestros abuelos lo estrenaron ya debería de haber caducado. Todo mal.
Teóricamente íbamos a empezar nuevo curso currando 37,5 horas semanales. Ahora Yolanda Díaz está de que ni sí ni no ni lo contrario, porque vamos a ver, ser comunista de carnet y hacer feliz a la patronal no resulta fácil. Además, tampoco es que la clase trabajadora ande alborotada por el asunto. Hemos llegado a construir una sociedad tan dócil, tan sumisa, tan sonrojantemente zombie, que si nos proponemos mover el culo es por una campaña de marketing para llenar el carro de la compra con frutas tropicales y sueños húmedos. Punto para el capitalismo.

Seguimos sumidos en una estructura que no da tiempo ni para conciliar, ni para soñar, ni para sentarse en el trono con el esfínter relajado y un buen libro entre manos

Las comparaciones son odiosas. Tramposas, en ocasiones. Pero las cosas, claras: mientras otros países como Islandia o Suecia coquetean abiertamente con la semana laboral de cuatro días, aquí seguimos mirando a quienes están peor para permanecer sumidos en la resignación cristiana de una estructura que no da tiempo ni para conciliar, ni para soñar, ni para sentarse en el trono con el esfínter relajado y un buen libro entre manos. Toda una condena incluso cuando tenemos la fortuna de ganarnos el pan haciendo algo que, más o menos, nos gusta.
Estamos encadenados a un modelo que regala migajas fuera del trabajo, glorifica la fatiga, perpetúa la absurda idea de la productividad como propósito personal y disfraza de conquista cualquier minúscula reducción horaria. Además, de un tiempo a esta parte se están poniendo de moda ciertos cretinos vendehumos, predicadores sin músculo mental ni sentido común, dispuestos a cargarse la poca lucha social que pueda quedar lanzando entre los chavalitos discursos sobre el hustle culture y la necesidad de aprovechar cada segundo para ser ultraeficientes.
En vez de construir puentes hacia un futuro más humano, seguimos levantando muros cuando ya nos han invadido los caminantes blancos.



Total, que volvemos a eso que llamamos vida cotidiana renovados de energía y las pilas nos duran, de chiripa, dos semanas. A la tercera, ya estamos contando los días para abrazarnos al amor fugaz del próximo puente. La “modernidad líquida” de la que habla Zygmunt Bauman es lo que tiene. Cuando nada es permanente, ni siquiera la promesa de que nuestras condiciones materiales puedan mejorar, acabamos corriendo en la rueda del hámster hacia una meta que siempre parece estar más allá del horizonte. Conclusión: empezamos a quemarnos y elegimos conformismo como animal de compañía.
Los expertos lo llaman síndrome del burnout, porque en inglés todo suena más sofisticado, pero no se trata más que del agotamiento de siempre, ese que nos deja lo suficientemente secos como para festejar que llegó el viernes por la tarde con un par de cervezas. Humilde recompensa y a seguir adelante cual autómatas programados, con un “ahí vamos, tirando”, “así es la vida”, y toda esa sarta de latiguillos que nos repetimos para no perder la cabeza. Al final, eso es lo que queda: un consuelo estoico, una palmadita en la espalda por el trabajo bien hecho, como si la existencia no fuera más que una carrera de resistencia y nosotros, los fondistas obsesionados por llegar a la próxima parada, a la próxima excusa, para evadirnos.
Sufrimos un modelo laboral diseñado para las fábricas del siglo XIX, no para la economía digitalizada del siglo XXI. En el fondo lo sabemos pero aun así llega septiembre, que es el verdadero enero, y como en un chiste de “cuál es el colmo de los colmos” nos convertimos en nuestros peores enemigos. En lugar de enfrentar la realidad, salir a las calles, quemarlas o, bueno, tratar de tomar algo de control sobre nuestro tiempo, resetear, bajar el ritmo, recuperamos las listas de cosas por hacer de inicios de año y añadimos nuevas tareas. Fitboxing, Duolingo de italiano, qué se yo. Suma y sigue mientras continuamos dándolo todo en el trabajo, aferrados a la ilusión de que con más quehaceres aparentemente estimulantes hallaremos el sentido de un sistema que nunca estuvo pensado para que lo encontremos.
Es una especie de obligación moral, perfectamente aliñada por eso que ahora llaman “gurús del desarrollo personal”. Ayer leía un artículo sobre un un tal Adam Grant, quien pontifica septiembre como “el momento ideal para explotar todo nuestro potencial creando oportunidades de triunfo”. Hasta las narices.
Yo estoy más en la cuerda del economista Richard Layard, quien sugiere en su obra ""Happiness: Lessons from a New Science"" que la búsqueda constante de logros, conocimientos y nuevas habilidades no conduce necesariamente a una mayor felicidad. En realidad, esto es tan evidente como que el sol sale por el este pero siempre se nos olvida, porque aquí estamos, haciendo malabares con agendas sobrecargadas y actividades extralaborales que al final nos torturan en lugar de dar placer.

. 

 A mí, la idea de que hemos de esforzarnos por ser “más”, más productivos, más ricos, más llenos de hobbies, me tiene tan frita que he decidido empezar a practicar el “menos”. Intentarlo, como poco. Con esto no me refiero a sucumbir a la mediocridad, otra lacra del mundo moderno de la que seguro escribiré en próximas ocasiones. Está claro que fijarse metas, aspirar a mejorar, es admirable y necesario. Pero cuando esa dinámica nos consume, quizá sea momento de hacer una pausa y reevaluar prioridades, de encontrar entre los resquicios de este sistema tan bien montado las pequeñas fugas de libertad para alcanzar el equilibrio entre la ambición y la serenidad, para disfrutar de la simplicidad sin renunciar a la plenitud.
No sé, supongo que se nota que acabo de llegar de una mísera semana de vacaciones en los coletazos de agosto. Pero lo que estoy intentando explicar es que, tal vez, solo tal vez, el mayor acto de rebeldía en esta sociedad del “siempre más” sea aprender a plantarnos con un “suficiente”. Y dejar de pegarnos la piña. Digo yo.",7205,"El artículo critica la estructura laboral y social actual, comparando el modelo obsoleto de productividad con la evasión temporal en vacaciones, destacando el agotamiento crónico y la presión por la hiperproductividad. Propone una reflexión sobre el conformismo y la necesidad de priorizar el equilibrio, cuestionando la obsesión por el 'siempre más' y defendiendo un enfoque de 'suficiente' como acto de rebeldía.",satírico-reflexivo,"El texto cae en la redundancia al repetir ideas clave (ej: 'rueda del hámster', 'suficiente', 'sociedad zombie') sin aportar profundidad nueva. La ironía y el sarcasmo, aunque presentes, a veces resultan forzados (ej: 'topless particular' de los árboles) y no siempre refuerzan la crítica. Además, la comparación con Islandia/Suecia es superficial: no se explican las diferencias concretas en políticas laborales ni se profundiza en por qué España no adopta esos modelos. El cierre, aunque original, carece de contundencia al ser una afirmación genérica ('supongo que se nota que acabo de llegar de vacaciones') sin respaldo argumental sólido.",7.0,7.0,"[""Uso efectivo de metáforas y recursos retóricos para ilustrar la crítica (ej: agosto como 'amante caprichoso', la 'rueda del hámster')."", 'Combina humor satírico con reflexión social, logrando un tono fresco y provocador en temas recurrentes como el burnout o la productividad.', 'Inclusión de referencias intelectuales (Bauman, Layard) que dan peso a la tesis sin caer en academicismo.', 'Ritmo ágil y ritmo narrativo que evita párrafos muertos, manteniendo el interés hasta el final.']","[""Evitar la repetición de ideas clave (ej: 'suficiente' aparece en múltiples párrafos sin variar el enfoque)."", 'Profundizar en alternativas concretas: ¿cómo se aplicaría un modelo de 4 días laborales en España? ¿Qué barreras políticas o culturales existen?', ""Refinar el sarcasmo para que no resulte anacrónico o genérico (ej: 'topless particular' de los árboles es poco original)."", ""Cierre más contundente: la conclusión sobre 'plantarnos con un suficiente' merece un argumento más sólido que una observación personal ('supongo que se nota').""]",opinion_v4
Los “tolosa”: abiertos por vacaciones,2024-08-10T05:00:00+02:00,https://cronicavasca.elespanol.com/opinion/20240810/los-tolosa-abiertos-por-vacaciones/876412410_0.html,"Aquí andamos, con las vacaciones a la vuelta de la esquina si no llegaron ya, un calorazo que funde plomos y ni con ésas los todólogos se callan. No hay forma. Empiezo a sospechar que, de sobrevenir el Apocalipsis, unos cuantos quedarían en pie para cuestionar el juicio final y explicarle a Dios cómo construir la Nueva Jerusalén. Es que es gente muy lista, listísima, porque no necesita títulos o experiencia para sentar cátedra de lo que sea mientras se peina con primor la raya del pelo. ","Aquí andamos, con las vacaciones a la vuelta de la esquina si no llegaron ya, un calorazo que funde plomos y ni con ésas los todólogos se callan. No hay forma. Empiezo a sospechar que, de sobrevenir el Apocalipsis, unos cuantos quedarían en pie para cuestionar el juicio final y explicarle a Dios cómo construir la Nueva Jerusalén. Es que es gente muy lista, listísima, porque no necesita títulos o experiencia para sentar cátedra de lo que sea mientras se peina con primor la raya del pelo. 
Ayer fue el cambio climático, hoy el color del traje nuevo del emperador, mañana Venezuela y pasado las Olimpiadas. Lo de menos es el tema. Lo fundamental, tener siempre una respuesta, opinar aunque sus dictámenes importen un pimiento, pontificar con el índice en posición de firme y transmitir más seguridad que una caja fuerte suiza. 
En este lugar del mundo llamamos tolosa a los todólogos. Tiene más gracia, aunque aun rebautizándolos me dan muchísima pereza. Estos personajes lo saben todo porque sí, porque lo saben con la misma certeza que una revelación mariana. Un tolosa es la leche, pero de soja, porque si tiene intolerancia a la lactosa seguro que no necesita pruebas para confirmar diagnóstico. El secreto de este arte, de esta ciencia, de esta filosofía de vida reside en la convicción de que las cosas son así y no de otra forma, en ajustar el neocórtex al cerebro límbico y nunca, jamás, replegarse ni abandonar posiciones, aunque hayan puesto la mano en el fuego y se churrusque como un cachito de panceta en la barbacoa. Antes mancos que reconocer errores y admitir ignorancia.
Además, por suerte o perseverancia, los tolosa alguna vez aciertan. Son el reloj averiado que dos veces al día marca la hora correcta, así que siempre encontrarán validación para mantener en alto sus cabezas de chorlito. Y si al final el tropiezo es tan mayúsculo y sus repercusiones tan severas que no queda otra que admitir la mayor, cosa que puede ocurrir una vez de cada cien mil millones, echarán la culpa al compañero de trabajo, Pedro Sánchez, los chemtrails o la Wikipedia.
Esto es trágico. Pero hay algo aún peor. Los todológos ya no son solo ese tipo de gente poco instruida y, por ende, imprudente que encuentra la verdad verdadera en el canal de Youtube de un señor enmascarado, domingueando con Iker Jiménez o en la Muy Interesante. El virus de la Todología lleva tiempo infectando a personas a las que se presuponía dos dedos de frente, con muchos libros en casa y el decoro necesario para poner la oreja y ponderar antes de soltar la lengua. Periodistas, desde luego. Periodistas ocupando el prime-time con discursos petulantes que maquillan veredictos de pan y melón, incapaces de reconocer sus limitaciones en una materia, especialistas en nada salvo en acomodar sus sesgos. Estrellitas estrellando los principios de este oficio, porque lo importante es parecer que tienen razón, enfervorizar a los suyos y salir mucho en cámara.



A los vanidosos se les olvidó que el (cuarto) poder conlleva una gran responsabilidad. Con ellos, la Todología está dejando de ser un cómico ejercicio de cuñadismo para convertirse en un verdadero peligro. Tenían el altavoz de los medios de comunicación y ahora también la caja de resonancia de las redes sociales, dentro de una sociedad de consumo e inmediatez donde el brillo efímero de los likes eclipsa el conocimiento especializado. Diestros o zurdos, da igual. Azuzan el rifirrafe, conscientes de su influencia, consiguiendo que muchísimas personas se revuelquen en el barro digital queriendo ser igual que ellos. Y entonces ya todo es blanco o negro, binario (menos el sexo, qué ironía), pocilga, ruido y polvo.
Tu primo, el camarero, la enfermera, el padre voxero o el bombero aliado se pondrán cachondos cuando reciban la primera dosis de reconocimiento y a partir de ahí se dejarán llevar, tecleando sobre lo que sea con la confianza de un súper héroe con capa nueva, emulando a sus ídolos. Con un poquito de tino, funcionará. La opinión inmediata, contundente y provocadora, equivocada o no, va a acaparar más atención que el análisis ponderado y sereno. Es como si estuviéramos en un gigantesco concurso de Scattergories: pulpo vale como animal de compañía, y la respuesta rápida más que la razonada. Mucho hype y poco texto. Dame pan y dime tonto.
Sí, a estas alturas cualquier sentencia de mercadillo puede transformarse en dogma. Y el tolosa, en referente, una voz autorizada y replicada por miles de retuits. La recompensa es tan golosa que poca gente está ya a salvo de convertirse en todólogo a jornada completo o por tiempo parcial.

. . Y encima, hemos enfangado el agua

Hay que aceptarlo. Nos hemos montado un circo de tres pistas y la sabiduría de barra de bar se ha convertido en el acto principal. Saltamos de un tema a otro con la pizpiritez de un acróbata, mientras dejamos un reguero de paparruchadas a nuestro paso. Nunca fue más cierto que, en un mar de conocimientos, apenas acariciamos el primer centímetro. Y encima, hemos enfangado el agua.
No veo solución a corto plazo, aunque me sé la receta mágica: fomentar el pensamiento crítico y la verificación de hechos. Lo primero, educando desde etapas tempranas para que la chavalería no se trague la información como si fuera una hamburguesa de 1 euro del McDonalds. Está en nuestra mano enseñarles lo que a nosotros se nos olvidó, masticar, cuestionar, contrastar y contextualizar, darles una pluma y ponerlos a escribir, recuperar la filosofía y adiestrarles en el poder del aburrimiento.
También hay que promover la cultura de la duda, porque el punto del interrogante es signo de inteligencia, no de debilidad. Incentivar el buen periodismo, que lo hay aunque se haya pasado de moda. Crear espacios para el diálogo que trabajen la empatía, donde confluyan diferentes y los cuchillos se dejen a la entrada. Y fomentar la paciencia, redescubrir la calma, alejarnos del huracán o refugiarnos en su ojo. Ahí es nada.
No sé, supongo que de momento lo mejor que puedo hacer es volver a la playa y bucear. Ahí en la profundidad hace fresquito y, aunque los tolosa no se callan ni debajo del agua, yo solo escucho el eco del mar.",6146,"El artículo critica la proliferación de los 'tolosa' —personas que, con certeza absoluta y sin fundamento, opinan sobre cualquier tema sin autocrítica—, especialmente entre periodistas y figuras mediáticas, señalando cómo su comportamiento, impulsado por redes sociales y la inmediatez, corrompe el debate público y fomenta la desinformación. Propone soluciones como la educación en pensamiento crítico y el fomento del periodismo riguroso para contrarrestar este fenómeno.",satírico y combativo,"El artículo cae en la generalización excesiva al tachar a *todos* los periodistas de 'tolosa', sin matices ni ejemplos concretos que respalden esta afirmación. La sátira, aunque efectiva en algunos pasajes, se vuelve repetitiva y predecible (ej.: la metáfora del 'reloj averiado' ya se ha usado hasta la saciedad). Además, la crítica a las redes sociales y la inmediatez es válida, pero el texto no profundiza en alternativas prácticas más allá de lo genérico ('pensamiento crítico', 'buen periodismo'), lo que resta fuerza a su propuesta. También hay un tono despectivo hacia colectivos (como el 'padre voxero') que, aunque buscaba ironía, puede sonar gratuitamente ofensivo en un contexto polarizado.",7.0,7.0,"[""Uso agudo de la ironía y la sátira para desmontar la autoimportancia de los 'tolosa', con recursos retóricos memorables (ej.: 'la leche, pero de soja', 'el circo de tres pistas')."", 'Tesis clara y bien definida: la crítica al conocimiento superficial impuesto como autoridad mediática, con un cierre evocador que refuerza la idea de desapego ante el ruido.', 'Denuncia relevante de un fenómeno real (la Todología como epidemia digital) y su impacto en la calidad del debate público, especialmente en periodistas.', 'Estructura dinámica con giros lingüísticos que mantienen el interés, aunque el ritmo decae en el último tercio con propuestas poco concretas.']","[""Evitar generalizaciones agresivas (ej.: 'periodistas ocupando el prime-time con discursos petulantes') sin ejemplos específicos que las sustenten, para no caer en el mismo error que critica."", ""Profundizar en alternativas *operativas* a la Todología más allá de lo teórico ('pensamiento crítico desde la infancia'). ¿Qué iniciativas concretas se podrían implementar? ¿Qué modelos de periodismo alternativo existen y funcionan?"", ""Reducir repeticiones de ideas (ej.: la metáfora del 'reloj averiado' aparece dos veces en párrafos cercanos) y evitar redundancias en el tono satírico, que en algunos pasajes se vuelve monótono."", ""Matizar el ataque a colectivos sociales (como el 'padre voxero') para no reforzar estereotipos que, aunque satirizados, pueden resonar en un público ya polarizado. La sátira debe ser universal, no divisiva.""]",opinion_v4
Primeras veces desde Sevilla,2024-07-26T05:00:00+02:00,https://cronicavasca.elespanol.com/opinion/20240726/primeras-veces-desde-sevilla/873162751_0.html,"Esta semana he descubierto algo crucial sobre Sevilla. En Sevilla tienen el calor, como todo el mundo. La 'caló', cuando a los camarones les empieza a sudar el bigote. Y luego están los calores, que solo son soportables porque esto es demasiado bonito. Sí, ando por la ciudad del color especial, la dama del Guadalquivir, la joya del sur, el refugio de los azahares. De microvacaciones, además. Horneándome a 42 grados sin mar y con cruzcampos. Siempre he sido pelín masoquista, aunque en esta ocasión tenía buenas razones para tomar una decisión así. Y no me arrepiento. Estar aquí, ahora, es igualico a hacer el amor en la caldera de un barco de vapor. El aire asfixia, las calles queman, pero apenas hay turistas, porque la gente no está tan loca como yo, puedo explorar cada recoveco casi a solas y pensar que se colocaron para mí, guárdarmelos muy dentro y sentir la pasión de la primera vez.","Esta semana he descubierto algo crucial sobre Sevilla. En Sevilla tienen el calor, como todo el mundo. La 'caló', cuando a los camarones les empieza a sudar el bigote. Y luego están los calores, que solo son soportables porque esto es demasiado bonito. Sí, ando por la ciudad del color especial, la dama del Guadalquivir, la joya del sur, el refugio de los azahares. De microvacaciones, además. Horneándome a 42 grados sin mar y con cruzcampos. Siempre he sido pelín masoquista, aunque en esta ocasión tenía buenas razones para tomar una decisión así. Y no me arrepiento. Estar aquí, ahora, es igualico a hacer el amor en la caldera de un barco de vapor. El aire asfixia, las calles queman, pero apenas hay turistas, porque la gente no está tan loca como yo, puedo explorar cada recoveco casi a solas y pensar que se colocaron para mí, guárdarmelos muy dentro y sentir la pasión de la primera vez.
En realidad, estuve en Sevilla hace casi una década. Lo que pasa es que ya no soy la misma. Por suerte. Gracias a las experiencias acumuladas desde hace un tiempito, algunas felices, muchas dolorosas, le di vueltas al coco, empecé a redescubrirme, consideré prioridades y al final supe qué iba a hacer: reconquistar la capacidad de asombro, de deleitarme en los detalles, de estrenar mirada con todo lo que no se hubiera marchitado ya y estuviera por venir. Esa determinación me está ayudando a vivir no “como si fuera el último día”, alegato Mr. Wonderful que me parece absolutamente estúpido, sino a procurar hacerlo como si fuera el primero.
Puede que mi nuevo conato de filosofía también suene a eslogan de taza de café con emoji sonriente, pero a mí me está funcionando y cuando me miro en el espejo hasta me veo más guapa. Vivir primeras veces que en realidad no lo son tantas veces como haga falta tiene su aquél, claro está. Eso sí, me compensa el esfuerzo porque resulta mucho más placentero y bastante menos estresante que andar pensando en qué hacer en caso de morir mañana. De verdad. Los finales nos apremian. Los comienzos ilusionan, reconfortan, dan calorcito del bueno. Al final, de lo que se trata es de valorar lo que se tiene y lo que llega. Y no dar nada por sentado.



Mi plan ahora mismo pasa por colmar de primeros besos a mi persona favorita, comer muchas primeras “papas con huevo” y cada vez que regrese al Alcázar volver a flipar con patios, azulejos y tapices. Al menos, intentarlo. Evidentemente, en el día a día el reto se torna complicadillo. Vivimos bajo el yugo de un sistema consumista y pragmático que a menudo prioriza la eficiencia y la racionalidad sobre la repetición de experiencias extraordinarias. Vamos de aquí para allá con una urgencia que nos roba la paz, el poder de la contemplación, la facultad de reconectar.
El psicólogo estadounidense Barry Schwartz ha explorado a fondo la ""paradoja de la elección"". En este mundo postmoderno, parece que hemos de tomar decisiones a la de ya entre un océano de opciones a tope de marejada, cosa que abruma, estresa y ahoga hasta perder la noción de lo vivido. En contraposición, este tipo ensalza eso de que “menos es más” y nos anima a simplificar nuestra existencia como quien limpia un lienzo saturado para revelar la obra de arte original. Ahí es cuando se calmarán las aguas, sacaremos la cabeza, podremos disfrutar de las elecciones tomadas y reconocer la belleza de las pequeñas maravillas cotidianas. Eso dice él. 
Mi madre, que no es experta en conducta humana pero sí en amor, y eso es lo que cuenta, lo resume de otra forma: “viva la vida y sus momenticos”. Cada vez que nos contamos los humildes planes de fin de semana terminamos justo así, con un “viva la vida y sus momenticos”. Y entonces de fondo parece escucharse a Oscar Wilde en 'El ruiseñor y la rosa': ""¡Ah, la felicidad depende de cosas tan pequeñas…!"". Y sí, ahí está la clave, en la fuerza de lo diminuto, en todos esos matices que adornan el día a día sin apenas aspavientos, en la placita que aguarda una callejuela más allá de la Giralda, las risas con las amigas, el whatsapp de media tarde con un “hola, guapísimo”, la comida de domingo en familia, las caricias que hacen temblar.

. Sin la urgencia del luego. Con el sabor del ahora

Parece que me estoy yendo por los cerros de Úbeda. Y no. Lo que quiero decir es que plantar cara a este sistema devorador, darnos tiempo y reevaluar nuestras necesidades nos ayuda a apreciar las pequeñas paradas del camino y vivir cada paso con la ilusión de la primera vez. Sin la urgencia del luego. Con el sabor del ahora. Ojos nuevos y corazones curiosos. Es todo un cambio en nuestra perspectiva personal, pero también colectiva: desafía el ritmo frenético de nuestra sociedad y nos empuja a buscar el equilibrio para hacer senderismo por este valle de risas y llantos con un poquitín más de consciencia.
No se trata de alcanzar el final del día y pensar en cuántas cosas hemos hecho, sino en cómo las vivimos. Por eso, creo que el verano es una época perfecta para ensayar metodología. O, más bien, las vacaciones, cuando todo se ralentiza. Así estoy yo ahora mismo, desde la sombra de los Jardines de Cristina, defendiendo la necesidad de aparcar la presión del mercado, abrazando la ligereza del ser, maravillándome entre vírgenes, arquitectura mudéjar y muchas eses, despertando una y otra mañana como si desayunara con vino dulce.
No sé, lo mismo es que los calores sevillanos me han frito el cerebro y debo volver a hablar de política. Aunque bueno, todo lo es. ¿No?",5477,"El artículo reflexiona sobre la búsqueda de la experiencia auténtica y el asombro ante lo cotidiano, contrastando el ritmo acelerado de la sociedad moderna con la valoración de los pequeños detalles y el momento presente, inspirado en experiencias personales en Sevilla y referencias a autores como Barry Schwartz y Oscar Wilde. Critica el consumismo y la urgencia que impide disfrutar de la vida con plenitud, proponiendo una reconexión con lo esencial a través de la contemplación y la curiosidad renovada.",reflexivo con toques irónicos y líricos,"El texto cae en redundancias repetitivas ('primera vez', 'ahora', 'calor') que restan agudeza y originalidad. La estructura carece de un ritmo coherente: hay párrafos descriptivos que se desvían sin transición clara hacia la tesis central, como el salto abrupto a lo político al final. Además, la referencia a Barry Schwartz se usa como excusa para repetir ideas sin profundizar en su relevancia concreta, y el cierre se diluye en generalidades vacías. La ironía ('horneándome a 42 grados sin mar y con Cruzcampos') es efectista pero no se integra con solidez en el argumento principal.",6.0,6.5,"[""El uso evocador del lenguaje para describir la experiencia sevillana, que logra transmitir sensaciones con frescura y originalidad ('hacer el amor en la caldera de un barco de vapor')."", 'La conexión emocional con lo cotidiano (familia, amigos, detalles urbanos) humaniza el texto y lo hace accesible, reforzando su mensaje central.', 'Incorporación de referencias culturales (Oscar Wilde, la madre del autor) que enriquecen el discurso sin caer en academicismo.']","[""Evitar la repetición obsesiva de ideas ('primera vez', 'ahora') para no empalagar al lector y mantener la tensión argumental."", 'Profundizar en la crítica al sistema consumista: el artículo menciona el problema pero no desarrolla ejemplos concretos o datos que lo sustenten, quedando en lo abstracto.', 'Corregir la estructura para que cada párrafo avance hacia la tesis principal, eliminando digresiones (como la referencia política abrupta) que debilitan la coherencia.', ""Refinar el cierre: en lugar de repetir 'ahora' o 'primera vez' una última vez, cerrar con una imagen simbólica o una pregunta retórica que invite a la reflexión.""]",opinion_v4
Dale caña,2024-07-12T05:00:00+02:00,https://cronicavasca.elespanol.com/opinion/20240712/dale-cana/869663171_0.html,"La primera vez que salí a correr se llamaba footing. Tenía 20 años, carnes prietas, resacas dignas y camiseta de Laboral Kutxa como indumentaria deportiva. Aquella intentona duró un par de meses. La segunda fue pasados los 30. Las rodillas empezaban a quejarse en las escaleras al segundo piso y dormía regular. Tras un análisis de sangre sin sorpresas, el médico me recetó deporte. En esta ocasión elegí running, que es lo mismo que el footing pero gastando 100 euros en mallas color Calippo. Aguanté más de seis meses sin tirar la toalla sólo por la inversión. Luego probé la bici, más tarde a una youtuber con residencia en Andorra y al tiempo decidí visitar la piscina del centro cívico. ","La primera vez que salí a correr se llamaba footing. Tenía 20 años, carnes prietas, resacas dignas y camiseta de Laboral Kutxa como indumentaria deportiva. Aquella intentona duró un par de meses. La segunda fue pasados los 30. Las rodillas empezaban a quejarse en las escaleras al segundo piso y dormía regular. Tras un análisis de sangre sin sorpresas, el médico me recetó deporte. En esta ocasión elegí running, que es lo mismo que el footing pero gastando 100 euros en mallas color Calippo. Aguanté más de seis meses sin tirar la toalla sólo por la inversión. Luego probé la bici, más tarde a una youtuber con residencia en Andorra y al tiempo decidí visitar la piscina del centro cívico. 
Fosforita, haciendo planchas en casa o embutida en un bañador de espalda ergonómica, los resultados han sido siempre intermitentes y humildes. Con 43 tacos, debo reconocer abiertamente que pertenezco a la célebre tribu de los inconstantes.
Los inconstantes somos esas personas a las que no nos engancha el deporte, pero de pronto nos asalta la preocupación, empezamos a fustigarnos por todos esos ratos malgastados en sofá y birras y finalmente tomamos la decisión de ponernos en forma. Las causas que nos llevan a este punto pueden ser de lo más variadas: haber vomitado las tripas corriendo detrás del autobús urbano, llegar el verano con una lorza fenomenal o salir el sábado de tardeo y el domingo empatizar mucho con Rambo porque no sentimos las piernas.
Total, que elegimos disciplina, nos comprometemos a fondo con la causa, o eso queremos pensar, las semanas avanzan con sufrimiento, poco a poco nos vamos gustando… Y quién sabe. Quizá al acabar el primer año hagamos la San Silvestre. Quizá, lo más probable, lleguen las vacaciones o una racha endiablada de trabajo y, para cuando queramos darnos cuenta, habremos perdido las buenas costumbres. Sucumbir a la pereza hasta la siguiente tentativa suele ser la alternativa ganadora.

. 

Por eso aplaudo a la gente capaz de mantener ad eternum una rutina sin poner excusas. Da igual si es levantar pesas en días alternos, acudir a yoga dos veces por semana o caminar rapidito. Tiene mucho mérito cumplir escrupulosamente y convertir el gesto en hábito, como si de ese empeño dependiera que el eje de giro del planeta siga en su sitio.
Ahora bien, quien en realidad me rompe los esquemas es ese grupúsculo de humanos que habita en el Olimpo del masoquismo. Hombres y mujeres afanados por estirar sus propios límites más que un chicle Boomer, sin ser en la mayoría de casos profesionales dedicados al deporte, sin cobrar una peseta. Al principio es una media maratón, luego entera, más adelante un humilde triatlón y un día se apuntan al Ironman y jamás podrán volver a bajar el listón. Ésa es justo la cita que llega a Vitoria-Gasteiz este domingo.
Lo del Ironman es pura epopeya contemporánea, el campo donde se libra una batalla bestial entre el cuerpo y la mente, la voluntad y el martirio, un peliculón filmado mano a mano por Clint Eastwood y Mel Gibson. Los participantes no llevan armaduras ni montan caballos ni se parten la jeta. Aquí la heroicidad viste lycra y lleva cascos aerodinámicos. Nadan, pedalean y corren hasta el agotamiento, para llegar al mismo sitio que tú y yo en autobús. Son los caballeros andantes del siglo XXI. En vez de luchar contra dragones, lo hacen contra sus propios límites. Honor. Y horror.
Para la peña corriente, el deporte es un hobby, una vía de escape, una fórmula más para conocer gente, eso que hace sentir bien o no tan mal al final del día, la oportunidad de cenar un kebab bien guarro sin remordimientos. Para estos titanes, se trata de una forma de vida, una filosofía. Despiertan antes del amanecer para entrenar, sin importarles si llueve, aprieta el sol o llegó el apocalipsis zombi, en pos de un objetivo inalcanzable para el común de los mortales. En las redes sociales, casi todo son fotos de cuentakilómetros. Cuando se aproxima una carrera, la alimentación es más rígida que la de una instagramer. Se acabaron los torreznos, la txistorra, el vino y todo eso que a mí me parece que existe para que la vida tenga sentido.
Conozco a un tipo que se lesiona cada mes, pero no puede dejar de trepar montes. En su defensa, reivindica la cultura del sacrificio. Yo me pregunto si no será que se ha enganchado al dolor y queda pelín feo reconocerlo. En todo caso, sospecho que detrás de esta gente hay un trasfondo emocional fascinante: un intento constante de superación personal, de necesidad de probarse, de deseo de escapar de las rutinas de este sistema opresivo en que vivimos, de búsqueda de validación. Y al final de todo eso, el éxito. Un triunfo que se mide en términos sobrenaturales de resistencia, velocidad, fortaleza. De agonía. “No pain, no gain”.

”

Como mujer entregada al hedonismo sencillo en los pocos ratos de ocio que concede el sistema, he de reconocer que la gloria a través del sufrimiento no va conmigo. Bastante tengo con ser buena trabajadora, llegar a fin de mes y rascar migajas a la jornada laboral para, como dice mi madre, vivir “la vida y sus momenticos”. Eso sí, en caso de que toque elegir, antes aplaudiría a un participante del Ironman hasta despellejarme las manos que a un señor que corre tras el balón.
Lo sé, voy contracorriente. Este domingo serán más los gasteiztarras reunidos en torno a la tele, con los nervios de punta, preparados para gritar ese gol que al parecer lo cambiará todo, que aquellos dispuestos a arropar a los atletas desde las nueve de la mañana. No digo que no lo entienda. El fútbol, con su teatralidad, su drama, nos conecta con la tribu, con esa necesidad atávica de pertenecer y competir. La pelota rueda y, con él, nuestro corazoncito.
Además, está el impacto visual. Presenciar un golazo de chilena es un fogonazo. Contemplar a alguien nadar 3,8 kilómetros, pedalear 180 y correr 42,2, una brasa que arde lentamente. La épica del triatlón resulta fundamentalmente íntima, más disfrutona para quienes la protagonizan que para quienes la observan.
Eso sí, la vida es más parecida a un Ironman que a un partido de fútbol. Piénsalo. Pocos aplausos, atajos y descansos. Bastante soledad, perseverancia, resistencia, lucha constante contra uno mismo y el mercado. Y la duda, la duda eterna, de si alcanzaremos nuestros sueños, mientras intentamos encontrar la alegría en cada paso del camino. Claro que, por otro lado, el Ironman es una elección y la existencia algo que nos viene dado.
No sé, supongo que necesito salir a tomar una cerveza con la cuadrilla. Es mi manera favorita de darle caña al cuerpo… Y despejar la mente, que falta me hace.",6607,"El artículo reflexiona sobre la inconstancia en el deporte, contrastando la vida hedonista del autor con la disciplina masoquista de los aficionados al *Ironman*, analizando la épica personal detrás de la superación física extrema y comparándola con la vida cotidiana y el fútbol como escape colectivo. Critica también la obsesión por el sufrimiento como meta y celebra la constancia, aunque reconoce su propia contradicción al priorizar el ocio.",provocador,"El texto sufre de redundancia en su estructura (repetir frases como 'Tiene mucho mérito cumplir escrupulosamente' sin aportar valor) y falta de tensión narrativa en el desarrollo de ideas. La crítica al masoquismo deportivo se diluye en reflexiones vagas sobre el sistema y la validación emocional, sin profundizar en ejemplos concretos que la sustenten. Además, el tono irónico y socarrón, aunque presente, no siempre está bien dosificado: hay momentos en los que la ironía se vuelve forzada (ejemplo: 'el dolor como meta') y otros en los que el autor se contradice al glorificar la constancia mientras admite su propia inconstancia sin autocrítica más allá del humor. La comparación con el fútbol, aunque efectista, queda como un epílogo poco integrado en el hilo argumental principal.",6.5,7.0,"['El arranque autobiográfico es fresco y personal, con un tono cercano que engancha al lector desde las primeras líneas, evitando el tono académico o moralizante.', ""La ironía y el humor socarrón están bien utilizados en pasajes clave (ejemplo: 'la heroicidad viste lycra y lleva cascos aerodinámicos'), que refuerzan la crítica sin caer en lo vulgar."", 'La comparación entre el *Ironman* y la vida cotidiana (último párrafo) es una idea original que da profundidad al texto, aunque se desarrolla de forma abrupta.', 'El contraste entre el deporte como hobby y como filosofía de vida está bien planteado, generando un debate interesante sobre los valores personales.']","['Evitar la repetición de ideas sin avance argumental (ejemplo: las dos menciones casi idénticas sobre la constancia como mérito). Reducir la redundancia mejoraría la fluidez.', ""Profundizar en ejemplos concretos que ilustren el trasfondo emocional de los atletas de élite, más allá de la mención genérica a 'la necesidad de probarse'. Un caso específico (anécdota, entrevista, dato) daría mayor rigor a la reflexión."", 'Integrar mejor la comparación con el fútbol en el cuerpo del texto en lugar de presentarla como un epílogo desvinculado. Podría servir para reforzar la crítica al individualismo o como metáfora de la vida cotidiana.', ""Refinar el cierre: el último párrafo, aunque original, suena a excusa personal ('necesito salir a tomar una cerveza') en lugar de cerrar con una reflexión contundente sobre la tesis inicial. Un giro más provocador o una pregunta retórica cerraría el artículo con mayor impacto.""]",opinion_v4
"Energía limpia, estrategia sucia",2024-07-05T05:00:00+02:00,https://cronicavasca.elespanol.com/opinion/20240705/energia-limpia-estrategia-sucia/867913323_0.html,"La transición energética es una necesidad ineludible. Hasta ahí, estamos de acuerdo. Hasta ahí. Pocas veces vi más hipocresía por metro cuadrado que en torno a este asunto. Quienes manejan el cotarro nos vendieron el santo grial de la sostenibilidad envuelto en renovables. Ahora que ya tienen el discurso armado, han comenzado a desplegar macroproyectos fotovoltaicos y eólicos arrasadores. Entran en el mundo rural como elefante en cacharrería, toman las tierras y dejan a los pueblos temblando. A la larga, esta estrategia solo puede conducir al cataclismo. Pero, en su mirada cortoplacista, lo prioritario es mantener la producción y que las ciudades continúen devorando recursos. Cambió el disfraz para que todo siguiera igual.","La transición energética es una necesidad ineludible. Hasta ahí, estamos de acuerdo. Hasta ahí. Pocas veces vi más hipocresía por metro cuadrado que en torno a este asunto. Quienes manejan el cotarro nos vendieron el santo grial de la sostenibilidad envuelto en renovables. Ahora que ya tienen el discurso armado, han comenzado a desplegar macroproyectos fotovoltaicos y eólicos arrasadores. Entran en el mundo rural como elefante en cacharrería, toman las tierras y dejan a los pueblos temblando. A la larga, esta estrategia solo puede conducir al cataclismo. Pero, en su mirada cortoplacista, lo prioritario es mantener la producción y que las ciudades continúen devorando recursos. Cambió el disfraz para que todo siguiera igual.
En la comarca alavesa de Gorbeialdea, encontramos una de tantas pruebas de cargo. La amenaza planea con más de 100 hectáreas de trinchera fotovoltaica que pondrían en jaque la economía agroganadera y aislarían la zona. Los vecinos andan en pie de guerra, pero de momento las altas instituciones hacen mutis por el foro. Tampoco sorprende. Con el nuevo reglamento sobre la mesa, los macroproyectos de renovables de más de 50 megavatios ya no necesitan una declaración de impacto ambiental. Es la enésima deferencia hacia los lobbys eléctricos, un obstáculo más en la batalla de las comunidades rurales.
Decir “Pamplona” con medio bocata de chorizo entre los carrillos no suena serio, pero es lo que hace el sistema: llenarse la boca hablando de sostenibilidad y repetir la palabreja con gesto grave mientras hace estas barrabasadas. . Cuando las tierras agrícolas pasan a ser campos solares o eólicos, la capacidad de producir alimentos se va al traste y comienza el desmoronamiento de la economía local. Los ingresos generados por estas megainstalaciones fluyen hacia las grandes corporaciones y las ciudades. Los pueblos se quedan con las migajas, si no con las manos vacías. 

Los macroproyectos de renovables producen energía limpia y, sin embargo, no son sostenibles porque lo económico, social y medioambiental para nada van de la mano.

La paradoja salta a la vista. En nombre de la transición energética se desmantela la esencia del mundo rural, acelerando el riesgo de despoblación. De seguir así, más pronto que tarde seremos testigos de las peores consecuencias. . La gente joven, al ver que sus perspectivas de empleo y calidad de vida se desvanecen, huirá del pueblo. Las pocas tiendas que pudieran existir desaparecerán y esas comunidades que luchaban por construir un nuevo futuro echará el cerrojo. Suena a película distópica, pero la realidad siempre ha superado a la ficción. Al final, no quedará nada para nadie.
El caso de Gorbeialdea no es una excepción, sino la regla de un sistema que glorifica la sostenibilidad de fachada mientras sacrifica a los más vulnerables. Son muchos años usando el campo como cantera de recursos para alimentar la insaciable maquinaria urbana. Y ahora que toca salvar el planeta, no se nos ocurre mejor idea que destruir su mejor guardián. Ya está bien. No podemos permitir que el mundo rural siga siendo el cordero sacrificial en el altar de las ciudades. Necesitamos menos elogios a los pueblos y más hechos, aunque sea por puro egoísmo. Nuestra supervivencia pasa por construir territorios fuertes, vitalistas, autónomos, no proveedores serviles ni esclavos.

Los campos que antes sustentaban a familias enteras quedarán reducidos a cenizas tecnológicas

Mientras las soluciones al cambio climático se construyan sobre los cadáveres de las comunidades rurales, estaremos perdidos. Nos debemos una verdadera sostenibilidad. Y eso pasa por un cambio profundo en nuestro modelo, un nuevo paradigma que priorice la equidad social, la justicia económica y la protección ambiental. Suena utópico, pero desde Galicia hasta Cataluña encontramos proyectos que han roto con Goliath. Allí donde David tomó la riendas, se ha demostrado que el beneficio no se mide solo por kilovatios generados, sino en la capacidad de crear comunidades resilientes y autosuficientes.
Es hora de descentralizar la toma de decisiones, empoderar al mundo rural, asegurarnos de que los beneficios económicos se queden donde se generan y volver a graduar las gafas urbanitas. La ciudad consume, derrocha, depreda. Llevamos demasiado tiempo exprimiendo la ubre para saciar nuestro voraz apetito. Demasiado tiempo actuando como si los recursos fueran infinitos o perfectamente sustituibles. Demasiado tiempo con los brazos cruzados, la voz estrangulada y la mirada miope. Si la mayoría de la población sigue por el mismo camino, perpetuaremos el lavado de cara, beneficiaremos por un ratito más a los de siempre y finalmente nos castigaremos todos.
No sé, supongo que el dinero nunca fue tan asquerosamente verde.",4763,"El artículo critica la hipocresía de la transición energética basada en mega-proyectos renovables que destruyen el mundo rural, priorizando intereses económicos y urbanos sobre la sostenibilidad real. Denuncia la falta de regulación ambiental y la explotación de las comunidades rurales, proponiendo un modelo descentralizado y equitativo como alternativa.",combativo y satírico,"El texto cae en la repetición de ideas (ejemplo: 'los campos quedarán reducidos a cenizas tecnológicas' aparece dos veces en párrafos cercanos), lo que resta fluidez. La crítica a los macroproyectos renovables, aunque contundente, no profundiza en soluciones concretas más allá del llamado genérico a la descentralización. Además, la metáfora de 'el cordero sacrificial' y 'el dinero asquerosamente verde' son recursos retóricos efectivos, pero la ironía se vuelve algo predecible en el último párrafo, perdiendo fuerza por acumulación. También hay un tono repetitivo en frases como 'lo económico, social y medioambiental para nada van de la mano', que debilita el impacto del discurso.",7.0,8.0,"['Tesis clara y bien desarrollada: la crítica a la transición energética como fachada para la explotación rural es contundente y coherente.', 'Uso efectivo de ejemplos concretos como Gorbeialdea para ilustrar la hipocresía del sistema, dotando al texto de peso real.', ""Recursos retóricos bien dosificados (ejemplo: 'como elefante en cacharrería', 'cenizas tecnológicas') que refuerzan la crítica sin caer en lo forzado."", 'Estructura narrativa que lleva al lector desde el diagnóstico (hipocresía) hasta la propuesta (descentralización), con un cierre motivacional que apela a la acción.']","['Evitar repeticiones de ideas y metáforas para mantener el ritmo y la originalidad del texto.', 'Incluir ejemplos de proyectos rurales exitosos que hayan aplicado alternativas descentralizadas (no solo mencionarlos), para reforzar la credibilidad de las propuestas.', 'Modular el tono satírico en el último párrafo para evitar que la ironía pierda impacto por acumulación o previsibilidad.', 'Profundizar en cómo se podría implementar la descentralización sin caer en lo utópico, por ejemplo, con referencias a políticas públicas o iniciativas ya en marcha.']",opinion_v4
La última de la fila,2024-06-28T05:00:00+02:00,https://cronicavasca.elespanol.com/opinion/20240628/la-ultima-de-la-fila/866163390_0.html,"Todas las incógnitas sobre el comportamiento humano se despejan en una cola. Tal cual. Abran los ojos estos próximos días si tienen el privilegio de volar: la del aeropuerto expone mejor que ninguna otra quiénes somos. Da igual que Ryanair venga con retraso, quede casi una hora para embarcar o los billetes estén numerados. Mucho antes de que la necesidad apremie, el gentío comienza a formar fila como ratas tras un invisible flautista de Hamelin. Hay que hacerse hueco, montar trinchera, dar un pasito palante María y ni un pasito patrás, con el aliento en el cogote del vecino. El ritual se repite, una y otra y otra vez, aquí y en Sebastopol, con una precisión casi cómica. Da risa, pero también bochorno.","Todas las incógnitas sobre el comportamiento humano se despejan en una cola. Tal cual. Abran los ojos estos próximos días si tienen el privilegio de volar: la del aeropuerto expone mejor que ninguna otra quiénes somos. Da igual que Ryanair venga con retraso, quede casi una hora para embarcar o los billetes estén numerados. Mucho antes de que la necesidad apremie, el gentío comienza a formar fila como ratas tras un invisible flautista de Hamelin. Hay que hacerse hueco, montar trinchera, dar un pasito palante María y ni un pasito patrás, con el aliento en el cogote del vecino. El ritual se repite, una y otra y otra vez, aquí y en Sebastopol, con una precisión casi cómica. Da risa, pero también bochorno.
La cola previa a volar es un detector infalible de cenutrios cagaprisas. Y los hay a patadas. Apenas unos pocos puñados de viajeros se afanan por conservar la cordura y permanecer lo más lejos posible del centro del tsunami, entretenidos en sus libros, guías de viaje o la compañera, a la lógica espera del aviso por megafonía. Es el espíritu de resistencia de la minoría. Y a mí, ese ir contracorriente, esos dos dedos de frente, me permite seguir creyendo en el ser humano.
La impaciencia superlativa, ahora bien, no es lo más triste de este espectáculo. Qué va. Hay algo más feo y menos enternecedor: la soberbia. Me refiero a esas personas que pagan para tener prioridad de embarque y se aferran al billete como Gollum al anillo de poder, aunque su único privilegio sea la prioridad en los maleteros superiores de la cabina. Suben mentón y observan al populacho con la satisfacción del marqués al que ya solo le queda el título. Luego puede que se coman las patadas de un niño malcriado sentado justo detrás o al señor de próstata nerviosa que reservó ventanilla y se levanta cada dos por tres para soltar lastre. Pero entraron antes, es lo que cuenta.



Otro comportamiento típico cuando toca ponerse a la fila, quizá no en el aeropuerto pero sí en lugares menos controlados, es la picaresca. Está el cavernícola que intenta adelantarse en la espera a la montaña rusa con indisimulados empujones. La despistada que, vaya por Dios, no se percató de que la cola en la tienda de ropa empezaba en la otra punta. El listo del bar que pide tres cañas sin preguntar quién es el último, como si acabara de aterrizar de Marte y desconociera el ritual sagrado. O ese abuelo, que los hay, capaz de aprovecharse de la honorabilidad que dan los años para conquistar posiciones cuando llega el autobús.
También es verdad que la mayoría de las personas, aun siendo también mayoritariamente impacientes, todavía permanecen unidas cuando alguien se salta la cola. Lo frecuente es la indignación colectiva. Las normas no escritas de una fila están ahí para mantener un orden que, de desmoronarse, expondría la fragilidad del tejido social. Reaccionamos ante la picaresca en defensa de la justicia y la igualdad, como si buscáramos eso que no encontramos en el mundo exterior.
Total, que las colas son un muestrario impecable, para mal y para bien, de la naturaleza humana. Y además, así como quien no quiere la cosa, se convierten en reflejo del sistema depredador en que vivimos. ¿Por qué si no la prisa irracional de tanta gente, ese querer rascar apenas unos segundos a la espera, esa tendencia a vivir en el desasosiego? Para mí que la respuesta es una mezcla de instinto de supervivencia y frustración social.
Cuando descubrimos el fuego y luego los metales y nos empezamos a erguir, ser el primero significaba acceso a recurso vitales. Algo de eso ha tenido que acompañarnos hasta hoy. Por otro lado, en nuestra vida cotidiana como gente trabajadora, a menudo quedamos relegados al fondo del pasillo, soportando jornadas interminables y salarios insuficientes, raspando las migajas mientras los de siempre se apropian de la barra de pan. Por eso yo creo que ser el primero en algo, aunque sea en una cola, se convierte en una especie de triunfo personal, la sensación de tener el control.



De ahí los comportamientos impacientes o las triquiñuelas de algunos para colarse. Son, según mi teoría, una manifestación más de esa pelea diaria por conquistar una ventaja, por ridícula que sea. Vivimos en una tensión no resuelta entre el individuo y el colectivo, entre nuestras propias necesidades y las normas sociales, dentro de un mercado que nos tiene ahogados. En una cola, la diatriba queda en paños menores.
Además, este mundo vertiginoso ha convertido el tiempo en un recurso demasiado preciado.  Es como si estuviéramos compitiendo contra el reloj, tratando de maximizar cualquier momento y minimizar todas las esperas. Tengo la sensación de que son cada vez más las personas a las que les cuesta aceptar, quizá con razón, esta parte inevitable de la vida moderna. Se apelotonan en las colas como si fueran a rascar segundos, a la vez que tratan de aplacar su ansiedad creciente con ese invento anestesiante llamado smartphone.  Es una pena. Hay pocos placeres más maravillosos que aprovechar una pausa obligada para hacer eso que no se puede el resto del tiempo: nada.

La paciencia es amarga, pero su fruto dulce
Aristóteles

Al no hacer nada, sucede algo increíble. Tomamos cuenta de nuestro verdadero estado de ánimo. El piloto automático que permite la supervivencia diaria se detiene y nos percatamos de si estamos felices o con la lágrima a punto de caramelo. Decía Aristóteles que “la paciencia es amarga, pero su fruto dulce”, y me lo repito cada vez que voy al supermercado. Las colas son detector infalible de nuestro nivel de tolerancia y nerviosismo, pero también del sentido de humor que a estas alturas podamos conservar.
No sé, supongo que hacer cola siempre tendrá su punto fastidioso, pero sentarse en el vagón de la espera da la oportunidad de autoexaminarse, abrir los ojos al resto del mundo, reconocer la compleja danza del ser humano tan llena de ansiedades y aspiraciones y, por qué no, practicar la empatía. Eso nunca será una pérdida de tiempo.",5980,"El artículo analiza el comportamiento humano en las colas como reflejo de tensiones sociales, frustraciones individuales y la lucha por el control en un sistema depredador, usando el aeropuerto como metáfora de la naturaleza humana y la vida moderna. Aborda la impaciencia, la picaresca, la soberbia y la paciencia como manifestaciones de conflictos entre individuo y colectivo, vinculándolas a dinámicas laborales y económicas. Cierra con una reflexión sobre la cola como espacio de introspección y práctica de empatía, citando a Aristóteles.",provocador y reflexivo,"El texto cae en la redundancia al repetir ideas con variaciones mínimas (ejemplo: la cola como 'detector infalible' aparece en al menos tres párrafos). La tesis, aunque interesante, se diluye en ejemplos que, aunque vívidos, no profundizan lo suficiente en su conexión con el contexto social actual, limitándose a generalizaciones. La ironía y el humor socarrón son efectivos en algunos pasajes (como la comparación con Gollum o el marqués), pero se desvanecen en el desarrollo, donde el tono se vuelve más didáctico que provocador. Además, el cierre con la cita de Aristóteles, aunque elegante, parece forzado y no aporta una síntesis concluyente que una el hilo argumental con la reflexión final sobre la paciencia y la empatía.",7.0,7.5,"['Uso magistral de ejemplos cotidianos (colas en aeropuertos, supermercados) para ilustrar tensiones sociales universales, lo que hace el texto accesible y cercano.', ""Ironía y sátira bien dosificadas en pasajes concretos, como la comparación de los privilegiados con Gollum o la crítica a la picaresca en entornos 'menos controlados'."", 'Estructura temática coherente: pasa de lo observacional (comportamientos en colas) a lo reflexivo (sistema social) sin perder el hilo, aunque con repeticiones.', 'Reflexión original sobre la cola como espacio de introspección y crítica velada a la obsesión por la productividad y el tiempo en la sociedad moderna.']","[""Evitar la repetición de ideas clave (ejemplo: el 'detector infalible' o la metáfora de la cola como espejo social) para no debilitar la fuerza del argumento."", 'Desarrollar con mayor profundidad la conexión entre la impaciencia en colas y problemas estructurales como la precariedad laboral o la desigualdad, en lugar de limitarse a ejemplos anecdóticos.', 'Cuidar el cierre: la cita de Aristóteles, aunque poética, no cierra el círculo argumental de manera contundente; sería más efectivo vincularla explícitamente a la tesis inicial sobre la naturaleza humana.', 'Reducir el tono descriptivo en pasajes donde el texto se vuelve demasiado narrativo (ejemplo: la enumeración de comportamientos en colas), para mantener el ritmo provocador y reflexivo.']",opinion_v4
"Llegó el verano: al ruedo, Manolete",2024-06-21T05:00:00+02:00,https://cronicavasca.elespanol.com/opinion/20240621/llego-el-verano-al-ruedo-manolete/864163672_0.html,"No hay nada más democrático, tirano y burlón, a la vez, que el tiempo. El tiempo es pura cronología. También psicológico. Vivimos sometidos al baile sincronizado de los astros, una ecuación universal misteriosa e inmodificable. Lo parezca o no, un año son 365 días tanto para Brad Pitt como para el frutero del barrrio. Ahora bien, la percepción de la velocidad, la propia experiencia del momento, va por otro carril. Ahí es cuando la subjetividad entra como elefante en cacharrería: cinco minutos babeando en la consulta del dentista jamás equivaldrán a cinco minutos de saliva ante una docena de churros.","No hay nada más democrático, tirano y burlón, a la vez, que el tiempo. El tiempo es pura cronología. También psicológico. Vivimos sometidos al baile sincronizado de los astros, una ecuación universal misteriosa e inmodificable. Lo parezca o no, un año son 365 días tanto para Brad Pitt como para el frutero del barrrio. Ahora bien, la percepción de la velocidad, la propia experiencia del momento, va por otro carril. Ahí es cuando la subjetividad entra como elefante en cacharrería: cinco minutos babeando en la consulta del dentista jamás equivaldrán a cinco minutos de saliva ante una docena de churros.
Cuento esto porque, así como quien no quiere la cosa, la vida ya se ha sacado de la chistera el fin de otro curso escolar. Hoy terminan las clases, llega la noche objetivamente más corta del año y arranca un espacio temporal vapuleado por nuestro sesgo existencial. El verano es ese guateque larguísimo cuando uno es niño, un corto suspiro durante la juventud y, más adelante, agonía interminable para personas trabajadoras que en algún momento consideraron buena idea reproducirse. No es que la gente forme una familia y pase a odiar la época estival. Pero cuando acaba el cole, que sin ser aparcamiento por momentos hace la función, se vuelve especialmente difícil torear con ese enemigo que es más poderoso que el tiempo. El animal mitológico llamado conciliación.

“¿?”

Como el año pasado, el previo y los anteriores, por estas fechas los grupos de WhatsApp de padres y madres andan calentitos. Da igual que hayan resbalado otras doce hojas del calendario. La frustración regresa en plena forma. “¿Qué hago con los niños?”, “me faltan horas”, “lo último es cargar a los abuelos, ¿pero qué si no?”.  Ojo con entrar al trapo. Seguir la corriente a estos seres angustiados tiene más peligro que que dar conversación a un borracho en una taberna. No hay respuestas reconfortantes para preguntas retóricas que de momento no tienen remedio. Solo el cricricri de una sociedad que continúa sin poder lidiar con su propia creación.
Llegados a este punto toca hacer lo de siempre: desempolvar el capote y al ruedo, Manolete. Por delante, esperan casi tres meses de lucha para llegar a todo y, a ratos, agonizar en el intento. Quien más, quien menos, intenta sobrevivir al verano con colonias vacacionales pagadas por las instituciones. Otra historia es conseguir plaza: un año más, el cupo aquí en Vitoria se agotó antes que los botellines de agua en un after hour. Para colmo, puede que ese entretenimiento logrado in extremis ni siquiera encaje con los gustos del pequeñuelo. Nos conformamos con un parche que, en momentos puntuales, detenga la hemorragia.



Luego están quienes deciden recurrir a actividades privadas, aunque la economía no termine de alcanzar para semejante derroche. Quince horas a la semana de respiro, a cambio de renunciar a ducha diaria, apartamento cerca del mar, fruta fresca y gambas en la paella del domingo. Viva la vida.
También está la posibilidad de bajar los brazos, encender el videojuego o entregar durante unas horas esa arma de un único filo que es el teléfono móvil, y así dedicar el rato a hacer compras o tomar aire con tropecientas cañas. Son cada vez más los padres y madres que sucumben a la tentación, por cansancio, por falta de recursos, por comodidad. Es comprensible pero bien, lo que se dice bien, no está. Quien formó una familia sin pensar en todos los obstáculos de este mercado depredador y ahora busca soluciones fáciles con terribles consecuencias a futuro, y se queja muchísimo desde el sillón, o es un mastuerzo o ha de aceptar que la decisión se le hizo bola.
Una opción más beneficiosa para las criaturas, solo para ellas, es ponerlas a cargo de los abuelos en caso de que los haya. Ésta es la primera elección de muchos progenitores, la última de algunos. El desequilibrio entre el calendario escolar, vacacional y laboral, junto con las apreturas de demasiados hogares trabajadores, llena de obligaciones a la tercera edad. También la coloca entre la espada y la pared. Cuántos se sienten obligados a asumir una tarea que tendría que ser exclusivamente vocacional, un ratito para compartir saberes, juegos y hasta otro día.

 La conciliación familiar es un derecho, antes que nuestro, de los niños

Nuestros mayores se han convertido en la gran estrategia de la conciliación, sobre todo durante el verano. En esta época se acentúa la necesidad de contar con ellos, volcando en sus manos la responsabilidad de cuidar de los renacuajos. Misión que han de asumir en una edad donde el tiempo discurre al galope y el desgaste físico va pasando factura. La línea que separa apoyarse en nuestros mayores de aprovecharse de ellos puede llegar a ser extraordinariamente fina. Pero qué otra queda, cuando el sistema sigue fallando en lo más básico.
Nadie está obligado a tener descendencia, claro está. Pero la conciliación debería de ser un asunto de ley. Más allá del estrés de los adultos en este malabarismo vital, lo que nos jugamos como colectivo es el bienestar de los más pequeños. Y no terminamos de ser conscientes. La conciliación familiar es un derecho, antes que nuestro, de los niños. Derecho a cubrir sus necesidades de afecto, educación y protección. A pasar tiempo con sus padres, que los lleven al monte y de museos, construyan juntos el fortín de Lego, repasen la tabla de multiplicar y jueguen al Quién es quién.
La conciliación es asignatura pendiente de un sistema cada vez menos humano y más clientelar, obsesionado por producir. Recuerdo aquella ventana desde la que esperaba ansiosa la vuelta de mamá, y a papá hundido en el sofá una noche más y observarlo como quien mira a un desconocido por la mirilla de la puerta. No todos somos madres y padres, pero sí fuimos niños. Ojalá rescatar una migaja de aquellos ojos para cambiar el mundo.



Necesitamos menos monsergas y más políticas efectivas. Las medidas de conciliación han mejorado de un tiempo a esta parte, pero aún no están a la altura de las necesidades reales de las familias. La jornada a la carta, que tanta flexibilidad promete, depende de la buena voluntad empresarial y no siempre es accesible para toda la gente. La reducción del horario laboral castiga el bolsillo, porque pone la nómina a dieta. El permiso parental perpetúa la desigualdad de género, con las mujeres cargando casi todas las piedras de la mochila. Y el teletrabajo, solución estrella durante la pandemia, ese plan b que todavía ofrecen algunas compañías, ha desdibujado las fronteras entre vida laboral y personal. Al final se curra mucho más, perdida la noción del tiempo, con los chillidos de la prole como hilo musical.
Además, no nos engañemos: la conciliación sigue siendo utopía para las personas trabajadoras, con independencia de si tienen o no hijos. Lo más trágico de este desasosiego perpetuo es que parece que hemos renunciado al derecho a vivir sin angustias, sin la lengua fuera, hayamos formado una familia, estemos solos, compartamos casa con un perro o el fantasma de Sir Lawrence. Asistimos al derrumbamiento del bienestar como las vacas mirando al tren, en una parálisis de sueño infinita. Estamos despiertos, pero no movemos un dedo. 
No sé, supongo que todavía fantaseo con un mundo ideal en el que cada tarea tenga su tiempo y espacio, donde cada minuto transcurra con su valor real y hacer encaje de bolillos sea solo una técnica textil. Ilusa.",7383,"El artículo analiza la crisis de conciliación familiar durante el verano, destacando la presión sobre padres, abuelos y el sistema laboral, mientras critica la falta de políticas públicas efectivas y la dependencia de soluciones individuales y precarias. Usa el verano como metáfora de un sistema que prioriza la productividad sobre el bienestar, especialmente de los niños.",satírico-critico,"El texto sufre de una **redundancia excesiva** en frases como *'¿Qué hago con los niños?/me faltan horas'* repetidas sin variación, lo que debilita su impacto. Además, hay **saltos lógicos** al pasar de ejemplos concretos (como las colonias vacacionales) a generalizaciones abstractas sin desarrollo intermedio, como cuando habla de *'el mercado depredador'* sin definirlo. También **excesos de ironía forzada** (ej: *'Viva la vida'* tras describir sacrificios económicos) que restan contundencia a la crítica. Por último, la **falta de propuestas concretas** en el cierre deja la tesis de *'menos monsergas y más políticas'* como un reclamo retórico sin camino claro.",7.0,7.5,"[""Uso efectivo de **metáforas poderosas** (ej: *'conciliación como torear al tiempo'*, *'verano como guateque/agonía'*), que enriquecen la crítica y captan la atención del lector."", '**Tesis clara y centrada** en la conciliación como fallo sistémico, con un hilo conductor coherente a lo largo del texto, a pesar de los saltos.', ""**Recursos retóricos bien dosificados**: la ironía y el sarcasmo (ej: *'lo último es cargar a los abuelos, ¿pero qué si no?'*) refuerzan el tono combativo sin caer en lo gratuito."", ""**Conexión emocional sólida** con el lector, especialmente al cerrar con anécdotas personales (*'esperaba ansiosa la vuelta de mamá'*), que humanizan el problema.""]","[""Evitar la **repetición obsesiva** de frases como *'¿Qué hago con los niños?'* o *'me faltan horas'*, que debilitan la frescura del texto y su ritmo."", ""Desarrollar **más ejemplos concretos** de políticas fallidas (ej: *'jornada a la carta'*) para mostrar su impacto real en familias, en lugar de quedarse en generalidades."", ""Modular la **ironía**: frases como *'Viva la vida'* tras describir sacrificios económicos son demasiado forzadas y restan credibilidad a la crítica."", ""Incluir **al menos una propuesta viable** en el cierre (más allá de *'menos monsergas'*), para dar cuerpo a la solución y no dejar la tesis en un mero reclamo.""]",opinion_v4
Con el culo al aire,2024-06-14T05:00:00+02:00,https://cronicavasca.elespanol.com/opinion/20240614/con-el-culo-al-aire/862413884_0.html,"Son traicioneras. Las olas del mar, digo. De pronto una coge impulso, nos pilla con el pie cambiado y procede a engullir. Sin contemplaciones. Llega entonces el intento desesperado por emerger a la superficie, la obligación de rendirse a la corriente, esos segundos caóticos bajo el agua y, al fin, la reaparición en la orilla. Normalmente con el culo al aire y la dignidad en las fosas abisales. Lo peor es que volverá a suceder. Ellas saben hacer la puñeta y nosotros queremos mantener la autoconfianza. Pensamos que podremos predecir el siguiente movimiento. O burlarlo en el último suspiro con un despreocupado salto sin tirabuzón. Así nos va. En la playa. Y con la política.","Son traicioneras. Las olas del mar, digo. De pronto una coge impulso, nos pilla con el pie cambiado y procede a engullir. Sin contemplaciones. Llega entonces el intento desesperado por emerger a la superficie, la obligación de rendirse a la corriente, esos segundos caóticos bajo el agua y, al fin, la reaparición en la orilla. Normalmente con el culo al aire y la dignidad en las fosas abisales. Lo peor es que volverá a suceder. Ellas saben hacer la puñeta y nosotros queremos mantener la autoconfianza. Pensamos que podremos predecir el siguiente movimiento. O burlarlo en el último suspiro con un despreocupado salto sin tirabuzón. Así nos va. En la playa. Y con la política.
Lo peor es que esto sí se veía venir y ahora costará salir a flote. La ola ultra amenazaba tiempo ha con coger altura para darle a Europa un buen revolcón. Pero las demás fuerzas, ideologías, como sea, han sido incapaces de fabricar un muro de contención a lo que ya parece más tsunami que cabrilleo. Las derechas, porque durante mucho tiempo les vino de maravilla aprovecharse de voces reaccionarias para ocupar sillón y debilitar a los que consideran adversarios naturales. Además, creían saber cuándo dejar de estirar el chicle para que la bomba no nos explotara en la cara.

”

Los populares se conchabaron con abascales, o peores, en España, Austria, Italia, Países Bajos y Hungría. Ahora, tras las elecciones del domingo y el bañador por las rodillas, Von der Leyen propone una gran coalición con socialistas y liberales para “combatir los extremos”. De perdidos al río, que el mar se puso feo. Es lo que hay que hacer, por supuesto, encontrar un espacio común desde el que restaurar la democracia. Pero a la vez da entre risa, pena, rabia y vergüenza. Y luego está la izquierda, llámemoslo izquierda, llamémoslo equis, que también tiene lo suyo.
Esta gente, que una vez pensé que era la mía, anda perdidísima. Desde hace años, en realidad. Por un lado, insiste en la amenaza de “que viene el lobo”. Por otro, sigue proclamando con orgullo que “no pasarán” mientras mira hacia atrás, cuando ya los tiene al lado o delante. Y de por medias, se perdió en discursos identitarios capaces de empañar las políticas que ha impulsado, porque lo ha hecho y con los grandes poderes en contra, para arreglar las cosas del comer.

Pero sé que insultar a la ciudadanía funciona regulero. Imponer etiquetas a la gente de a pie puede dejar en un lugar más feo a quien las coloca que a quien las sobrelleva

Ese fue un error mayúsculo. Otro, romperse en mil pedazos por, como dijo el predicador, “vanidad de vanidades”. Y uno más, haber caído en la peligrosa tentación de concluir que como el fascismo es despreciable, todo lo que nos horroriza ha de ser necesariamente fascismo y, por tanto, quien vota lo que se nos hace bola, facha. Facha y tonto. Hecho el dictamen, empieza la turra mañana, tarde y noche, con ese tufillo a superioridad moral que es nuestra condena.
No tengo claro si soy quién para determinar qué es y qué no fascismo, aunque disponga de teorías y argumentos. Pero sé que insultar a la ciudadanía funciona regulero. Aprendí con los primeros encontronazos de la vida que imponer etiquetas a la gente de a pie, que ni pincha ni corta, puede dejar en un lugar más feo a quien las coloca que a quien las sobrelleva. Al final, aquél que se siente ofendido se encierra en su verdad verdadera, defendiendo con uñas y dientes algo que, quizá, no sabe ni de qué va.
Los fachas existen, claro que sí. Y luego están las personas que lo parecen, pero puede que no lo sean y lo que sucede es que tienen miedo, se sienten vulnerables, necesitan seguridad. Tu padre, el frutero, el inmigrante de primera generación. Muchos hombres. Pero mujeres también. Y se dejan arrastrar por el golpe de la ola, borrachos de tanta agitación. De ésos tiene que haber bastantes.



Este sistema es la selva. Vamos de liana en liana, de crisis en crisis. Todas arrastran consecuencias materiales, pero también nos agujerean por dentro con secuelas emocionales difíciles de gestionar. Vivimos en una sociedad líquida marcada por la fragmentación comunitaria, la inestabilidad laboral, la sobredosis de información, la economía del exceso y los desechos, la falta de credibilidad, el fin del compromiso mutuo y las relaciones fugaces. Por eso hay más estrés y ansiedad, desesperanza y desmoralización, ira y frustración, incertidumbre y temor.
Y cuesta hacer toda esa digestión. Están quienes intentan superar tanto asqueo leyendo, en la consulta del psicólogo o al trote con mallas fosforescentes. Otras personas recurren al esperpento, que supone menos esfuerzo al hacer y pensar. El esperpento ultra. 
A estas alturas, quien más quien menos entiende por qué a la extrema derecha le está yendo de perlas. Ha sabido capitalizar ese mejunje, más la desconfianza en las instituciones, y sacarle rédito con un recetón infalible: prometer mano dura y supuestas soluciones rápidas, señalar chivos expiatorios, desplegar la cola del pavo real patrio, apropiarse del valor sólido de la familia, venderse como outsiders, rebeldes al margen de la ley, porque los gobiernos han fallado en su deber de proteger a la gente y ellos nunca lo harían, aunque chupen más que nadie de la ubre del sistema. Mensajes provocadores, directos, simplones, promesas de orden y seguridad, un nuevo mundo.



La habilidad de la ultraderecha para captar el descontento no tiene demasiado mérito.  Basta con carecer de escrúpulos para construir esa narrativa y poder seguir durmiendo por las noches. Ahora bien, eso no debería de impedir al resto de partidos, sobre todo a la izquierda, hacer autocrítica. Necesitamos, del lado democrático, representantes públicos capaces de responder a la coherencia y los estándares éticos que todavía reclama una parte importante de la sociedad: la que les vota y la que dejó de acudir a las urnas, que es más de la mitad de la población y su silencio chilla.
Afirman los que más saben de esto que el desafío ha de pasar por reevaluar estrategias, dejar atrás las peleas internas de patio de colegio, construir una narrativa que reconquiste todo aquello de lo que los reaccionarios se apropiaron, bajar del púlpito, pasar la escoba, despojarse de victimismos, olvidar eslóganes caducos, volver a conectar con el pueblo, escucharlo. Ahí es nada.
La extrema derecha es ese baúl lleno de recuerdos de una época que se percibe mejor de lo que realmente fue, porque da calor como aquella antigua postal de vacaciones. Ese viaje, ese lugar, ya no existe, quizá ni siquiera fue tan bonito como la memoria evoca, pero es lo de menos. Así que no, no resultará nada fácil hablar de bien común, practicarlo, rescatar del naufragio a los desafectos y volver a convencer a quienes se pasaron al lado oscuro por pura supervivencia. La exigencia es altísima. El deber, supremo. ¿Pero acaso queda otra?
No sé, quiero pensar que aún estamos a tiempo de pillar la tabla de surf, superar el oleaje y confiar en que el tiempo amaine.",6981,"El artículo analiza el ascenso de la extrema derecha en Europa, comparando su estrategia con las olas del mar, y critica la incapacidad de la izquierda y las fuerzas democráticas para ofrecer alternativas sólidas ante el descontento ciudadano, la fragmentación social y la polarización política. Propone una reflexión sobre el fracaso de los discursos identitarios y la necesidad de autocrítica y conexión real con la ciudadanía para recuperar el terreno perdido frente al populismo de derecha.",satírico y reflexivo con toques irónicos,"El texto cae en una generalización excesiva al tachar a gran parte de la izquierda de ‘perdida’ y ‘desorientada’ sin matices claros, lo que debilita su credibilidad. Además, la metáfora inicial sobre las olas del mar, aunque original, se repite de forma poco innovadora en el desarrollo. También existe un sesgo emocional en la crítica hacia la ciudadanía (ej.: ‘tonto’, ‘se dejan arrastrar’) que puede alienar al lector y restar fuerza al argumento central. Finalmente, la reflexión sobre el fascismo y las etiquetas simplistas podría haber sido más profunda o menos genérica, evitando caer en lugares comunes.",7.0,7.5,"['Uso efectivo de metáforas y comparaciones (olas, baúl de recuerdos) para ilustrar el fenómeno político, lo que aporta frescura al análisis.', 'Crítica contundente a la estrategia de la extrema derecha, desmontando su narrativa de ‘soluciones fáciles’ con ironía y precisión.', 'Reflexión valiente sobre el fracaso de la izquierda en conectar con la ciudadanía, aunque podría profundizarse más.', 'Ritmo ágil y estilo cercano que evita el tecnicismo, haciendo el texto accesible para un público general.']","['Evitar generalizaciones sobre la izquierda sin ejemplos concretos o matices que humanicen la crítica, para no sonar condescendiente.', 'Desarrollar más la propuesta de solución: aunque menciona autocrítica y conexión con el pueblo, el ‘qué hacer’ queda demasiado genérico.', 'Modular el tono acusatorio hacia la ciudadanía (ej.: frases como ‘la gente de a pie’ o ‘tonto’) para no alienar al lector en un tema polarizado.', 'Incluir algún dato o referencia concreta (aunque sea anónima) que respalde afirmaciones como el ‘silencio de la mitad de la población’, para dar peso al argumento.']",opinion_v4
Dame paz y dame guerra,2024-06-07T05:00:00+02:00,https://cronicavasca.elespanol.com/opinion/20240607/dame-paz-dame-guerra/860913956_0.html,"“Pide un deseo”, nos decían en la niñez. Y con esa inocencia entrenada entre canciones cursis y huchas del Domund, respondíamos con mucha convicción: “la paz en el mundo”. Ahora que ya peinamos canas y empezamos a contar batallitas, aquella ingenuidad voló para hacer hueco a facturas, reuniones interminables y café en vena. Pero de tanto en cuanto todavía soñamos con un mundo sin violencia. Nos viene la idea al coco y, aunque suena a quimera, tonteamos con cómo sería dejar a nuestras criaturillas un planeta mejor que el que estamos desgastando. Luego enchufamos el telediario, recibimos el enésimo mail del jefe o atendemos a un cliente malhumorado, y se nos pasa. Hasta la siguiente.","“Pide un deseo”, nos decían en la niñez. Y con esa inocencia entrenada entre canciones cursis y huchas del Domund, respondíamos con mucha convicción: “la paz en el mundo”. Ahora que ya peinamos canas y empezamos a contar batallitas, aquella ingenuidad voló para hacer hueco a facturas, reuniones interminables y café en vena. Pero de tanto en cuanto todavía soñamos con un mundo sin violencia. Nos viene la idea al coco y, aunque suena a quimera, tonteamos con cómo sería dejar a nuestras criaturillas un planeta mejor que el que estamos desgastando. Luego enchufamos el telediario, recibimos el enésimo mail del jefe o atendemos a un cliente malhumorado, y se nos pasa. Hasta la siguiente.
Lo que es querer, casi todas las personas queremos la paz en el mundo. Lo que sucede es que, desde el mordisquito a la manzana, la cosa ha andado tan revuelta que no suena muy realista plantearse siquiera la hipotética posibilidad de alcanzarla. En este momento, organizaciones terroristas y terroristas de Estado, tanto monta, monta tanto, están en su momento de gloria, poniéndose las botas con el beneplácito de muchos cómplices silenciosos. En Gaza, la gente cae como hojas durante el otoño. En el resto del planeta, hay activos más de treinta conflictos bélicos con catastróficas consecuencias, aunque de la mayoría sabemos entre poco y nada. Por qué será.
Para rematar, todas las semanas nos desayunamos nuevos casos de violencia machista y hacemos la digestión con encendidos debates xenófobos. Vivimos un momento de crisis, y con las crisis siempre ocurre lo mismo: las minorías sociales, los colectivos más vulnerables, pagan el pato.



Además, la práctica política se ha desintegrado en debates tabernarios donde gana quien suelta el dislate más epatante. Eso no ayuda a poner un poquito de concordia a la vida. Más bien, contagia. El ambiente se está volviendo pelín irrespirable porque todo ha de ser blanco o negro, buenos los míos, malos los tuyos, y los grises resultan del todo inadmisibles. Mucha polarización. Esto se percibe, especialmente, allí donde la cobardía se pone una máscara: las redes sociales.
En cuanto arranca una peleita de barra de bar 2.0, más gente de la deseable se lanza como polillas a la luz. En la infancia, querían ser pacificadores. De adultos, se han convertido en guerreros de teclado enfrascados en la eterna lucha por tener la última palabra… y la razón. Luego están quienes no buscan trifulca, pero les chifla entrar en Twitter para disfrutar del espectáculo descorriendo el visillo. Se acomodan, sacan palomitas y a alimentar la movida a golpe de visualizaciones, sin mancharse.
No nos engañemos: queremos la paz en el mundo, pero también nos tira un poquito la controversia, el salseo, la confrontación, el drama. De lo contrario no triunfarían como lo hacen ciertos programas de televisión. Nos llevamos las manos a la cabeza por los horrores que asolan la Tierra. Y a la vez, en nuestro día a día, a nuestra modestísima manera, podemos llegar a comportarnos como pequeños instigadores, o secuaces pasivos, de la falta de armonía. Escupimos a ese cielo de poderes económicos y políticos que tan bien se lo montan, porque obviamente son el problema y la solución, y hay que señalar sus desvergüenzas con firmeza, vehemencia si hace falta, por supuesto. Pero al final, parte de la flema nos cae encima.

demás, los humanos somos bastante manipulables. La historia nos lo ha demostrado. En las manos “apropiadas”, el adoctrinamiento funciona fenomenal. Se empieza por ser una sociedad espectadora y se acaban normalizando los actos de extrema violencia. Pasó con la Alemania nazi. Está sucediendo a cuenta de Israel.
Sería terrible pensar como Hobbes y concluir que el homo sapiens es malo por naturaleza. Ahora bien, la idea de Rousseau de que la sociedad, esa cosa que formamos todas y todos, corrompe a las personas tampoco resulta tranquilizadora. Para el caso, patatas. Sin embargo, hay gente muy lista, que sabe mucho sobre este asunto, y mantiene la esperanza. Una de ellas es Kristian Herbolzheimer, Director del Instituto Catalán Internacional para la Paz. Esta semana asistí a su charla dentro de las jornadas “En el foco”, en Vitoria: “¿La paz es una utopía?”. Aún ando emocionada.
Lo primero es entender que la paz no consiste, simplemente, en el fin de las guerras. Esa sería una visión tan simplista como pensar que, si no llueve, siempre hace sol. La paz es un ecosistema complejo que pasa por la ausencia de todas las violencias. Y las hay de tres tipos. Por un lado está la visible, la agresión, la que se cuantifica a través de asesinatos o violaciones, pero eso es la punta del iceberg. Por otro, la estructural: las injusticias sociales, la pobreza, el hambre, todas esas desigualdades provocadas por este sistema productivo inhumano, las raíces podridas que alimentan el árbol de la discordia. Y por último, la violencia cultural, la que justifica la existencia de la visible y estructural. El patriarcado y el racismo son dos buenos ejemplos.

El dinero destinado a políticas de paz es ridículo, ni un solo país del mundo le dedica más del 1% de sus presupuestos

Así visto, echar abajo esta pirámide perversa parece imposible. Habría que aparcar demasiados intereses, desintoxicarse de tanto capitalismo, lograr que el poder no corrompa. Esforzarse mucho y, también, echarle billetes. El dinero destinado a políticas de paz es ridículo. Contó Herbolzheimer en su conferencia que ni un solo país del mundo le dedica más del 1% de sus presupuestos.
Y, sin embargo, siguen existiendo personas que creen que las utopías existen para dejar de serlo. Nelson Mandela, por ejemplo, demostró que es posible aparcar el odio, abrazar al verdugo y conseguir avances inconcebibles con un impacto revolucionario. Entendía que la paz pasa por crear un entorno justo, digno y humano para todas las personas con independencia de su procedencia, raza, clase o credo. Y no se rindió.
Por eso me hace gracia leer al Presidente, en la segunda carta de San Pedro a los españoles, presumiendo de la contribución del Gobierno a la paz en el mundo a través de su posición con el genocidio de Palestina o lo que pasa en Ucrania. Sí, se mojado bastante más que otros gobiernos de Occidente en estos asuntos, pero a mí me daría vergüenza hinchar tanto el pecho. Más que acciones valientes y solidarias, lo suyo huele a gesto de propaganda. Por otro lado, tampoco es que los partidos de la derecha y más allá se lo pongan fácil.



Me encantaría que nuestros representantes fueran capaces de darle un descanso a la confrontación. La verdadera paz empieza cuando decidimos bajar la guardia y escuchar, en lugar de atacar. Pero qué poco hemos visto de eso en estas semanas previas a las elecciones europeas. Estos momentos, que deberían de ser de máximo ejercicio democrático, se han convertido en carnavales de odio y división. Por desgracia, la incapacidad de llegar a acuerdos no solo frena el progreso. También abre la puerta a políticas retrógadas. A que ganen los más malos.
Ojalá aparcar la polarización y ese empeño, en ocasiones insano, de defender nuestra verdad verdadera con la venda en los ojos y el cuchillo en la mano. Estoy de acuerdo con Herbolzheimer cuando dijo que este mundo necesita más ""cobardes"" y ""traidores""; es decir, personas que dudan y están dispuestas a plantearse otra manera de pensar y hacer las cosas. Ellas son los verdaderas arquitectas del cambio, las que se atreven a cuestionar sus propias creencias y prejuicios, y ponerse a trabajar, enfrentándose a la incomprensión y el rechazo.
Puede que la paz sea un sueño, el más inalcanzable de los deseos, pero también una construcción constante y colectiva. Quizá hay que hablar menos de ella y practicarla más.
No sé, supongo que este artículo me ha quedado un poco entre discurso de Miss Universo y sermón dominical. Me voy un ratito a escuchar a Jiménez Losantos, o a Ferreras.",7896,"El artículo reflexiona sobre la paradoja entre el deseo universal de paz y su aparente imposibilidad en un mundo marcado por la violencia estructural, la polarización política y la manipulación social, cuestionando el papel de los líderes y la responsabilidad individual en la construcción de un entorno más armonioso. Usa ejemplos históricos y citas como herramientas para argumentar que la paz no es solo ausencia de guerra, sino un sistema complejo que exige justicia social y cultural. Critica el discurso político actual y propone una paz activa, basada en la escucha y el cuestionamiento de prejuicios, inspirada en figuras como Mandela y expertos como Kristian Herbolzheimer.",provocador-reflexivo,"El texto cae en una **reiteración excesiva** de ideas (ejemplo: la frase *'el ambiente se está volviendo pelín irrespirable'* se repite casi idéntica en dos párrafos consecutivos), lo que debilita el ritmo y genera monotonía. Además, **faltan ejemplos concretos** que den peso a las afirmaciones más abstractas (como la crítica al gasto en paz o a la manipulación mediática), reemplazados por generalizaciones que no convence. La ironía y el humor podrían ser más precisos: frases como *'Me voy un ratito a escuchar a Jiménez Losantos, o a Ferreras'* son **demasiado predecibles y poco originales**, perdiendo fuerza retórica. Por último, el cierre —*'No sé, supongo que este artículo me ha quedado un poco entre discurso de Miss Universo y sermón dominical'*— **desacredita el propio texto** al restarle seriedad con una autocrítica superficial que no aporta profundidad.",6.0,6.5,"['Desarrollo **coherente** de la tesis central: la paz como concepto multidimensional (violencia visible, estructural y cultural), enriquecido con aportaciones de Kristian Herbolzheimer y referencias históricas como Mandela o el nazismo, que dan cuerpo al análisis.', 'Crítica **fresca y necesaria** a la hipocresía política y a la polarización, especialmente en el contexto previo a elecciones europeas, donde denuncia la instrumentalización del discurso por parte de líderes y medios.', ""Uso **efectivo de recursos retóricos** como la antítesis (*'queremos paz pero nos gusta la controversia'*) o la metáfora (*'pirámide perversa'*), que refuerzan la argumentación sin caer en lo forzado."", 'Tono **comprometido y cercano**, que conecta con el lector mediante anécdotas personales (ejemplo: la infancia vs. la adultez) y autocrítica, generando empatía sin perder rigor.']","['Evitar **repeticiones textuales** o semánticas (ejemplo: las dos menciones casi idénticas sobre el ambiente irrespirable) para mejorar el ritmo y la originalidad del texto.', 'Incluir **ejemplos concretos y verificables** que respalden afirmaciones clave, como el gasto en paz o casos específicos de manipulación mediática, para evitar que el discurso suene a lugar común.', ""Profundizar en **propuestas prácticas** más allá de la crítica: el artículo diagnostica problemas, pero no ofrece soluciones tangibles más allá de invocar a 'cobardes y traidores' como agentes de cambio, lo que debilita su impacto transformador."", 'Refinar la **ironía y el humor**: frases como la del cierre o las referencias a figuras polarizantes (Jiménez Losantos) pueden **minar la credibilidad** si no están bien dosificadas; optar por ejemplos menos predecibles o más sorpresivos elevaría el nivel retórico.']",opinion_v4
Plazas y caras de cemento armado,2024-05-31T05:00:00+02:00,https://cronicavasca.elespanol.com/opinion/20240531/plazas-caras-de-cemento-armado/859164130_0.html,"Las tres claves de un espacio público son vegetación, agua y sombra. Bueno, eran. De un tiempo a esta parte, con cada reforma urbanística, nuestras ágoras más céntricas se han desintegrado en extensiones interminables de granito y hormigón, desiertos grisáceos que invitan más bien poco a hacer un alto en el camino, sentarse, desconectar del mundo, ver la vida pasar. Lo llaman arquitectura dura. Yo, tener la cara de cemento armado.","Las tres claves de un espacio público son vegetación, agua y sombra. Bueno, eran. De un tiempo a esta parte, con cada reforma urbanística, nuestras ágoras más céntricas se han desintegrado en extensiones interminables de granito y hormigón, desiertos grisáceos que invitan más bien poco a hacer un alto en el camino, sentarse, desconectar del mundo, ver la vida pasar. Lo llaman arquitectura dura. Yo, tener la cara de cemento armado.
Me niego a pensar que la tendencia a acabar con entornos humanos y amables en el corazón de nuestras ciudades tiene que ver con la austeridad presupuestaria argumentada por ciertos fulanos. Tampoco creo que responda a una moda de mal gusto: eso es el calcetín hasta la rodilla con sandalias. Según mi teoría, la arquitectura dura no deja de ser el reflejo cómplice de un sistema sustentado en la producción y el consumo.
Vivimos en una era donde el tiempo libre, el poco que podemos arrancar a esta cotidianeidad agotadora, se compra y vende. Por eso, quienes manejan hilos y crean marionetas adaptan los centros urbanos a la exigencia del mercado. Un espacio que dejara margen a la contemplación, el descanso y la conversación desinteresada sería “inútil”. Hormigonera y se acabó el problema.

El consumo se convierte en el precio de la compañía. Punto para el capitalismo

La travesía por el erial de las plazas duras invita a acelerar el paso hacia donde sea que vayamos a seguir haciendo algo. Si hay un ratito de asueto, entonces nos empuja a las terrazas hosteleras, oasis replegados en las costuras de esos sitios, allí donde el sistema se despatarra entre cañas con sabor a libertad. La socialización, como la arquitectura, se ha acomodado a la causa. Rara vez pensamos en salir a pasear por un parque con una amiga o echar la tarde en un banco contándonos la vida, como en la adolescencia. Cuando proponemos un encuentro a nuestra gente normalmente es para tomar algo. Quedamos en un bar y a beber, comer y que tiemble la cartera. El consumo se convierte en el precio de la compañía. Punto para el capitalismo. 
Se habla mucho de las barrabasadas de Madrid pero en Euskadi, tierra de estómagos generosos donde la vida comunitaria en torno al espacio público era un valor fundamental, también estamos sufriendo el peaje. Hasta Vitoria, tan verde ella, tan reconocida por su estrategia sostenible, ha tropezado en la trampa. Una treintena de calles y plazas anda faltísima de arbolado y sombra, la mayoría de ellas tras su paso reciente por quirófano. En los extremos, eso sí, algún que otro bar. Sorpresa.
Además, las plazas duras brindan a los ayuntamientos la oportunidad de celebrar encuentros masivos: mercados medievales, ferias en honor a Baco, carpas kilométricas llenas de merchandising a propósito del último triathlon... Parques temáticos que reúnen a un montón de gente, sí, y esa es la virtud que destacan nuestras administraciones, pero semejante potencial funciona a costa de seguir abriendo el billetero.



El siglo XXI ha realumbrado un sistema frío, implacable, depredador, donde cada minuto, cada metro cuadrado, ha de ser rentable. Por eso las reformas de los centros urbanos procuran reducir la posibilidad de refugiarnos en la umbría, poner el cerebro en “modo avión”, quedarnos empanados y regalarnos la oportunidad de no hacer nada, porque entonces nos daríamos cuenta de todo. Interesa más arrinconarnos a los laterales del cuadrilátero, bajo un toldo y sillas de plástico, a pagar por el derecho a vivir, a sentir, a estar juntos. Otra ronda de anestesia, camarero.
Al final, por agotamiento, por no pensar, porque es más cómodo dejarse arrastrar por la corriente, como ciudadanía vendemos al mercado lo que nos es propio: el espacio público y la manera de relacionarnos en él. Es una tragedia y, sin embargo, apenas se toca cuando sale a la palestra el debate de la arquitectura dura. Las críticas no suelen explorar porqués y consecuencias sociales. Se centran, fundamentalmente, en la desoladora ineficacia de este reurbanismo para hacer frente al cambio climático. Y a ver, hablar de esto está muy bien, porque necesitamos respirar, somos 75% agua, cuando se acerca el verano esas plazas son una olla exprés y nos evaporamos. Pero, por favor, prestemos atención al otro foco.
Por suerte hay gente estupenda, gente que maneja planos y dibuja escalas, con una mirada rebosante de bien común. Hace poco conocí a Mauro Gilfournier, fundador de Arquitecturas Afectivas, quien pretende justo eso: volver a tener en cuenta los afectos a la hora de diseñar o rediseñar espacios. También en los últimos tiempos he tenido la oportunidad de charlar con Carlos Moreno, artífice del modelo urbano que tanto debate está generando, las ciudades de quince minutos. Según su esquema, todos los servicios y necesidades que se requieren para una cotidianeidad plena han de estar a una distancia máxima de un cuarto de hora a pie o en bici: tiendas, centro de salud, polideportivo, acceso al puesto de trabajo… Y eso incluye zonas de puro esparcimiento, porque el esparcimiento gratuito lleva a la contemplación, y la contemplación a la creatividad, la reflexión, la crítica. Ojalá una alianza ciudadana con estas personas para cambiar las cosas.

.

Está claro que la vida va y viene y que no se detiene, y qué se yo, pero quizá debiéramos empezar a plantar cara al sistema antes de que nos devore. Y una de las vías pasa por el urbanismo. Necesitamos exigir, proteger y promover los espacios públicos como lugares de encuentro y de convivencia, defendiendo su valor intrínseco. Reivindicar el derecho a disponer de centros donde podamos ser ciudadanos y no aves de rapiña, a estar sin condiciones, para dejar de rendir culto al dios del consumo. Entender que, en una sociedad donde el ruido del mercado lo inunda todo, cuidar nuestras plazas, volver a hacerlas nuestras, ajustarlas a los placeres más modestos de la vida es una forma de resistencia, un gesto de rebeldía que afirma nuestra humanidad.
No sé, supongo que estoy muy cansada. Harta, incluso. Me voy un ratito a terracear.",6039,"El artículo critica la transformación de las plazas públicas en espacios asépticos y comercializados, vinculando esta tendencia con el capitalismo y la pérdida de espacios de convivencia no mercantilizados. Propone alternativas urbanísticas basadas en el bien común y la resistencia ciudadana, destacando iniciativas como las 'ciudades de 15 minutos' o el proyecto *Arquitecturas Afectivas*. La reflexión cierra con un llamado a recuperar la humanidad en el espacio público como acto de rebeldía.",provocador-satírico,"{'fallos_estructurales': [""La introducción, aunque efectiva, cae en un cliché repetido ('las tres claves del espacio público') sin aportar originalidad en su planteamiento inicial. Esto resta impacto a la tesis central, que sí es sólida."", 'El salto abrupto entre la crítica al capitalismo y la mención de casos concretos (como Vitoria) sin un desarrollo intermedio claro genera desequilibrio en la progresión lógica. El lector debe inferir conexiones que no están explicitadas.', ""La sección sobre 'ciudades de 15 minutos' y *Arquitecturas Afectivas* actúa como *deus ex machina*: se introduce como solución sin antes explorar las contradicciones sistémicas que la justificarían. Parece un *wishful thinking* más que un análisis crítico."", ""El cierre repite casi literalmente la tesis inicial ('reivindicar espacios de convivencia'), lo que debilita el cierre y lo convierte en un *repetendum* previsible. La llamada a la acción es válida, pero carece de urgencia o ejemplos tangibles de cómo lograrlo.""], 'problemas_de_tono': [""El uso de recursos irónicos ('Otra ronda de anestesia, camarero.') es constante y, aunque efectivo, puede resultar agotador en un texto de más de 1,000 palabras. La sátira pierde fuerza por acumulación."", ""Frases como *'Punto para el capitalismo'* o *'aves de rapiña'* caen en un lenguaje demasiado coloquial para una columna de opinión, que busca persuadir más que entretener. La provocación se diluye en simplismo.""], 'errores_de_coherencia': [""La mención a 'Euskadi' y Vitoria como ejemplos de la misma tendencia (*'tierra de estómagos generosos'*) es un guión forzado que no aporta profundidad. El contraste entre lo que fue y lo que es carece de datos concretos (ej.: antes/después en metros cuadrados de sombra)."", 'El salto de la crítica al reurbanismo a la defensa de alternativas urbanísticas ocurre sin un puente argumental sólido. Se asume que el lector entenderá la conexión, pero no se construye.']}",7.0,7.0,"[""Tesis clara y bien desarrollada: la crítica a la **comercialización del espacio público** como síntoma de un sistema capitalista que prioriza el consumo sobre la convivencia es original y bien articulada. El eje central —'el espacio público como acto de resistencia'— es contundente y se repite con efectividad."", ""Recursos retóricos potentes: el uso de **metáforas visuales** ('desiertos grisáceos', 'olla exprés', 'toldos y sillas de plástico') y **hiperboles** ('anestesia', 'dios del consumo') refuerzan la crítica sin caer en lo caricaturesco, gracias a una prosa ágil y evocadora."", ""Contraste efectivo: la oposición entre **'arquitectura dura'** y **espacios humanos** (vegetación, agua, sombra) funciona como núcleo visual del artículo. Esta dicotomía se repite de manera coherente a lo largo del texto, anclando la argumentación."", 'Inclusión de voces alternativas: la mención a **Mauro Gilfournier (Arquitecturas Afectivas)** y **Carlos Moreno (ciudades de 15 minutos)** aporta un matiz esperanzador y técnico, evitando que la crítica se quede en lo puramente ideológico. Esto le da al texto un equilibrio entre denuncia y propuesta.']","[""Evitar la **reiteración de ideas**: Frases como *'el consumo se convierte en el precio de la compañía'* aparecen en párrafos distintos sin variar el enfoque. Un desarrollo más orgánico de este concepto (ej.: ejemplos concretos de cómo el espacio público se ha mercantilizado) enriquecería la argumentación."", ""Profundizar en **contradicciones internas**: El artículo menciona que *'las críticas al reurbanismo suelen centrarse en el cambio climático'* pero no explora por qué esto ocurre. ¿Es por desinterés ciudadano? ¿Por falta de herramientas críticas? ¿Por la industria que promueve estos espacios? Un análisis de este 'otro foco' sería clave para entender el problema."", ""Reducir la **ironía forzada**: En pasajes como *'Me niego a pensar que la austeridad presupuestaria...'*, la negación retórica (*'nunca es...'*) resta fuerza a la crítica, que ya es contundente por sí misma. La ironía debe servir para **enfatizar**, no para **diluir** la seriedad del análisis."", ""Incluir **datos o ejemplos cuantificables**: Afirmaciones como *'una treintena de calles en Vitoria faltan de arbolado'* podrían respaldarse con datos específicos (ej.: *'el 40% de las plazas reformadas en los últimos 5 años han perdido más del 60% de su vegetación'*). Esto daría solidez a las críticas y evitaría que parezcan generalizaciones."", ""Cierre más impactante: El final repite la tesis inicial sin sorprender. Una **imagen potente** (ej.: una comparación con movimientos históricos como los *parques públicos del siglo XIX* o una cita de un arquitecto que haya resistido este modelo) podría elevar el tono y dejar una huella más duradera que el actual *'Me voy un ratito a terracear'*, que parece un guiño cansado al lector.""]",opinion_v4
Lecciones de pueblo a paletos de ciudad,2024-05-24T05:00:00+02:00,https://cronicavasca.elespanol.com/opinion/20240524/lecciones-de-pueblo-paletos-ciudad/857414350_0.html,"Vivimos rodeados de paletos. Paletos de ciudad. Gente que sienta cátedra de lo que sea porque arrancó una licenciatura entre botellones y resacas, o que presume de despacho diseño Bauhaus tras pelarse los dedos con la llave Allen. Son las mismas personas que un día se declaran veganas por amor a los animales y al siguiente piden frappé-latte. También forma parte de esta especie en peligro de sobrepoblación la peña que celebra cada nueva venta de un seguro como si hubiera tumbado al ejército persa de las Termópilas, aprieta insistentemente la bocina a ver si así disuelve el atasco, utiliza el término ""provinciano"" o hace muchísimo el ridículo cuando va al pueblo.","Vivimos rodeados de paletos. Paletos de ciudad. Gente que sienta cátedra de lo que sea porque arrancó una licenciatura entre botellones y resacas, o que presume de despacho diseño Bauhaus tras pelarse los dedos con la llave Allen. Son las mismas personas que un día se declaran veganas por amor a los animales y al siguiente piden frappé-latte. También forma parte de esta especie en peligro de sobrepoblación la peña que celebra cada nueva venta de un seguro como si hubiera tumbado al ejército persa de las Termópilas, aprieta insistentemente la bocina a ver si así disuelve el atasco, utiliza el término ""provinciano"" o hace muchísimo el ridículo cuando va al pueblo.
Bueno, lo de quedar en evidencia al salir de la ciudad, en realidad nos pasa a casi todas las personas que vivimos entre asfalto. . Pillamos una casita con spa, bombones y botella de vino del paquete Wonderbox, nos ponemos romanticones y la cosa arranca bien, pero luego llega el despertador del gallo, pisamos una boñiga, perdemos la señal del móvil, descubrimos que no hay bar en diez kilómetros a la redonda y, ay, qué incomodidad. Resulta que aquello no era un parque temático.
Además, nos hemos acostumbrado a mirar lo que nos rodea con cierta arrogancia. Ya sabéis, esa chulería típica de quien es capaz de lanzar citas de Kant cual confeti desde su atalaya de ladrillos y setenta metros cuadrados, pero no tiene ni pajolera idea de cuándo se planta la acelga. Un desdén que se alimenta con glotonería de prejuicios y estereotipos. La ciudad es una burbuja de falsa superioridad intelectual. Estalla en cuanto nos acercamos al campo. 

De un tiempo a esta parte nos hemos distanciado tanto del mundo rural que, cuando volvemos a él, resulta imposible disimular las costuras

Este pasado fin de semana viajé por trabajo a la Merindad de Río Ubierna, donde las morcillas de Sotopalacios. Varias organizaciones estamos acompañando a este municipio burgalés en una estrategia de cuidados de las personas, de la vida, el patrimonio y entorno natural a lo largo de sus viejas estaciones ferroviarias. Yo soy de las pocas, dentro del equipo, que vive en ciudad. La iniciativa es preciosa, valiente y compleja. Han decidido aplicar metodologías de innovación social y ya están con procesos participativos. Al contemplar su empeño, todos los estúpidos clichés que pudiéramos tener del mundo rural se van al traste.
En los pliegues de nuestros territorios encontramos iniciativas tan osadas, transformadoras y rebosantes de impacto positivo como las que pueden estar cociendo los hubs urbanos. Aquí mismo tenemos el ejemplo de Kuartango Lab. Desde finales del siglo XIX hasta 1950 fue un balneario de postín. Ahora, tras una estrategia que algún día debiera leerse en los libros de la historia vasca, sus 5.000 metros cuadrados de superficie se están llenando de innovación, experimentación y emprendimiento. Así como quien no quiere la cosa, aunque en realidad ha costado sudores y mucha creatividad, Euskadi se ha puesto en el mapa europeo de la ruralidad desde un valle pequeñísimo en riesgo demográfico. Apenas 400 vecinas y vecinos con mucho que decir, que enseñar.
. Además, y esto es lo mejor de todo, los pueblos continúan cultivando la sabiduría popular. Me refiero a ese conocimiento que traspasa teorías académicas y charlas BBVA, a una ciencia que lucha por pervivir a través de generaciones de experiencia y observación, de la que los urbanitas sabemos entre poco y nada. Habría que honrarla, como mínimo, con la fruición de la madre del paleto de ciudad cuando reserva un espacio de honor en el salón de casa para la foto de la orla universitaria de su hijo.

El rural se ha subido al tractor de la vanguardia para resistir, evolucionar y, de paso, salvar al mundo: es la ubre que nos alimenta

En la Merindad de Río Ubierna descubrí que las vacas están cagando líquido porque el pasto anda más húmedo que de costumbre y que, aun así, el suelo está a tope de nutrientes porque hay puñados de escarabajos en las bostas, detalle que me animaron a descubrir removiendo una con las manos. Al revés que Santo Tomás, decidí creer sin ver.
Hay una corriente urbanita que se afana en criticar las reticencias de la gente de los pueblos a todo lo que venga de fuera, acoger nuevos moradores y, sobre todo, a esos especialistas bienintencionados que desde sus despachos idean soluciones llenas de anglicismos al reto demográfico. En ocasiones se produce una colisión de trenes, es así. Pero más veces de las deseables el conflicto no está en lo prieta que aquéllos pudieron enroscarse la boina, sino en la actitud que traemos de la ciudad. Cuánta gente aterriza cual paracaidista y al tiempo se arrepiente de la mudanza. Cuánto experto se pasea por la aldea como aquellos viejos mercachifles que vendían crecepelos mágicos.
Necesitamos reencontrarnos con el mundo rural sin imposiciones, etiquetas ni idealizaciones. Descubrir su osadía para reimaginar el futuro maternando el pasado. Escucharlo de tú a tú. Abrir los ojos, cerrar un rato la boca y darnos cuenta de lo mucho que lo necesitamos, porque el apocalipsis no es es lo que cuenta la Biblia, sino el fin del campo. La mal llamada España vacía está llena de desafíos y, a la vez, de las cosas más esenciales: luz, agua, aire puro, verde, raíces, alimento, tradición, silencio, tiempo. Justo todo lo que los paletos de ciudad no echan en falta porque se acostumbraron a vivir sin lo verdaderamente importante. 
No sé, supongo que va siendo hora de guardar la superioridad intelectual urbanita en un cajón y tirar la llave al río.",5557,"El artículo critica la arrogancia de los habitantes urbanos ('paletos de ciudad') que desprecian lo rural por desconocimiento, destacando iniciativas innovadoras en pueblos como la Merindad de Río Ubierna o Kuartango Lab. Propone un diálogo respetuoso, sin prejuicios, para redescubrir el valor del mundo rural como motor de resiliencia y sabiduría popular frente al colapso ecológico y social.",satírico-provocador,"El texto cae en una contradicción al inicio: aunque denuncia la superioridad urbana, luego usa términos como *'paletos de ciudad'* con un tono peyorativo que repite estereotipos (ej. 'licenciatura entre botellones', 'frapé-latte'). La sátira pierde fuerza al ser predecible y poco original. Además, la crítica al 'desdén urbanita' se diluye en generalidades sin ejemplos concretos que refuercen su tesis, y el final —aunque llamativo— suena a lugar común ('guardar la superioridad intelectual en un cajón') sin cerrar con una propuesta clara o contundente. La ironía a veces parece forzada (ej. 'Santo Tomás, decidí creer sin ver' por analizar excrementos de vaca) y la estructura salta entre lo anecdótico (vacas cagando líquido) y lo conceptual sin cohesionar bien el discurso.",7.0,8.0,"[""Uso efectivo de la sátira para desmontar prejuicios urbanos, con ejemplos como los *'seguro-heroes'* o el *'provinciano'* como recursos retóricos afilados."", ""Inclusión de casos reales (Merindad de Río Ubierna, Kuartango Lab) que humanizan la tesis y demuestran que lo rural no es 'atrasado', sino innovador."", ""Lenguaje vivo y descriptivo que evita la abstracción, especialmente en las escenas de contraste entre ciudad y pueblo (ej. 'pisar una boñiga', 'señal del móvil')."", 'Tesis clara y bien comunicada: la crítica a la arrogancia urbana y la defensa del diálogo respetuoso con lo rural está presente desde el título.']","[""Evitar el tono peyorativo hacia los 'paletos de ciudad' (que repite clichés) y optar por una crítica más constructiva, centrada en actitudes concretas (ej.: 'falta de humildad', no 'ignorancia')."", 'Profundizar en las contradicciones urbanas: el artículo menciona la burbuja de superioridad intelectual, pero no desarrolla ejemplos que la ilustren más allá de anécdotas (ej.: ¿qué hacen esos mismos urbanitas cuando enfrentan problemas reales como la vivienda o el transporte?).', ""Cerrar con una propuesta concreta más que con una metáfora genérica ('tirar la llave al río'). Por ejemplo: 'Propuestas como las de Río Ubierna deberían ser el modelo para repoblar ciudades con ideas, no con gente que solo sabe apagar luces'."", 'Reducir la repetición de ideas: el párrafo sobre la distancia entre ciudad y pueblo se repite casi idéntico en dos momentos del texto (pág. 2 y 3).']",opinion_v4
Amores sólidos en tiempos líquidos,2024-05-10T05:00:00+02:00,https://cronicavasca.elespanol.com/opinion/20240510/amores-solidos-en-tiempos-liquidos/853914714_0.html,"Mayo es un mes emotivo. Hasta tontorrón. El primer domingo arranca entre nubes de flores en homenaje a las madres y llegamos al ecuador con el Día de las Familias. Mientras no quede huérfana o literalmente sola, lo viviré cual Dorothy en Mago de Oz. Momento de reconocerme afortunada, golpear tres veces los zapatos color carmín y afirmar que ""no hay nada como el hogar"". Por hogar me refiero a mi gente, personas a las que quiero y tienen a bien mandarme un whatsapp para saber qué tal fue el día, no el pisito que me casó con el banco.","Mayo es un mes emotivo. Hasta tontorrón. El primer domingo arranca entre nubes de flores en homenaje a las madres y llegamos al ecuador con el Día de las Familias. Mientras no quede huérfana o literalmente sola, lo viviré cual Dorothy en Mago de Oz. Momento de reconocerme afortunada, golpear tres veces los zapatos color carmín y afirmar que ""no hay nada como el hogar"". Por hogar me refiero a mi gente, personas a las que quiero y tienen a bien mandarme un whatsapp para saber qué tal fue el día, no el pisito que me casó con el banco.
Este sentimiento de pertenencia es especialmente confortable ahora que nos desbarrancamos hacia una sociedad líquida. El término, sociedad líquida, lo patentó Zygmunt Bauman y nadie ha osado llevarle la contraria. Nuestras relaciones se están volviendo cada vez más efímeras. , sin tiempo de reconstrucción. La identidad humana ha estallado en un puzzle de mil piezas, porque convenía imponer la idea de que ser, sentirse, especial funciona. Pero no. Solo hay que observar el experimento sociológico llamado First Dates con su desfile de personitas llenas de etiquetas que se autodefinen como esto o lo otro mientras echan pestes de los lazos íntimos. Mucha soledad, bastante miedo y más individualismo. Si gana el ""divide y vencerás"", perderemos los de siempre.
Fluidez y adaptabilidad quieren ser las nuevas reglas de un juego lleno de incertidumbre. Como nos sentimos cada vez más perdidos, desorientados, sin brújula en mitad de la tormenta, quienes manejan los hilos nos animan a repetir ""be water, my friend"" con mucha convicción y hacer mindfulness. Aviso. A la larga eso tampoco ayuda a recuperar el norte.

Nuestras relaciones se están volviendo cada vez más efímeras. Las estructuras sociales pierden estabilidad y amenazan con desintegrarse

Por suerte, tanto postmodernismo nos está haciendo recordar la importancia de un pilar al que aferrarnos cuando el suelo se tambalea: la familia. Da la sensación de que en los últimos tiempos está volviendo a ponerse de moda. La familia como el faro en la comisura del acantilado, el refugio que proporciona seguridad, el árbol que hunde las raíces en la tierra, el arco de un puente que une dos orillas, el horno que forja el acero, lo que no falla cuando todo se desmorona. La de gente de mi generación que andaría al borde del colapso si no fuera por ella.
Ahora bien, ¿qué es la familia? Habrá a quienes la pregunta les parezca absurda, pero el debate actual se centra precisamente en eso, en su significado o redefinición. Cuidado con lo que se dice y cómo. Lo mismo pueden tildarle a una, a uno, de facha que de rojiparda, marxista o deconstruccionista. Andamos pelín quisquillosos en esta sociedad cada vez más polarizada.
Hay partidos, o corrientes ideológicas, que han decidido aprovechar el desamparo general para sacar del trastero ese modelo rancio que llegamos a convertir en la excepción a la regla. No les va mal con la intentona. Tiktok se está llenando de chavalitos defensores del esquema Varón Dandy, puticlub y esposas devotas, solo que actualizado con burpees y reggaeton. Estos jovenzuelos tienen más pelos en el sobaco que neuronas (apunte: se lo depilan), pero acumulan seguidores de forma alarmante.

Tanto postmodernismo nos está haciendo recordar la importancia de un pilar al que aferrarnos cuando el suelo se tambalea: la familia

En Euskadi, tierra con gobiernos que juran ante un árbol sagrado, todavía se mantiene en pie un concepto bastante tradicional de familia. Más sanote, eso sí, que el que la ultraderecha ansía rescatar. Madres trabajadoras, quedadas en clan, misa de tanto en cuanto, sociedades gastronómicas exclusivas para señores y algún que otro alarde feminista. Además, nos encanta sacar pecho del mito del matriarcado vasco. Digo mito porque aquellas baserritarras que supuestamente manejaban el cotarro no podían ni heredar el caserío, pero la idea prendió en el imaginario colectivo. Eso, al parecer, es lo que cuenta.
La defensa de los valores de toda la vida empieza a tomar impulso como reacción a esta era convulsa. Pero también se están abriendo paso nuevos patrones. La familia sigue siendo punto de apoyo crucial con el que hacer frente a la sociedad líquida, espacio de aprendizaje continuo, correa de transmisión de principios para las generaciones venideras. Así que está la opción de aferrarse al pasado o amoldar esta institución a las circunstancias para no perderla.
Familia es ahora la madre que cría sola a sus hijos, una pareja del mismo sexo con perro, las amigas que lloran juntas una ruptura sentimental o se cuidan cuando una cae enferma. Esas estructuras brindan apoyo, fomentan el crecimiento personal, cultivan vínculos afectivos. Y la sangre no tiene por qué formar parte necesaria de la ecuación.

En Euskadi, tierra con gobiernos que juran ante un árbol sagrado, todavía se mantiene en pie un concepto bastante tradicional de familia

Bueno, claro, cierto sector de la población anda resentido con tanta diversidad. A su juicio, algunos de esos esquemas solo deberían de considerarse asociacionismo. Si todo es familia, al final nada lo es. Pero yo me pregunto: ¿acaso no resulta pelín absurdo considerar eso, familia, lazos de parentesco donde apenas queda un poquito de cariño? ¿Por qué ese primo con el que solo coincidimos en la comida de Navidad merece el título y no la colega inquebrantable, archivista de nuestros deslices, confesora de los momentos tristes, testigo de nuestros más épicos fracasos y sonadas victorias?
Hay personas que han perdido muchas horas de sueño debatiéndose entre el deber de mantenerse fieles a su padre, su madre, sus hermanos, aunque esa relación solo les provoque dolor, o la necesidad de romper con lo políticamente correcto y lanzarse a una vida llena de ternura en la que la manada se transforma. Todas, todos, deseamos que las ramas de nuestro árbol genealógico crezcan fuertes. Pero no siempre se puede. Quizá hay que preocuparse menos por satisfacer un ideal preestablecido y tratar de construir relaciones auténticas, significativas, de las que nutren el corazón y ponen las pilas. Sean como sean con quien sea.
Nos enfrentamos a amenazas muy feas. Por un lado, fragmentación identitaria, individualismo extremo, consumismo desenfrenado, inestabilidad laboral, fragilidad de las relaciones sociales. En la otra orilla, una ola retrógrada que quiere responsabilizar a las mujeres de todos los males actuales por incorporarse al mercado laboral, devolverlas a la cocina y el mocho, enterrarlas en la subordinación. Por eso, ¿ha de preocuparnos la forma que adopte nuestra familia, biológica o elegida, o lo suyo es entregarnos a la dulzura, el afecto, la lealtad, el respeto, la complicidad, la igualdad con quienes tenemos a (y de) nuestro lado?
No sé, supongo que de lo que hablo es del poder sólido del amor.",6822,"El artículo reflexiona sobre la crisis de las relaciones humanas en la 'sociedad líquida' de Bauman, destacando la familia como refugio emocional, pero cuestionando su definición tradicional. Critica tanto el retrógrado intento de imponer modelos rígidos como la polarización ideológica que rodea el tema, defendiendo relaciones auténticas más allá de la sangre o el parentesco formal. Propone priorizar el afecto y la conexión genuina sobre dogmas o estructuras obsoletas, en un contexto de individualismo y fragmentación social.",provocador,"El texto adolece de un **desarrollo desigual** entre sus partes: mientras la crítica a la sociedad líquida y el postmodernismo es sólida, la sección sobre Euskadi y el matriarcado vasco parece un **detour innecesario** que rompe el ritmo, con un tono más anecdótico que esencial para la tesis. Además, la **ironía se vuelve repetitiva** (ej.: 'puticlub y burpees', 'pelos en el sobaco que neuronas'), lo que resta frescura a recursos que podrían ser más agudos. Finalmente, el cierre es **demasiado genérico** ('el poder sólido del amor'), cuando el artículo merecía un giro más contundente o concreto para cerrar con fuerza.",7.0,8.0,"['Tesis clara y bien planteada: la familia como refugio en la sociedad líquida, pero con una mirada crítica hacia su redefinición y los intentos de imponer modelos rígidos.', 'Uso efectivo de **metáforas y ejemplos concretos** (ej.: *First Dates*, *be water, my friend*, el mito del matriarcado vasco) para ilustrar ideas abstractas.', 'Crítica **aguda y actual** a la polarización ideológica y al individualismo, con un tono que evita caer en lo panfletario gracias a la ironía sutil.', 'Equilibrio entre **reflexión sociológica** (Bauman) y **anécdota personal**, lo que humaniza el debate sin debilitarlo.']","['Evitar **digresiones** como la del matriarcado vasco, que, aunque entretenida, no aporta profundidad al núcleo del artículo y ralentiza el ritmo.', ""Profundizar más en **contradicciones concretas**: por ejemplo, ¿cómo se articula la defensa del amor auténtico con casos reales de familias disfuncionales o relaciones tóxicas? El texto asume que 'el cariño lo es todo', pero no explora sus límites."", ""Refinar el **cierre**: el final sobre 'el poder sólido del amor' es bonito pero **demasiado vago**. Podría cerrar con una imagen potente (ej.: una metáfora visual de la familia como 'árbol que se adapta pero no se rompe') o una pregunta provocadora que invite a la reflexión."", ""Reducir la **reiteración de ideas**: frases como *'las relaciones se están volviendo efímeras'* o *'familia como faro'* aparecen en párrafos distintos sin variar el enfoque, lo que debilita el impacto.""]",opinion_v4
"Trabajar: por qué, cómo, para qué",2024-05-03T05:00:00+02:00,https://cronicavasca.elespanol.com/opinion/20240503/trabajar-por-que-como-para/852164829_0.html,"Del Día del Trabajo, solo queda una cosa respetable. Su origen. Un 1 de mayo de hace 138 años, el movimiento obrero de Estados Unidos conquistó la jornada de 8 horas. En España, la victoria llegaría tres décadas después. Esas personas salieron a las calles y liaron la mundial. Arriesgaron lo que tenían, lo único que les era propio, sus vidas, para dignificar el presente y preparar un futuro mejor. Se sacrificaron por ti, por mí y por el que curra en festivo para ganarse la confianza del jefe. Cómo les hemos fallado. ","Del Día del Trabajo, solo queda una cosa respetable. Su origen. Un 1 de mayo de hace 138 años, el movimiento obrero de Estados Unidos conquistó la jornada de 8 horas. En España, la victoria llegaría tres décadas después. Esas personas salieron a las calles y liaron la mundial. Arriesgaron lo que tenían, lo único que les era propio, sus vidas, para dignificar el presente y preparar un futuro mejor. Se sacrificaron por ti, por mí y por el que curra en festivo para ganarse la confianza del jefe. Cómo les hemos fallado. 
Vivimos en la glorificación del yo. Una sociedad que pone el foco sobre el individuo y diluye la fuerza colectiva, tan esencial para enfrentar abusos y ganar derechos. . Fuera del trabajo en cadena, la movilización pasó de moda. Eso de cooperar y practicar la solidaridad da pereza. Se lleva más ser un chaquetero que negocia sus propias mejoras en el despacho del gerente, a puerta cerrada. 
Probablemente la culpa no sea del todo nuestra. El neoliberalismo funciona de manera impecable. Devora cualquier atisbo de acción conjunta y entrona la cultura del sálvese quien pueda. Poca gente, poca y atrevida, habla ya de ""conciencia de clase"". En realidad el concepto, un llamado a la unidad, está dejando de existir. El sistema lo ha desmantelado, mientras alimentaba enfrentamientos, envidias, dentro de la misma empresa y entre las profesiones más dispares. Quien está en el paro desea la suerte del repartidor de pizzas, el repartidor se queja de lo que gana el operario de fábrica, el operario desconfía del comercial encorbatado y el comercial pisa cabezas para llegar a ser director de área.

Las huelgas se han reducido a un aspaviento exótico que practican de tanto en cuanto los operarios de fábrica

Cada uno lucha por lo suyo mientras se autoconvence, sobre todo si tiene hipoteca a 35 años en una urbanización impersonal, de que es clase media y merece lo que tiene más que el vecino. Por tanto, cuando llega un conflicto laboral, uno realmente gordo, porque seguir con el mismo sueldo desde hace una década ha dejado de serlo, ya no se cocina una protesta colectiva. Ahora, la mayoría del personal asume el problema como privado y llama con discreción al abogado laboralista.
Solo uno de cada diez vascos está afiliado a un sindicato: como tantas otras estructuras tradicionales de poder, su legitimidad está en crisis. La gente recela, cree que no defienden los intereses generales, que buscan sacar tajada de la precariedad, que solo se sirven a sí mismos. Puede que el desprecio esté justificado, pero le viene de perlas a este capitalismo sin anestesia.
Nos han convertido en islas que resisten, solas, los envites del maremoto laboral. El mundo anda agitado, de crisis en crisis. Eso genera incertidumbre, desconfianza y convierte la resignación en el principal estado de ánimo. Aceptamos el pájaro moribundo en mano, porque ya no hay ciento volando. Y sentimos cierto alivio si logramos sortear las más despiadadas burlas del mercado, como vivir en una habitación de alquiler a los 40 o aceptar trabajo extra de rider para llegar a fin de mes. 

Sentimos cierto alivio si logramos sortear las más despiadadas burlas del mercado, como vivir en una habitación de alquiler a los 40

""Al menos tienes trabajo"" es uno de esos tóxicos latiguillos que resisten el paso del tiempo. Hemos de vivir agradecidos y emocionados por sufrir jornadas interminables, hacer malabares con el salario o terminar en un puesto totalmente ajeno a nuestra formación académica. A fin de cuentas el curro ""dignifica"", expresión que se ha manipulado hasta la saciedad con un objetivo evidente: tragar. La interiorizamos, sobre todo, cuando logramos dedicarnos a lo que nos gusta a costa de unos cuantos sacrificios. . 
Hay más falacias en torno al empleo. Por ejemplo, la idea de que quien trabaje duro llegará lejos. Esta narrativa, tan arraigada en el imaginario colectivo, omite a propósito la influencia de importantes factores estructurales: la clase social, el acceso a la educación, las redes de contacto... También pasa por alto cómo las dinámicas de poder y la distribución desigual de recursos acaban favoreciendo a unos pocos, y no necesariamente los más abnegados. El mito del esfuerzo perpetúa una meritocracia inexistente. Cuando llegan los lamentos, ya es tarde.
Lo más terrible de todo es que esta manera de entender y vivir el trabajo ha empujado a eso que el filósofo Byung-Chul Han denomina la ""sociedad del rendimiento"". Según su teoría, como asalariados ya no solo nos empleamos para otras personas. Además nos estamos convirtiendo en nuestros propios empresarios, perpetuamente preocupados por nuestra productividad, pero también por el desarrollo personal. O sea, deseamos sentirnos valiosos, útiles, querernos... Y como el curro es el eje de nuestra existencia, y el poco tiempo de ocio que queda se pierde entre cañas, pilates y aspiradoras, nos explotamos voluntariamente para conseguir ese objetivo.

Más veces de las deseables es un empleo precario, pero con un poquito de vocación y un muchito de masoquismo aguantamos el tipo

Pasamos media vida de la oficina a casa y de casa a la oficina, en una burbuja de hiperactividad que nos hurta la capacidad de demorarnos, de recrearnos, de entregarnos a la contemplación. El tiempo perdió su fragancia, al tiempo que moría el espíritu de comunidad. Ya va siendo hora de pensar cómo trabajamos, por qué y para qué.
¿Qué sentido tiene doblar el lomo once meses al año y descansar uno, cruzando dedos para que este mes aguante la vieja lavadora, corriendo de aquí para allá, ocupando la última hora del día con una serie para no pensar en lo rápido que pasa el tiempo, mientras el mundo se derrumba a nuestros pies?
Necesitamos cuestionar la sostenibilidad de un sistema que premia el individualismo a expensas del interés colectivo. Plantearnos nuevas formas de organización empresarial y laboral que prioricen la cooperación. Proteger el bienestar personal sobre el éxito material. No limitar el debate a la reducción de la jornada, porque 120 minutos menos jamás serán el antídoto a esta vida frenética. Reimaginar el trabajo como una pieza más de nuestra existencia, solo una más, con la que sentirnos plenos. Cuidar. Cuidarnos.
No sé, supongo que es mucho pedir, pero yo trabajo en una cooperativa que lo está intentando.",6311,"El artículo analiza la evolución y decadencia del espíritu colectivo y solidario en el ámbito laboral, criticando cómo el neoliberalismo y la meritocracia han erosionado los derechos obreros, promoviendo individualismo y resignación. Propone una reflexión sobre el sentido del trabajo en la sociedad contemporánea y la necesidad de reorganizarlo en torno a la cooperación y el bienestar personal, más allá de la mera productividad.",crítico-reflexivo con toques irónicos,"El artículo cae en una redundancia excesiva en frases como *'las huelgas se han reducido a un aspaviento exótico'* (repetida dos veces), lo que resta fluidez. Además, la crítica al sindicato y a la 'clase media' carece de matices: generaliza sin distinguir entre casos reales de corrupción sindical y la legítima desconfianza ciudadana. También hay un uso poco riguroso de la cita al filósofo Byung-Chul Han, que se menciona sin profundizar en su teoría más allá de un eslogan ('sociedad del rendimiento'), lo que debilita su impacto. Por último, el tono a veces se vuelve moralizante sin suficiente contrapunto, como en la frase sobre el 'masoquismo' laboral, que podría interpretarse como condescendiente hacia quienes eligen ciertos trabajos por vocación.",9.0,9.5,"['Desarrollo coherente y bien organizado de la tesis central: la erosión del colectivismo laboral y sus consecuencias en la precariedad y resignación individual.', 'Uso efectivo de ejemplos concretos (como la hipoteca a 35 años o el trabajo de rider) para ilustrar problemas estructurales del sistema laboral actual.', 'Cierre propositivo y evocador, que invita a la reflexión sobre alternativas como cooperativas y reorganización del trabajo, evitando caer en el pesimismo.', ""Equilibrio entre crítica social y autocrítica implícita (ej.: *'Cómo les hemos fallado'* a los trabajadores históricos), lo que refuerza la empatía con el lector.""]","['Evitar repeticiones textuales o semánticas (ej.: la frase sobre las huelgas aparece dos veces sin aportar nuevo matiz).', ""Añadir matices en críticas generalizadas, como la hacia los sindicatos o la 'clase media', para evitar que suenen a simplismos o juicios apresurados."", 'Desarrollar más la teoría de Byung-Chul Han o incluir referencias a otros autores para dar profundidad filosófica a la crítica, más allá de su mención superficial.', 'Incluir ejemplos de iniciativas reales (no solo la experiencia personal del autor) que demuestren alternativas viables a la organización laboral actual, para fortalecer la propuesta final.']",opinion_v4
Álava is different,2024-04-26T05:00:00+02:00,https://cronicavasca.elespanol.com/opinion/20240426/alava-is-different/850415077_0.html,"Euskadi is different. Pero Álava se lleva la palma. Estoy pensando en los resultados electorales del pasado domingo. Aquí EH Bildu también cabalga gracias al voto joven y el descalabro de la izquierda confederal, pero el PNV va a tener que apretar mucho los muslos para no caer de la silla. Además, el PP ha comenzado a remontar y le sopla la nuca a un PSE de bajoncillo. La ultraderecha, vaya por VOX, mantiene jinete. Y hasta Sumar entró en la carrera. Eso sí, con un señor del vetusto partido comunista. Las caras, Juan, las caras.","Euskadi is different. Pero Álava se lleva la palma. Estoy pensando en los resultados electorales del pasado domingo. Aquí EH Bildu también cabalga gracias al voto joven y el descalabro de la izquierda confederal, pero el PNV va a tener que apretar mucho los muslos para no caer de la silla. Además, el PP ha comenzado a remontar y le sopla la nuca a un PSE de bajoncillo. La ultraderecha, vaya por VOX, mantiene jinete. Y hasta Sumar entró en la carrera. Eso sí, con un señor del vetusto partido comunista. Las caras, Juan, las caras.
Supongo que haber sido cruce de caminos desde tiempos inmemoriables explica semejante ensalada mézclum. La idiosincrasia alavesa es así y hay quienes la reivindican con orgullo porque, como dice el refrán, en la variedad está el gusto. Está el gusto y el reto, porque ocupar escaño con la responsabilidad de velar por el interés general en una sociedad tan llena de contrastes tiene su aquél.



Cierto es que, en el conjunto de Euskadi, la diversidad de nuestra discretísima provincia nunca ha terminado de condicionar la configuración de gobiernos. Entre otras cosas, porque la política vasca se cocina desde, por y para Bizkaia, con mucho pilpil y poca patata. Pero más pronto que tarde llegarán las elecciones alavesas y vitorianas. Ojo entonces con lo que puedan cantar las urnas.
Probablemente casi todos los partidos que han logrado representación en el Parlamento por Álava entren en las nuevas pugnas. A saber, ahora bien, con qué resultados. En este txokito de Euskadi, según el ámbito o la época de la cita electoral, las posiciones pueden moverse más que el precio del aceite. No es que la noche nos confunda. Lo que pasa es que cada uno somos de nuestro padre y nuestra madre. Además, hay un porrón de gente desafecta que, asumiendo la obligación moral de acudir a las urnas, varía papeleta según yo qué sé: el carisma del candidato, si se le prometió un tranvía en la puerta de casa o por miedo a que tome fuerza tal sigla.

La teoría dice que la democracia pasa por representar a todo el mundo. En la práctica, a muchos se les hace bola

En Vitoria lo mismo ha gobernado un señor del PP capaz de poner la ciudad “por encima de todo” hasta que Madrid le guiñó el ojo (muy) derecho, que un jeltzale con poco magnetismo o una socialista a la que la makila aún le queda pelín grande. Prueba y error.
Este suspense, fruto del pluralismo alavés, hace especialmente épicas las victorias. Pero también las reviste de un plus de responsabilidad. Si ya es importante, o debiera de serlo, tratar de acordar entre diferentes, con un electorado tan dispar y voluble todavía más. La teoría dice que la democracia pasa por representar a todo el mundo. En la práctica, a muchos se les hace bola.
Necesitamos y merecemos representantes públicos capaces de entender semejante diversidad social. Que estén listos para lo que sea que venga, respetar y responder con altura de miras.
Evidentemente cada partido tiene su ideología, esa ideología dibuja una estrategia concreta y en ocasiones hay líneas rojas insuperables. Pero, que no nos engañen, más veces de las deseables los pactos no se dan por puro cálculo político. Y ahí, cuando se anteponen los intereses propios, pierde hasta el apuntador.
La experiencia cuenta que el gobierno de turno no se suele tomar la molestia de valorar las propuestas de partidos a los que no necesite para sacar adelante un presupuesto. Tampoco es que demasiados grupos de la oposición hagan esfuerzos genuinos por arrimar el hombro. Como mucho y porque no queda otra, dos fuerzas (ya sabemos cuáles) van renovando compromiso para dirigir el cotarro. Las mismas que durante campaña se ponen verdes. Y a vivir, que son cuatro añitos más.



Es una pena porque la mejor manera de favorecer la legitimidad de las políticas públicas y recuperar la confianza perdida en las instituciones pasaría por intentar, al menos intentar, dejarse hasta el pelo del sobaco en la gatera. Desde la suma de perspectivas diferentes aumentan las probabilidades de poner en el centro de la agenda el bien común, encontrar soluciones equilibradas que beneficien a un espectro más amplio de la sociedad y mandar a los abascales a donde Cristo perdió las chanclas.
Cada cual piensa que su mirada es la mejor, que ostenta la verdad verdadera. Aquí la mendas, desafecta confesa, suele distinguir entre mediocres, malos, peores y despreciables, con un reparto clarísimo de siglas por categorías. Es mi opinión, no la de toda mi gente. Y la quiero igual.
Que quede claro: al final tú, yo y el que escupe por la calle formamos parte del mismo puzzle. Hay que procurar que la mayoría de piezas encaje, aunque el resultado quede regular. Y este compromiso compete a toda la gente. La de arriba, la de abajo, la de en medio y, cómo no, el cuarto poder. A los medios de comunicación les, nos, encanta condimentar la ensalada del conflicto. “Renta” más vender titulares insidiosos que resaltar los pequeños destellos de concordia. Y los partidos se suelen prestar al juego.

Total, que Álava is different. 

Ha habido algún que otro Pleno con bastante buen rollo y rara vez os enteraréis porque pocos periodistas lo van a contar. Pero esto, mejor amplío otro día.
Total, que Álava is different. Quienes enfilan la carrera hacia el poder pueden ver en la diversidad obstáculos. O un defecto de fábrica, si categorizan la identidad vasca como tal o cual cosa uniforme. Yo prefiero considerarla una oportunidad para alimentar el diálogo, buscar soluciones compartidas a problemas comunes y ensayar la empatía.
No sé, tal vez la mía sea una apuesta a caballo perdedor.",5594,"El artículo analiza la diversidad política y social de Álava, destacando su complejidad electoral y la dificultad para alcanzar consensos en un contexto de pluralismo extremo. Critica la falta de diálogo entre partidos y la instrumentalización mediática del conflicto, proponiendo la diversidad como oportunidad para el debate y la empatía, aunque reconoce los desafíos que plantea para la gobernabilidad. Usa el caso alavés como ejemplo de una realidad vasca heterogénea, con referencias a la historia política y a la responsabilidad de los representantes públicos.",satírico y reflexivo,"El texto cae en la redundancia al repetir ideas clave (como la diversidad alavesa o la falta de pactos) sin aportar nuevos matices, lo que debilita su impacto. La crítica al cálculo político y a los medios es genérica y poco concreta, sin ejemplos que la sustenten. Además, la ironía ('mandar a los abascales a donde Cristo perdió las chanclas') se usa de forma ocasional y no como recurso constante, lo que resta coherencia al tono satírico. Finalmente, el final es ambiguo: aunque propone una visión optimista de la diversidad, no desarrolla cómo lograrla, dejando la reflexión inconclusa.",6.5,6.0,"['Logra captar la esencia de la complejidad política de Álava con un tono cercano y accesible, evitando tecnicismos innecesarios.', ""Incluye observaciones agudas sobre la dinámica electoral y las tensiones entre partidos, como la referencia a los 'cuatro añitos' de los gobiernos o la crítica a la falta de colaboración genuina."", ""El uso de recursos lingüísticos como 'pilpil y poca patata' o 'txokito de Euskadi' aporta frescura y ayuda a humanizar el análisis político."", 'La tesis central —la diversidad como oportunidad y desafío— está bien planteada y sirve de hilo conductor, aunque no siempre se desarrolle con profundidad.']","['Evitar la repetición de ideas clave (ej.: la diversidad alavesa se menciona en casi cada párrafo sin evolucionar). Esto debilita el ritmo y la originalidad.', 'Concretar más los ejemplos críticos, especialmente sobre cómo los medios y los partidos fomentan el conflicto, para dar peso a las afirmaciones.', 'Desarrollar una propuesta clara sobre cómo superar los obstáculos de la diversidad política, más allá de la mera reflexión sobre su potencial.', 'Refinar el tono satírico para que no sea esporádico, sino un recurso constante que refuerce la crítica (ej.: profundizar en la ironía sobre los pactos o el papel de los medios).']",opinion_v4
Infeliz fiesta de la democracia,2024-04-22T05:00:00+02:00,https://cronicavasca.elespanol.com/opinion/20240422/infeliz-fiesta-de-la-democracia/849415126_0.html,"La democracia no tiene tantos años como Matusalén, pero se le acerca. Nació en el siglo V antes de Cristo, en Atenas. Época de túnicas unisex, aceite de oliva a chorros, la filosofía en el centro de la enseñanza, cinco definiciones de amor para evitar confusiones y una plaza mayor destinada a ser el chupchup del “gobierno del pueblo”. Igual que ahora, ¿eh?","La democracia no tiene tantos años como Matusalén, pero se le acerca. Nació en el siglo V antes de Cristo, en Atenas. Época de túnicas unisex, aceite de oliva a chorros, la filosofía en el centro de la enseñanza, cinco definiciones de amor para evitar confusiones y una plaza mayor destinada a ser el chupchup del “gobierno del pueblo”. Igual que ahora, ¿eh?
Los griegos clásicos fueron unos cerebritos. Tiene mérito ser el primero en algo. En algo así: cocinar un nuevo régimen político para que el de abajo eleve la voz y tenga voto, capaz de superar la tiranía humana, lograr el consenso social y alcanzar nuestros días manteniendo el tipo.
Bueno, esto último no lo tengo tan claro. La democracia es, en este momento, lo más parecido a una ilusión. No porque acudir a las urnas con la esperanza de influir en la formación y ejercicio del nuevo gobierno despierte alborozo. Me refiero al otro significado de la palabreja: espejismo. Vivimos tiempos tristones donde la inmensa mayoría del personal mete la papeleta con la pinza del tendedero en la nariz y más gente de la deseable se queda en casa. Vamos por tantas secuelas de la misma película que ya ni nos molestamos en fingir gesto de responsabilidad. 
Probablemente el término “fiesta de la democracia” fue acuñada cuando el pueblo ateniense la estrenó. Ahora, si queda algo de jolgorio es porque las elecciones tocan en domingo, día oficial de marianito y rabas, combinación que alegra al más pintado. Con independencia de los resultados que regurgitaron ayer las urnas, las conversaciones de barra de bar y los porcentajes de abstención han dejado claro el problema de fondo. La ciudadanía, así en general, no se siente demasiado representada por la clase política, casta, fauna, como se la quiera llamar. Peor aún, desconfía. Existe cierta unanimidad sobre que las campañas van de “prometer hasta meter y una vez metido...”.
La expresión es de lo más soez, pero de peor gusto resulta el bajo rendimiento de la mayoría de estos delanteros de la política. Ciertas formaciones llevan años en el gobierno y quieren encajar el gol en los últimos minutos del partido intentando convencernos de que la próxima legislatura será la definitiva, la de las soluciones e hitos memorables. Seguro que por eso nuestros representantes públicos han inventado pasar de curso con asignaturas suspendidas. Queda regulero imponer a bípedos que aún están aprendiendo a multiplicar una exigencia que no se aplican para sí.
Hay personas que hacen repaso de las últimas legislaturas y deciden que no creen, se declaran en rebeldía y afrontan la crítica que vendrá después por incumplir su deber ciudadano. Vivimos en sociedad y eso obliga, dicen, aunque el panorama sea catastrófico, a mojarse. Ayer lo pensaba. Votar es como cuando en la tierna infancia llegaba a casa una tía segunda pidiendo beso con cuatro caramelicos en la mano: tragar saliva y poner la mejilla.
Por eso, muchos votantes se dejan comer la oreja, autoconvencidos o resignados. Piensan que la alternativa pinta peor, descartan y regalan la papeleta al de siempre. Luego están quienes se animan a probar algo nuevo, porque encaja mejor con sus valores o deciden, en contra del refrán, que más vale bueno por conocer. Arriesgan como el que inventó el helado de fabada. Algunos acabarán haciéndose fans de ese candidato, o de ese partido, pero a la larga no suele salir demasiado bien.
La democracia fue una gran idea y convendría preservarla. La teoría dice que proporciona un marco legal y político para proteger los derechos individuales y las libertades civiles, ayuda a prevenir el abuso de poder gracias a la separación de poderes, estimula la diversidad de opiniones, fomenta la estabilidad, aunque no garantice la paz, favorece la transparencia y permite la rendición de cuentas. En la práctica, la mesa se mantiene en pie pero cojea.
Quizá no sea la “fiesta de la democracia” lo que no despierta entusiasmos, sino la política, o los políticos, que no dejan de ser personas con sus tropecientas taras. Los humanos tenemos la tendencia a crear grandes cosas, pero también a estropear lo que tocamos. Estos últimos meses hemos vuelto a escuchar mil promesas en un panorama trufado por la corrupción, la especulación del mercado inmobiliario, una sanidad saturada, la cesta de la compra por las nubes y el poder adquisitivo cuesta abajo.
Urgen recetas con la efectividad de un frenadol al primer estornudo. También consenso, pero del que pone en el centro del acuerdo a la ciudadanía, no el reparto de cargos y despachos. Más ética que aritmética. 

¿?

¿Y qué han hecho la mayoría de aspirantes a lehendakari? Ante diagnósticos comunes, anunciar medidas dispares, a veces antagónicas, alimentando la polarización. Eso tampoco ayuda. Se ha impuesto la política de escaparate, donde parece que ha de ganar quien más excita a las masas, no el que mejor trabaja. También está de moda decirle a cierto sector disfuncional lo que quiere oír, como que los inmigrantes son el demonio, el cambio climático una falacia y que ETA está resucitando. Alimentar la ignorancia. Echar leña a la crispación. Blanco o negro. Buenos y malos. Todos los partidos tienen una varita mágica, pero los trucos acaban agotándose.
Lo que no se lleva mucho es la coherencia. Ni la sinceridad. Y quizá la respuesta está ahí. Justo ahí. ¿Qué pasaría si un día llega un partido, un político, y confiesa que no tiene demasiada idea de cómo arreglar todo este berenjenal, pero tiene ganas, se ha rodeado de gente híper valiosa en lo suyo, ha bosquejado medidas que podrían funcionar, que se va a dejar la piel e intentará que el proyecto dure más de cuatro años, y que si la cosa no marcha dará paso al siguiente? ¿Se lo oísteis a alguno de los candidatos y candidatas vascos?
Ayer fue la “fiesta de la democracia” y hoy es lunes. Uno más. Uno menos. Se hace difícil pensar que “un voto, una persona” ha cambiado algo, pero hemos venido a este mundo a jugar, a mantener la esperanza, porque la esperanza es lo último que se pierde. Además, aquí política hacemos todos y todas. No solo cuando acariciamos la urna, también con esas decisiones, pueriles o cruciales, que tomamos en la cotidianeidad del día a día. 
Qué importante sería volver a hacer política en la calle, como en esas ágoras atenienses de encuentro y reflexión. Rescatar, por qué no, aquel espíritu del 15M que decayó tan pronto como alguien instrumentalizó el movimiento. Cultivar el aliento crítico, exigir participación ciudadana real, no cada cuatro años, en cada avance trascendental. Hacer rendir cuentas, pero de verdad, a quienes ocupan el sillón. Y el pueblo, tú, yo, asumir nuestra responsabilidad por haberles colocado allí. 
No sé, supongo que estoy de resaca (electoral).",6723,"El artículo critica la desilusión ciudadana hacia la democracia, especialmente en el contexto electoral, destacando la falta de representación, incumplimiento de promesas políticas y la polarización como síntomas de un sistema que cojea. Propone una reflexión sobre cómo recuperar el espíritu participativo y la ética política, inspirado en modelos históricos como las ágoras griegas o el movimiento 15M, pero con un tono melancólico y resignado.",crítico-reflexivo con toques irónicos,"El texto adolece de una **tesis central poco afilada**: mezcla crítica política con nostalgia histórica sin definir un eje claro de cambio concreto. La repetición de ideas (ej: 'la democracia es un espejismo') debilita el impacto, y el tono a veces se vuelve **autocomplaciente** al idealizar soluciones utópicas (como las ágoras griegas) sin analizar viabilidad. Además, la estructura es **desigual**: hay párrafos brillantes (como la metáfora del 'helado de fabada') pero otros caen en generalidades vacías, como el párrafo sobre 'la esperanza como último recurso'. El cierre, aunque poético, **no cierra el círculo argumental** y suena a reflexión personal ('resaca electoral') sin aportar soluciones tangibles. Por último, la ironía a veces es **predecible** (ej: 'delanteros de la política') y no siempre impacta por su originalidad.",7.0,6.5,"['Uso efectivo de **metáforas cotidianas** (tía segunda con caramelos, helado de fabada) para humanizar la crítica política, lo que humaniza el texto y lo hace accesible.', 'Análisis **crítico de la polarización y el populismo**, con ejemplos concretos como la instrumentalización de temas sociales (inmigración, cambio climático) para ganar votos, evitando generalidades.', 'Recuperación de **referentes históricos** (Atenas, 15M) para contrastar el declive de la democracia participativa, lo que enriquece la reflexión y da profundidad al diagnóstico.']","['Definir una **tesis principal más contundente**: el artículo navega entre la crítica al sistema, la nostalgia y la resignación sin consolidar un mensaje claro de acción o cambio.', ""Evitar la **reiteración de ideas**: frases como 'la democracia es un espejismo' o 'los políticos prometen y no cumplen' se repiten sin variar el enfoque, lo que resta frescura."", 'Desarrollar **propuestas concretas** más allá de la reflexión: el texto idealiza soluciones (ágoras, participación ciudadana real) sin explicitar cómo podrían implementarse en la práctica actual.', 'Refinar el **ritmo narrativo**: algunos párrafos (ej: el de la sanidad o el mercado inmobiliario) son descriptivos y poco dinámicos, mientras otros (como la comparación con los griegos) son más ágiles. Una mayor coherencia en el tono mejoraría la fluidez.']",opinion_v4
Los árboles artificiales urbanos de Bromalgae llegan a Francia,2024-02-19T05:00:00+01:00,https://cronicavasca.elespanol.com/empresas/20240219/los-arboles-artificiales-urbanos-bromalgae-llegan-francia/833666635_0.html,"La empresa vizcaína acaba de instalar el modelo en Baiona, mientras sigue recibiendo ofertas de Europa e implementa mejoras en diseño exterior y eficiencia energética","Las crisis climática aprieta. Muchas ciudades lucen la boina de la contaminación. El cemento devora todas esas plazas donde antes reinaba el verde. Hace falta un cambio de paradigma, una sacudida del sistema. O, por lo menos, mientras llega, alguna solución rompedora que ayude a purificar el aire. Esto es justo lo que pensó la empresa Bromalgae en los coletazos del confinamiento sanitario. Y se puso manos a la obra. El resultado, explicado en su día por este diario, es un árbol artificial que reduce tantos gases de efecto invernadero “como entre cuarenta y cincuenta de los terrestres”. Y ahora traspasa fronteras. 
El proyecto empezó a tomar forma a mediados de 2020, con un equipo especializado en bioprocesos, biotecnología e ingeniería. Bromalgae es una compañía tecnológica asentada en Bilbao que diseña y desarrolla soluciones químicas y biológicas de alta precisión para combatir los gases contaminantes provocados por la industria. Ahora bien, la preocupación que suscitó el Covid por los espacios libres de virus fue lo que le animó a “adaptar esa tecnología a los espacios urbanos”. En 2021 ya estaba armado el invento. En 2022 comenzaron las pruebas en interiores. En junio de 2023 se instalaba el primer piloto en Barakaldo. Desde hace un mes, hay otro en Baiona (Francia).
GarbiAir
Los árboles de Bromalgae, bautizados como GarbiAir, no dan sombra. Tampoco lucen corteza o follaje. Pero rinden con una eficacia nunca vista en la Naturaleza. La estructura es de acero. Su funcionamiento se basa en un proceso de fotosíntesis realizado por microalgas dentro de un fotobiorreactor. El aire entra en el sistema mediante un soplante que lo mete a presión. Una vez dentro, las microalgas capturan el dióxido de carbono y los gases nocivos del mejunje atmosférico convirtiéndolos en oxígeno. Además, hay instalado un sistema LED para que, sea de noche o el día pinte nublado, a estas diminutas trabajadoras nunca les falte luz.
Las microalgas se van alimentando del buffet de CO2 y creciendo, del tal forma que para el día 20 ya se han hecho viejas. En ese momento, “se saca el 30% del cultivo y se añade medio de cultivo nuevo (nutrientes y agua), y así las microalgas rejuvenecen”. A todo esto, unos cuantos sensores trabajan a jornada completa para monitorear el rendimiento del árbol y la calidad del aire, “y recabar los datos de la manera más objetiva posible”.
Suena complicado, pero la gente de Bromalgae niega la mayor. “Al final, el proceso es muy sencillo. Todo el equipo funciona gracias a la gran capacidad de captura de CO2 que tienen las microalgas frente a otros vegetales terrestres. La clave se encuentra en el proceso de la fotosíntesis y la fijación del CO2. Solo hay que fijarse en la Naturaleza e intentar potenciarla”. Ese es el punto fuerte de los árboles artificiales made in Euskadi, aunque si algo tiene claro la empresa bilbaina es que “nuestros árboles no son ni serán nunca un sustitutivo de los árboles terrestres”.
A fin de cuentas, los pinos, las hayas, los castaños y toda suerte de especies herbóreas dan cobijo a personas y animales, proporcionan humedad, evitan las temperaturas extremas y aplacan las heladas. Eso no lo puede hacer GarbiAir. Lo que sí consigue es purificar el aire a lo grande. El modelo de Barakaldo y Baiona, con su cono de 0,3 metros cúbicos, elimina hasta 2,7 toneladas de C02 al año, más o menos lo que haría medio centenar de árboles juntos. Además, “esta tecnología no solo captura los gases contaminantes, sino que oxigena los espacios de alrededor, pues en la fotosíntesis se libera oxígeno a la atmósfera”.
La eficiencia del sistema
Por eso, Bromalgae está convencida de que su GarbiAir ha llegado para quedarse. “Son formas nuevas de incluir “mobiliario o equipos” sostenibles en las ciudades, además de proporcionar un ambiente más saludable”, defiende. Obviamente, todavía hay núcleos urbanos que resisten al tsunami del cemento y tienen en los árboles naturales su aliado estrella para espantar los malos humos, pero allí  donde no se puede plantar ni renaturalizar espacios o existe una afluencia endiablada de tráfico “se puede comprobar verdaderamente la eficiencia del sistema”.
Desde la instalación en Barakaldo y su salida al mercado, los bilbaínos han recibido ofertas de diferentes puntos del territorio nacional. Incluso algunas propuestas desde Europa. Y eso que “es un equipo que requiere una maduración de compra superior a la media, pues se necesitan permisos y elegir el punto ideal para su colocación”. Este escollo no les ha desalentado, porque los apoyos siguen llegando. En el caso de Baiona, el aparato ha sido fruto de una colaboración entre el Gobierno Vasco, SPRI y la Communauté de l’aglomeration Pays Basque. “Además, hemos firmado un acuerdo con un Centro de Estudios Superiores donde trabajan con microalgas para que un estudiante francés realice el mantenimiento durante los primeros meses. ¡Está siendo una experiencia súper enriquecedora!”, aseguran.
Mientras tanto, continúan trabajando en mejoras sobre el modelo actual. Dos son los focos abiertos: el diseño exterior y la eficiencia energética. “Nuestro ideal sería que fuese autónomo y se nutriese con energías limpias al cien por cien. No es una tarea fácil, con lo que nos está llevando un tiempo su desarrollo. Aun así, lo que es el sistema eléctrico y el fotobiorreactor con las microalgas, pensamos que de momento será mejor no tocarlo”. Los creadores de GarbiAir hablan con convicción gracias a todas las pistas que el prototipo de Barakaldo les ha ido regalando.
Aquel primer árbol está funcionando, desde su instalación, como un laboratorio a escala real. “Y no ha dejado de sorprendernos. Por ejemplo, pensábamos que la temperatura iba a ser un factor crítico en el crecimiento de las microalgas y, aunque sigue condicionándolo, hemos visto que aguantan más de 40 grados y por debajo de los seis”, aplauden. Por eso, la prioridad actual de los vascos es consolidarse en el mercado local y seguir innovando para mejorar la eficiencia y el impacto ambiental de su invento: una herramienta aliada, jamás un reemplazo, de la vegetación terrestre en la lucha titánica contra la contaminación atmosférica y la emergencia ecológica.",6198,"El artículo presenta la tecnología **GarbiAir**, un 'árbol artificial' desarrollado por la empresa vasca **Bromalgae** que usa microalgas para capturar CO₂ y purificar el aire en espacios urbanos. Destaca su eficacia (equivalente a 40-50 árboles reales), su expansión a Francia y su potencial como solución complementaria a la vegetación natural, aunque reconoce limitaciones como la falta de sombra o hábitat. La pieza combina información técnica, testimonio corporativo y proyección comercial, sin profundizar en críticas o alternativas.",explicativo-convicto,"{'falta_de_critica_institucional': 'El texto reproduce sin matices la narrativa corporativa de Bromalgae, omitiendo preguntas clave: ¿qué ventajas reales tiene frente a árboles reales en espacios densos? ¿Cuál es el coste económico/energético oculto? ¿Por qué no se cuestiona la dependencia de infraestructura eléctrica (aunque se mencione el objetivo de autónomos)? La neutralidad periodística brilla por su ausencia.', 'tópicos ambientales vacíos': ""Frases como *'la emergencia ecológica'* o *'tsunami del cemento'* son clichés sin desarrollo. El artículo asume que el lector comparte el dogma de que 'más tecnología = solución', sin explorar sus límites éticos o sociales (ej.: ¿quién accede a estos 'árboles' y quién no?)."", 'desarrollo desequilibrado': 'El 70% del texto describe el *cómo técnico* del invento (microalgas, sensores, fotosíntesis artificial), mientras que el *porqué* (¿es sostenible realmente? ¿quién lo financia?) queda en un segundo plano. La sección sobre Francia es casi anecdótica, sin contexto geopolítico o urbano relevante.', 'falta_de_voz_disidente': ""No hay entrevista a ecólogos, urbanistas o vecinos que usen el sistema. La única 'crítica' es la propia empresa: *'no son sustitutivos de los árboles terrestres'*, una afirmación que debería contrastarse con expertos en renaturalización urbana.""}",5.0,4.5,"['Descripción técnica clara y accesible del funcionamiento de GarbiAir, útil para lectores no especializados.', 'Estructura cronológica bien definida (origen en 2020 → pruebas → expansión a Francia), que facilita la comprensión del proceso.', 'Inclusión de datos concretos (ej.: 2.7 toneladas de CO₂ capturadas al año, resistencia a temperaturas extremas), que dan credibilidad al relato.', 'Uso de ejemplos locales (Barakaldo, Baiona) para contextualizar la innovación, evitando un tono demasiado genérico.']","['Añadir una perspectiva crítica externa (ej.: entrevista a un biólogo que compare este sistema con la reforestación tradicional).', 'Profundizar en el modelo de negocio: ¿son accesibles para ayuntamientos pequeños? ¿hay subvenciones? ¿cuál es el ROI ambiental vs. económico?.', ""Evitar el tono triunfalista ('*ha llegado para quedarse*') sin matizar riesgos (dependencia de mantenimiento, obsolescencia tecnológica, impacto en biodiversidad microbiana)."", 'Incluir una reflexión sobre el *locus standi* de la tecnología: ¿resuelve problemas reales o es un *greenwashing* disfrazado de innovación?']",opinion_v4
"La isla de Zorrotzaurre, ejemplo para toda la UE de ""adaptación al cambio climático""",2023-09-11T05:00:00+02:00,https://cronicavasca.elespanol.com/sociedad/20230911/la-de-zorrotzaurre-ejemplo-ue-adaptacion-climatico/793420843_0.html,La Comisión Europea selecciona el gran proyecto de regeneración de Bilbao dentro de su última guía de directrices para ayudar a los Estados miembros,"Hay pocas antologías más dilatadas y vistosas que la del disparate urbanístico. Errores derivados de planeamientos fundamentalmente especulativos, el olvido de la escala humana y la indolencia hacia el entorno natural, que se han ido arrastrando durante décadas con aparente despreocupación. El problema es que al final ha llegado el tío Paco con las rebajas. O sea, el cambio climático. Una amenaza real que pone en evidencia la hostilidad del entorno urbano y obliga a resignificar el propósito del urbanismo. El ladrillo ya no puede ser el objetivo, sino el medio para atajar las malas praxis, afrontar los desafíos medioambientales y procurar un desarrollo sostenible. Aquí en Euskadi tenemos un ejemplo. Y está sirviendo de referencia para toda la UE. 
Es Zorrotzaurre, última gran operación de regeneración urbana puesta en marcha en Bilbao. La Comisión Europea la ha incluido a modo de paradigma dentro un nuevo conjunto de directrices para ayudar a los Estados miembros a desarrollar y actualizar su estrategias y políticas de adaptación al cambio climático. Si los países han de tenerla en cuenta es por cuatro medidas adoptadas específicamente para evitar posibles inundaciones: la apertura del canal de Deusto, que convierte la península en isla, la construcción de un muro de protección contra inundaciones de 1,5 metros para los nuevos edificios, la instalación de tanques de aguas pluviales y la creación de espacios públicos verdes que puedan absorber el agua en caso de desbordamientos.
Todas esas acciones forman parte además, y así lo destaca la Comisión Europea, de “una estrategia basada en la colaboración público-privada”. Es lo que la ONU viene reclamando en los últimos años: la necesidad de que administraciones y empresas hagan esfuerzos conjuntos y urgentes para aumentar la financiación y puesta en marcha de acciones que permitan adaptarse a los crecientes impactos del cambio climático. En el caso de Zorrotzaurre hay una Comisión Gestora formada por el Gobierno vasco, la Autoridad Portuaria de Bilbao, el Ayuntamiento de la capital vizcaína, la Sociedad Promotora Inmobiliaria Margen Derecha y Vicinay Cadenas. Además está la Junta de Concertación de la Unidad de Ejecución 1, que incluye los anteriores socios más la Administración General del Estado, FCC y otros dos propietarios particulares. Juntos suman en torno al 75% de la propiedad del suelo. 
Plan integral e interconectado
La sostenibilidad suele entenderse en clave medioambiental, pero para existir debe ser cuádruple: también social, económica y cultural. Si a la Comisión Europea le gusta el proyecto bilbaino tanto como para ponerlo de ejemplo es justamente porque la apertura del canal de Deusto y demás medidas de adaptación al cambio climático forman parte de una estrategia que va mucho más allá. El Master Plan del proyecto, diseñado por la prestigiosa arquitecta Zaha Hadi, quiere convertir este espacio actualmente degradado con una superficie de 838.781 metros cuadrados en una isla humanista que integra Bilbao a lo largo de tres kilómetros. Un barrio nuevo “para vivir, trabajar y disfrutar” mejor. 
Eso incluye transporte público, nuevos equipamientos sociales y culturales, mucha vivienda a precios accesibles, áreas de implantación empresarial no contaminante y espacios verdes. Piezas interconectadas del mismo puzzle. Ejemplo. Hace apenas un par de meses se anunció para la ribera derecha de Zorrozaurre el diseño de un paseo de 2 kilómetros con más de 400 árboles, estanque de 680 metros cuadrados con vocación de espejo, tremenda fuente de colores con efecto niebla y graderíos. Ahora bien, acometer esta intervención conlleva anteriormente trabajar en la urbanización del kilómetro y medio que se corresponde con los dos extremos; esto es, los espacios que se ganaron al canal cuando se ejecutaron los rellenos de la isla para dar al acueducto de Deusto una anchura uniforme que hiciese más eficiente el discurrir el agua en caso de avenida.
Las empresas que se encargaron de esas obras lo hicieron a cambio de que se les permitiera rentabilizar el dinero invertido, la friolera de 24 millones de euros, levantando 780 viviendas. Ahora bien, antes de construirlas hay que urbanizar la zona: poner aceras, que no viales porque el tráfico circulará por el centro de la isla. Por tanto, lo que resulta es esa suma de zonas verdes. Las previsiones municipales indican que las obras de los extremos arrancarán a principios del próximo año y se prolongarán dos. Para la parte central del paseo ribereño, con la promoción de pisos, habrá que seguir esperando. Hay planos pero no fechas.
Referente en adaptación climática
Aunque muchas actuaciones aún solo estén en papel, la Comisión Europea destaca la anticipación demostrada por el proyecto de Zorrotzaurre al buscar solución “al aumento de las precipitaciones extremas que se darán en el País Vasco en el futuro” mediante una estrategia alineada con “la necesidad de nuevas viviendas”. Además, el Gobierno vasco tienen claro que en la selección del plan bilbaino ha tenido mucho que ver “el papel de liderazgo que viene asumiendo Euskadi” de un tiempo atrás.
En 2022, sin ir más lejos, la UE seleccionó Euskadi como región referente en adaptación y resiliencia para integrarla en la bautizada Misión de Adaptación al Cambio Climático. “Este nombramiento significa que Euskadi está preparada para ser el espejo en el que se miren otras regiones de Europa y comparta, entre otros aspectos, su experiencia en la gobernanza climática con el despliegue de las políticas de adaptación y mitigación a escala local a través de la red de municipios vascos Udalsarea 2030”, afirman desde el Ejecutivo autonómico.
Además, la UE también tiene puesto el foco en el proyecto Urban Kima 2050, liderado por Ihobe, financiado al 50% con fondos europeos y en el que participan una veintena de entidades. Por tanto “no es casual”, o nadie pensaría lo contrario, que Zorrotzaurre encabece el listado de ejemplos europeos en su guía de directrices para la adaptación de estrategias y planes al cambio climático. A continuación, aparecen proyectos ubicados en Botkyrka (Suecia), Basilea (Suiza), Isola Vicentina (Italia) y Alemania.
La reducción del riesgo sanitario por olas de calor es el motor del proyecto sueco. A raíz del aumento de mortalidad en residencias de ancianos allá por 2010, se inició un programa que incluye formación a personal sanitario y soluciones innovadoras para la mejora del confort térmico interior. En Basilea lo inspirador está arriba, en los tejados: es la ciudad con mayor superficie de cubiertas verdes per cápita del mundo, gracias a una estrategia que incluye subvenciones y hasta una ley que exige que todas las cubiertas de las nuevas viviendas sean planes, para aprovechar al máximo su potencial medioambiental.
El río suena en Isola Vicentina, una localidad destacada por la Comisión Europea por su política de gestión de agua. Un plan que analizó al detalle cada cuenca y masa hídrica, para luego identificar e implantar medio centenar de medidas de protección, crear reglamentos en áreas específicas y experimentar en una zona piloto. Igualmente exhaustiva es la iniciativa alemana, el proyecto de vigilancia llamado Mückenatlas para elaborar un atlas de mosquito en Alemania que permitirá controlar la propagación del insecto.",7307,"El artículo analiza el proyecto de regeneración urbana de Zorrotzaurre en Bilbao, destacado por la Comisión Europea como modelo de adaptación al cambio climático. Destaca medidas técnicas (drenaje, espacios verdes, infraestructuras) y el modelo de colaboración público-privada, comparándolo con otros proyectos europeos. También vincula el caso con la estrategia vasca de resiliencia climática y su proyección como referente en Europa.",crítico-reflexivo con toques descriptivos,"El artículo cae en un **exceso de autocelebración institucional**, presentando Zorrotzaurre como un logro excepcional sin cuestionar posibles contradicciones (ej.: cómo la rentabilidad privada condiciona plazos y accesibilidad). También **falta profundidad crítica**: se menciona que las viviendas son 'a precios accesibles' sin datos concretos sobre si cumplen este objetivo, y el tono se vuelve repetitivo al repetir que es un *ejemplo para la UE* sin matizar el contexto político o técnico. Otra debilidad es la **comparación superficial** con otros proyectos europeos: se enumeran casos (Suecia, Suiza, Italia) sin analizar sus diferencias reales con Zorrotzaurre, lo que resta valor analítico. Finalmente, el artículo **evita conflictos de interés**: no se explora si la participación de promotores privados (como FCC) podría generar tensiones con los objetivos sociales del proyecto, algo clave en regeneración urbana.",7.0,6.5,"['Estructura cronológica clara que guía al lector desde el contexto general (cambio climático) hasta el caso concreto de Zorrotzaurre, facilitando la comprensión.', 'Uso efectivo de datos específicos (ej.: 838.781 m², 780 viviendas, 75% de propiedad compartida) para dar peso al argumento y diferenciarse de lo genérico.', 'Integración de fuentes externas (Comisión Europea, ONU, Udalsarea 2030) que refuerzan la credibilidad del proyecto como referente.', 'Desarrollo visual de las soluciones técnicas (canal de Deusto, tanques de agua, muros de contención) que humaniza la complejidad del tema']","['Evitar la **hipervaloración sin matices**: el artículo presenta Zorrotzaurre como un *milagro climático* sin analizar posibles fallos en ejecución (ej.: retrasos en las obras de los extremos de la isla) o su impacto real en la población objetivo (¿son accesibles las viviendas?).', 'Profundizar en **contradicciones ocultas**: por ejemplo, cómo la colaboración público-privada (clave según la ONU) puede chocar con los intereses de los promotores, o por qué otros proyectos europeos (como el sueco) abordan problemas distintos (olas de calor vs. inundaciones).', ""Reducir la **reiteración**: frases como *'es un ejemplo para la UE'* se repiten sin aportar nueva información. Sería más impactante desarrollar *por qué* es un ejemplo (ej.: métricas de resiliencia comparativas)."", 'Incluir **voz crítica externa**: incorporar opiniones de vecinos, ecologistas o expertos en regeneración urbana para equilibrar el discurso institucional y evitar que el texto parezca un *communiqué* de la Administración vasca.']",opinion_v4
Las cifras demuestran que el mapa de la innovación vasca sigue creciendo,2023-07-25T05:00:00+02:00,https://cronicavasca.elespanol.com/empresas/20230725/el-mapa-de-innovacion-vasca-sigue-creciendo/781422040_0.html,"La plataforma mapa.innobasque.eus, nacida para casos prácticos de innovación y como espacio de inspiración para impulsar el I+D+I en las pymes, suma a un año de su lanzamiento 289 agentes, 167 experiencias de éxito y 650 soluciones","Dora la exploradora tenía uno. Los piratas también. En la carretera puede volverse imprescindible. Los hay políticos, geográficos, pluviométricos, de zonas horarias… Y luego está el Mapa de la Innovación. Online y vasco, para más señas. Se lanzó en junio de 2022, con el propósito de ofrecer escaparate a empresas de Euskadi con proyectos rompedores pero, sobre todo, como una especie de gps para aquellas entidades que necesitan ayuda o inspiración de quienes ya sembraron camino. Basta con entrar en mapa.innobasque.eus y usar las herramientas de búsqueda para encontrar y contactar. Un gran punto de confluencia, rastreo y descubrimiento que, desde su puesta en marcha, ha aumentado en participantes, direcciones y tesoros.
Cuando Innobasque (Agencia Vasca de la Innovación) presentó el Mapa hace ahora un año, lo hizo con los deberes hechos. Entonces ya había dentro de la plataforma 250 agentes, 125 casos prácticos y 650 soluciones. En este momento son 289, 167 y 1.036, respectivamente. Más participantes con más iniciativas y de todos los perfiles: empresas, universidades, instituciones públicas, agencias de desarrollo local, clústers o entes financieros que permiten sostener económicamente los proyectos. El Mapa ha despertado el interés de quienes ya estaban en modo disruptivo, aunque lo que de verdad interesa es avivar la curiosidad de las pequeñas y medianas empresas que siguen haciendo las cosas de la misma manera.
Euskadi inició en los dos mil una estrategia política y económica archiconocida: el sistema de clústeres, que concentra a pymes, instituciones y universidades en torno a un interés común. Una estrategia económica que busca convertir a las empresas en auténticos agentes dinamizadores y hacer de la cooperación herramienta para mejorar la competitividad. Además, de un tiempo a esta parte se ha puesto especial empeño en la inversión en I+D+I. El País Vasco es la comunidad con mayor gasto por habitante a nivel estatal, 674,5 euros según los últimos datos disponibles. Todo eso ha permitido continuar mejorando posiciones como región innovadora en Europa. Y aun así hay un pero.
El propio lehendakari, Iñigo Urkullu, recordaba hace un año que seis de cada diez pequeñas firmas se resisten a probar metodologías e impulsar proyectos con otra mirada. Por tanto, el Mapa de Innovación Vasca quiere reforzar la estrategia general que pone en su punto de mira a las pymes y servir de acicate para ayudarlas a dar el salto. Por un lado está el apartado de agentes y sus contactos. Por otro, un área de experiencias únicas implantadas con éxito en todo tipo de organizaciones perfectamente adaptables a las empresas más modestas. Y además hay una sección que compila una amplia ristra de productos, servicios profesionales, subvenciones y demás instrumentos de apoyo para ayudar a la planificación y ponerse manos a la obra.
Dar con lo que se busca es bastante más sencillo que en la novela de Robert Louis Stevenson, ya que esta herramienta digital facilita el rastreo por campos. En el apartado de agentes, se explora en función del territorio y del área de trabajo. En el banco de casos prácticos, hay posibilidad de filtrar por provincia, ámbito de oportunidad, tipo y nivel de innovación, alcance geográfico, área de especialización, naturaleza de la organización y sector. En el buscador de soluciones, la selección se hace según ámbito de innovación y geográfico, costes, estado, área y tipo de solución, así como el tamaño de la empresa y el ámbito al que pertenece.
Dicen que al final del arcoíris se halla un gran tesoro. Con el Mapa de la Innovación Vasca pasa un poco así, sobre todo al meter el morro en el apartado de experiencias inspiradoras, tan variadas, singulares y meritorias. Los últimos casos prácticos incorporados pertenecen a los ámbitos de comercio y hostelería, industria de productos metálicos, servicios de asesoramiento y consultoría, movilidad y logística, y servicios sanitarios y sociales, aunque hay muchísimos más ámbitos. Eso sí, desde las particularidades de cada uno, todos comparten los ingredientes de innovación, éxito y extrapolación que justifican su presencia en la plataforma.
Entre las más recientes novedades está #BilbaoDendakFreeWifi, una red wifi gratuita y segura para comerciantes y clientes que “sirve como canal de comunicación y soporte publicitario digital, ofreciendo las ventajas añadidas de incorporar una herramienta de inteligencia comercial y una experiencia de compra mejorada”. También puede encontrarse a Pedro Subijana con Akelarre, una fórmula para pasar de restaurante familiar a grupo empresarial en la propuesta de valor, procesos e instalaciones. O indagar en Alfa 2020-1920, que comparte en el Mapa su estrategia de marketing para revolucionar el mercado de la costura a través de la red de academias Historias hiladas.
Un servicio profesional de traducción con Inteligencia Artificial (Berba), minibarreras acústicas para mitigar el ruido de las líneas ferroviarias de baja velocidad (Acustrain), una ventana virtual al pasado con reconstrucciones hiperrealistas (Arkikus), una plataforma para la gestión de destinos turísticos inteligentes (Purple Blob), una aplicación móvil para prevenir las agresiones sexistas (Barakaldo Beldurrik Ez), un mix de tecnología y acción comunitaria al cuidado de las personas mayores en soledad (BBK Behari), un sistema de control de aforo en playas (Smart Beach)...
El Mapa de la Innovación Vasca reúne infinidad de organizaciones, proyectos y soluciones listos para ser compartidos. Porque ahí está la clave. Ya lo dijo Leire Bilbao, directora general de Innobasque, cuando su entidad sacó de la mochila esta carta virtual de navegación: “Colaborar es clave para facilitar a las pymes la realización de innovaciones que mejoren su competitividad y sostenibilidad, y el Mapa es un ejemplo claro de ello. Todos juntos sumamos más”.",5867,"El artículo analiza el éxito del *Mapa de la Innovación Vasca*, plataforma digital impulsada por Innobasque que agrupa proyectos, empresas y soluciones disruptivas para fomentar la innovación en pymes, destacando su crecimiento cuantitativo y cualitativo desde su lanzamiento en 2022, así como su papel como herramienta de conexión y difusión de casos de éxito en sectores diversos. Critica, sin embargo, la resistencia de seis de cada diez pymes a adoptar metodologías innovadoras, subrayando la necesidad de que esta herramienta trascienda lo simbólico para impactar en la práctica empresarial tradicional.",crítico-reflexivo con toques irónicos,"El texto cae en un **panfleto institucional disfrazado de opinión**: repite datos y cifras sin cuestionarlos ni contextualizarlos críticamente (ej.: el gasto en I+D+I por habitante no se vincula a resultados concretos en innovación aplicada). La ironía inicial sobre los 'mapas' (Dora, piratas) se diluye en un desarrollo plano, donde la sátira hacia las pymes resistentes al cambio es **genérica y poco mordaz**, reduciéndose a un lugar común ('hacen las cosas de la misma manera'). Además, **falta profundidad analítica**: no se explora por qué el modelo de clústeres, tan elogiado, no ha logrado penetrar en el tejido empresarial más pequeño, ni se contrastan los casos de éxito con ejemplos de fracaso o limitaciones. El artículo **confunde divulgación con crítica constructiva**, priorizando la enumeración de logros sobre el análisis de obstáculos reales.",6.0,6.5,"['Estructura **lógica y progresiva**: comienza con una metáfora pegadiza (el mapa como herramienta de navegación) y avanza desde lo general (datos de Innobasque) a lo concreto (casos de éxito), facilitando la lectura para un público no especializado.', 'Recursos **visuales y descriptivos efectivos**: la lista de proyectos innovadores (desde #BilbaoDendakFreeWifi hasta Smart Beach) **ilustra con ejemplos tangibles** el valor de la plataforma, evitando la abstracción. El uso de comillas para citar directamente a Leire Bilbao añade autenticidad.', 'Equilibrio entre **divulgación y especialización**: aunque no es un texto académico, incluye términos clave (clústeres, I+D+I) explicados de forma accesible, lo que lo hace útil para un público amplio sin perder rigor técnico.']","[""Evitar el **tono institucional**: frases como *'desde su puesta en marcha, ha aumentado en participantes'* carecen de matices. ¿Qué significa 'aumentado' en términos de impacto real? ¿Se mide en adopción efectiva o solo en registros? La objetividad se resiente al no contrastar datos con voces críticas (ej.: pymes que no usan el mapa)."", ""Profundizar en la **tesis crítica**: el artículo menciona que *'lo que de verdad interesa es avivar la curiosidad de las pymes tradicionalistas'*, pero no desarrolla **qué estrategias concretas** tiene el mapa para lograrlo más allá de ser un 'escaparate'. ¿Hay métricas de uso? ¿Feedback de usuarios? La reflexión queda en superficie."", ""Reducir la **redundancia**: se repiten datos (ej.: los 289 agentes vs. los 250 iniciales aparecen dos veces en párrafos distintos) y se diluye la ironía inicial en explicaciones técnicas. Un párrafo como el de los clústeres podría ser **más contundente** con un ejemplo de fracaso o una pregunta incómoda (ej.: '¿Por qué no todas las pymes vascas forman parte de estos clústeres?' )."", ""Cierre **débil y predecible**: la cita de Leire Bilbao cierra el artículo con un mensaje de consenso (*'todos juntos sumamos más'*), pero no se **vincula a una pregunta abierta o provocación**. Una columna de opinión debería terminar con un giro, una duda o una propuesta disruptiva, no con un *deja vu* institucional.""]",opinion_v4
¿El turismo sostenible es ya una realidad en Euskadi?,2023-07-09T05:00:00+02:00,https://cronicavasca.elespanol.com/sociedad/20230709/el-turismo-sostenible-es-una-realidad-euskadi/777422268_0.html,"Las estrategias de Gobierno Vasco y el sector privado empujan hacia una actividad conimpacto positivo, pero “aún es minoritario el viajero que llega concienciado y quiereconocer el territorio de manera más responsable”","El turismo es, para el común de los mortales, la definición que en su día acuñaron los señores académicos de la RAE: “actividad o hecho de viajar por placer”. Punto. Sin embargo, de un tiempo a esta parte, hay a quien esa explicación se le ha quedado corta. En Euskadi, administraciones, agencias y proveedores coinciden en la necesidad de potenciar un modelo sostenible y responsable además de disfrutón. El objetivo es tener en cuenta las repercusiones actuales y futuras del paso de los visitantes, atraer personas con ganas de conocer el territorio y aún más de respetarlo, y que el impacto económico, social y medioambiental en las comunidades anfitrionas sea positivo. ¿Pero se está consiguiendo?
A priori, Euskadi cuenta con buenos mimbres para ser un destino poderoso de turismo sostenible: incontables recursos naturales y culturales, respeto a las tradiciones y una gastronomía de escándalo. Además, el Gobierno Vasco está invirtiendo sin complejos en esta dirección: los tres últimos planes territoriales de turismo han recibido 80 millones de euros procedentes de los fondos Next Generation. Es mucho dinero, que se complementa con estrategias de marketing más o menos atrevidas. Entre las últimas están el Código Ético de Turismo y “Euskadi Basque Country Confidential”, una marca por la que se ofrecen experiencias “singulares y únicas” para un turista sensible y responsable, que se aleja de las masas, viaja sea verano o invierno y le gusta acercarse a la cultura local con “altos estándares” de calidad.
El empeño del sector privado no se queda atrás. Agencias de viajes, alojamientos, restaurantes, asociaciones… Cada vez son más los profesionales volcados en transformar una actividad que representa en torno al 6% del PIB de Euskadi y aporta unos 5.000 millones de euros a la economía vasca. En Álava, por ejemplo, existe el programa “Alerta Temprana Turismo” de la Diputación, por el que decenas de empresas ya han accedido a especialistas para aprender herramientas y poder diseñar planes personalizados en torno a áreas clave: gestión, marketing, nuevas tecnologías y, también, sostenibilidad. Hoteles como Nagusi en Murgia o La Casa de Los Arquillos en Vitoria-Gasteiz son dos buenos ejemplos de apuesta por el cambio.
Sin embargo, quienes llevan trabajando en el sector antes de que la sostenibilidad se convirtiera en palabreja de moda saben que “desgraciadamente aún es muy minoritario el turista que llega a Euskadi concienciado, con el deseo de viajar de una manera más responsable”. La conclusión corresponde a la vitoriana Susana Conde, directora y fundadora de Genuine Euskadi y Genuine Spain. Más de quince años vendiendo turismo responsable en el mercado español e internacional avalan su diagnóstico.
Conde tiene claro que el viajero, en líneas generales, “no sabe lo que es la sostenibilidad o no tiene interiorizado el concepto”. Ni siquiera la pandemia, que nos iba a hacer mejores, ha cambiado demasiado su actitud. Nadie, casi nadie, entra en una agencia a pedir un viaje sostenible, responsable o regenerativo, aunque quienes solicitan ir en grupos reducidos, a lugares con grandes espacios naturales y alojarse en hoteles que consumen productos de cercanía están apostando sin darse cuenta por este modelo, al menos en parte.
La pregunta es si, desde el sector, habría que “invertir más en explicar qué es la sostenibilidad, porque no solo es medioambiental, sino mucho más”. Aun así, la fundadora de Genuine Euskadi tiene claro que el principal obstáculo está en el maldito parné. Según esta profesional, lo que más se sigue mirando a la hora de viajar es “el dinero”; dicho de otro modo, la gente tienden a poner rumbo a lo desconocido con bajo presupuesto. Y eso puede ser incompatible con el turismo sostenible y responsable. De ahí que el sector espere como agua de mayo una regulación, algún tipo de movimiento por parte de la Administración europea, que haga que viajar de manera sostenible pueda ser más atractivo a todos los niveles.
Mientras tanto, Conde se afana al máximo por atraer a ese minoritario y consciente viajero con las propuestas más sugerentes. Nacionales o extranjeros (seis de cada diez turistas que vienen al País Vasco son españoles), los turistas sostenibles “están comprometidos con el cuidado del planeta y el desarrollo local, buscan minimizar su huella ecológica y contribuir a la región”. Por eso planifican al detalle su incursión, escogen mejor cómo viajar y qué servicios contratar. “Se preocupan por elegir alojamientos y actividades que sean respetuosos con el medio ambiente y la cultura local, están interesados en conocer la historia y las tradiciones de aquí, así como en probar los productos locales y apoyar a los pequeños negocios, quieren descubrir los rincones menos conocidos y espacios naturales protegidos sin grandes cantidades de gente”, explica.
Aunque se trata de un turismo responsable, en el área de acción entra todo Euskadi y toda clase de viajeros: familias, parejas, pequeños grupos, viajes de empresa, convenciones… La idea es “ofrecer un poco de todo, por supuesto nuestro turismo cultural, rural, enogastronómico y ecológico, pero siempre destinos auténticos”. En vez de encaminar los pasos hacia atractivos habituales y algo masificados, las agencias de viajes con propósito ponen rumbo a “los destinos que están apostando por un turismo más sostenible, como Vitoria-Gasteiz, la Reserva de la Biosfera de Urdaibai, Gipuzkoa...”.
Con buenos mimbres se puede hacer un gran cesto, y Euskadi lo está demostrando, pero es preciso seguir tejiendo para que el turismo sostenible sea marca de la casa. En el sector apuestan por “implementar más políticas y medidas” para proteger el patrimonio, promover la participación de las comunidades locales, evaluar el impacto, mejorar la calidad de las experiencias y visibilizar los buenos ejemplos. Todo ello, compartiendo camino, a través de una colaboración estrecha y coordinada entre instituciones y sector privado.
“Es verdad que en general el turismo que llega a nuestro destino es de calidad y genera un desarrollo turístico de calidad, pero necesitamos esa perspectiva de sostenibilidad. El turismo sostenible no debe ser una moda pasajera, sino una tendencia que gane fuerza y que continúe creciendo en el futuro”, concluye Conde. El placer no está reñido con la responsabilidad.",6331,"El artículo analiza si el turismo sostenible en Euskadi es ya una realidad, destacando avances como inversiones públicas, iniciativas privadas y campañas de marketing, pero también señalan barreras como la falta de concienciación del turista medio y la prioridad económica sobre la sostenibilidad. Se explora el potencial del territorio y las acciones concretas para consolidar este modelo, aunque se advierte que persisten desafíos estructurales y de percepción.",reflexivo con toques críticos,"El texto adolece de un desarrollo desigual entre lo descriptivo y lo analítico: dedica demasiado espacio a enumerar iniciativas (ejemplos de hoteles, programas, marcas) sin profundizar en su impacto real o en contradicciones concretas. Además, la crítica al turista medio carece de matices: generalizar que 'nadie pide un viaje sostenible' sin distinguir entre mercados (nacional vs. internacional) o segmentos (ejecutivos vs. mochileros) debilita el análisis. Por último, el artículo asume como hecho que 'el turismo que llega es de calidad', sin contrastar datos que respalden esta afirmación ni señalar qué métricas se usan para medirla.",7.0,7.0,"['Estructura temática bien organizada, con una progresión lógica desde el contexto hasta las propuestas de futuro, facilitando la lectura.', 'Uso efectivo de testimonios expertos (como el de Susana Conde) para dar peso a argumentos y romper la monotonía descriptiva.', ""Inclusión de ejemplos concretos (ej. programas como 'Alerta Temprana Turismo' o destinos como Urdaibai) que enriquecen la argumentación y evitan el discurso genérico."", 'Tesis clara y bien planteada: cuestiona si el turismo sostenible es ya una realidad en Euskadi, sin caer en simplismos.']","[""Reducir la saturación de ejemplos institucionales o de marketing (ej. 'Euskadi Basque Country Confidential', 80M€ en fondos) para evitar que el texto parezca un *white paper* corporativo. Priorizar casos que ilustren tensiones o fracasos."", ""Desarrollar más las contradicciones: ¿por qué un destino con tan altos estándares sigue dependiendo de turistas masivos? ¿Cómo se mide el 'impacto positivo' mencionado en el primer párrafo?"", ""Evitar afirmaciones no contrastadas, como que 'el turismo que llega es de calidad', sin datos o fuentes que las sustenten. Si es un lugar común del sector, matizarlo."", 'Incorporar una reflexión crítica más profunda sobre el *parné* como obstáculo: ¿qué alternativas se están explorando para hacer viable el turismo sostenible sin aumentar precios? ¿Cómo afecta esto a la equidad social?']",opinion_v4
Una empresa vasca se propone hacer rentable la desalinización del agua de mar con el uso de campos magnéticos,2023-06-11T05:00:00+02:00,https://cronicavasca.elespanol.com/empresas/20230611/una-empresa-propone-rentable-desalinizacion-de-magneticos/770422982_0.html,"Elytt Energy diseñará un prototipo único en el mundo que pretende reducir un 50% el consumo de energía necesario en el proceso, como paso previo para producir hidrógeno, garantizar el consumo humano y mantener los regadíos","Dice el refrán que con pan y vino se hace el camino. En realidad, es agua lo que no puede faltar. Agua dulce. Y ahí llega el obstáculo. El bien más preciado de la humanidad apenas supone el 3% de toda la masa hídrica del planeta. Además, de un tiempo a esta parte, a cuenta del estallido demográfico y el calentamiento global, ha mermado hasta provocar escasez donde nunca había existido preocupación. La buena noticia es que hay respuesta a la crisis: tirar de mares y océanos; o sea, desalinizar. La mala, que a día de hoy no es rentable. Con los métodos convencionales este proceso conlleva un coste energético (y por tanto económico) desmesurado, motivo por el que muchos países jamás lo han valorado como opción. Y ahora llega la mejor, una última hora desde Euskadi.
La empresa vasca Elytt Energy va a demostrar que se puede reducir a la mitad la energía necesaria para desalar agua de mar utilizando campos magnéticos. O, más bien, construirá un modelo a escala que confirme la teoría de su socio, EMSC Global Water Solutions. Fue esta ingeniería la que hizo el descubrimiento y llamó a la puerta de los vascos para ponerlo en práctica, porque si de algo saben ellos es de campos magnéticos. Eso sí, aplicados hasta ahora a aceleradores de partículas y reactores de fusión.
El innovador proyecto ha sido bautizado como MURA (Magnetikoki Ura Gaztgabetuta- Agua desalinizada magnéticamente) y cuenta con financiación de SPRI, Agencia Vasca de Desarrollo Empresarial, para darle forma de aquí a dos años. De conseguir el objetivo, y nadie en Elytt Energy se plantea otra posibilidad, el sueño de garantizar la supervivencia humana con agua de mar estaría más cerca. Con una reducción del 50% del coste energético, este invento facilitaría la producción de hidrógeno, el abastecimiento de agua para consumo humano a un coste de 0,8 dólares por metro cúbico y su uso en regadío.

. 

“Estamos hablando de un salto muy importante. Claro que para que todo esto finalmente suceda, el hidrógeno, el agua potable, el uso en regadío... alguien tendrá que fijarse en el prototipo, invertir y sacarlo al mercado. Y, por otro lado, estaría la batalla económica con grandes grupos empresariales dedicados a la desalinización”. El responsable comercial de Elytt, Ángel García, prefiere no echar campanas al vuelo y centrarse en el hoy, que es mucho: el cálculo, diseño, fabricación y ensayo del modelo a escala con un método nunca probado.
El 30% de las desaladoras del mundo emplean evaporación térmica. El 70%, ósmosis inversa. Esta técnica se basa en el uso de membranas semipermeables, “algo así como la pared de nuestras células”. Bombeando a todo trapo, unos 70 bares, las membranas dejan pasar el agua y retienen las sales. “¿Inconvenientes? Hay que generar mucha energía para conseguir esa presión y cambiar periódicamente las membranas”, explica García, antes de ahondar en la peculiaridad de MURA.
Los socios de Elytt Energy descubrieron que “si se aplican campos magnéticos muy intensos al agua salada, las partes salinas se van a la periferia y puede cogerse el agua del centro del tubo, un agua totalmente desalada”. Suena sencillo, pero ahora toca desarrollar el prototipo que demuestre que el sistema funciona. “Cuando algo teóricamente es más rentable, el camino está ahí, pero a veces las tecnologías llegan. Tenemos que demostrar que las tecnologías de 2023 permiten que esa teoría, lo que dicen los números en un papel, se puede llevar a cabo. Es un paso brutal”, reconoce García.
Hay ganas de ponerse manos a la obra. El primer año lo dedicarán al plan de diseño y la compra de materiales. El segundo, a la fabricación y pruebas de validación. Mucho trajín que se suma a la gran cantidad de iniciativas ya en marcha en el marco de la I+D+I. Ahora mismo, Elytt Energy está desarrollando “el solenoide central para Princeton Plasma Physics Laboratory”, un laboratorio nacional del Departamento de Energía de los Estados Unidos. También ha recibido una segunda ayuda de SPRI para fabricar “aceleradores lineales compactos de partículas” de manera colaborativa junto a otras tres empresas vascas. Y además, ha participado en el megaproyecto de fusión nuclear ITER, en el sur de Francia, que tiene como objetivo confinar la energía del sol para obtener energía ilimitada y limpia.
Setenta trabajadores, 1.000 metros cuadrados en Artea y 2.000 en Llodio dan mucho juego. “Aunque la gente no lo sepa, los gobiernos invierten grandes cantidades de dinero en descubrir qué es la materia y en descubrir fuentes de energía”, confiesa García. Una estrategia en la que Elytt Energy ha sabido posicionarse. El sector la conoce y reconoce como “empresa líder en Europa en generación de campos magnéticos para aceleradores de partículas y reactores de fusión”. Lo que no entraba en sus planes hasta ahora era poder hacer del agua un nuevo camino.",4841,"El artículo destaca el proyecto **MURA** de la empresa vasca *Elytt Energy*, que busca reducir un 50% la energía necesaria para la desalinización del agua de mar mediante campos magnéticos, respaldado por financiación pública y con potencial impacto en hidrógeno, consumo humano y regadío. Aunque celebra la innovación, advierte sobre barreras técnicas y competencias industriales, contextualizando el proyecto en la trayectoria de la empresa en tecnología magnética avanzada y su colaboración con proyectos como ITER.",informativo-convincente con matices reflexivos,"El texto cae en una **falta de equilibrio entre lo técnico y lo accesible**: explica procesos científicos (como la ósmosis inversa o los campos magnéticos) con ejemplos simplificados, pero pierde oportunidad de profundizar en las **limitaciones reales** del método (¿qué tan probada está la teoría? ¿qué riesgos de escalabilidad existen?). Además, el cierre es **predecible y genérico** ('el sueño de garantizar la supervivencia humana'), sin ofrecer una perspectiva crítica sobre los riesgos ecológicos (energía consumida, impacto en ecosistemas marinos) o geopolíticos (¿quién controlará esta tecnología?). La cita de Ángel García, aunque útil, **no aporta contradicciones ni matices** sobre los desafíos comerciales, lo que debilita la credibilidad del análisis.",7.0,6.5,"['Estructura **lógica y progresiva**: desde el problema (escasez hídrica) hasta la solución (MURA), pasando por el contexto científico y la viabilidad técnica. El uso de datos concretos (ej. 0,8 dólares/m³, 50% de reducción energética) refuerza la credibilidad.', '**Contexto institucional sólido**: Destaca el respaldo de SPRI y la experiencia de Elytt en proyectos de alto nivel (ITER, Princeton), lo que posiciona al proyecto como serio y con potencial real, no como una promesa vacía.', ""**Equilibrio entre técnica y divulgación**: Explica conceptos complejos (campos magnéticos, ósmosis inversa) con metáforas comprensibles ('como la pared de nuestras células') sin caer en simplismos."", 'Inclusión de **perspectivas externas**: La mención a la competencia de grandes grupos empresariales añade un matiz estratégico que evita el triunfalismo tecnológico.']","['**Profundizar en los riesgos**: Analizar cómo afectaría la tecnología a ecosistemas marinos, el consumo energético real (¿de dónde vendría esa energía reducida?) o el acceso global (¿sería asequible para países pobres?). Un artículo de opinión debe **anticipar objeciones** para enriquecer el debate.', ""Evitar **citas genéricas sin contraste**: La frase 'nadie en Elytt Energy se plantea otra posibilidad' es un tópico de las notas de prensa. Incluir una voz crítica (un experto en desalinización o un ecologista) habría dado matices al texto."", ""**Cierre más provocador**: En lugar de repetir el cliché de 'supervivencia humana', proponer una pregunta incómoda (ej. '¿Debería priorizarse esta tecnología sobre otras soluciones menos costosas, como la reutilización de aguas residuales?') habría elevado el nivel de reflexión."", 'Redundancia en la **presentación de datos**: Repetir el mismo beneficio (rentabilidad) en varios párrafos sin variar el enfoque debilita el impacto. Ejemplo: el coste de 0,8$/m³ se menciona dos veces sin vincularlo a un contexto comparativo (¿es competitivo frente a otras fuentes de agua?).']",opinion_v4
El City Science Lab Gipuzkoa acelera su puesta en marcha,2023-05-21T05:00:00+02:00,https://cronicavasca.elespanol.com/empresas/20230521/el-city-science-lab-gipuzkoa-acelera-puesta/764923575_0.html,La Fundación Mubil se alía con la Escuela de Ingeniería de la Universidad de Navarra para trabajar en proyectos de movilidad inteligente dentro de la exclusiva e internacional red del MIT de Boston,"A veces, dos son mejor que uno. Y éste es el caso. La Fundación Mubil, centro de movilidad inteligente y sostenible ubicado en Tolosa, ha encontrado aliado en Tecnun, Escuela de Ingeniería de la Universidad de Navarra, para acelerar la puesta en marcha del City Science Lab Gipuzkoa. Hace apenas una semana firmaron convenio, la primera piedra de un laboratorio pionero en esta parte del mundo. El objetivo es buscar soluciones inteligentes al calentamiento global y el desarrollo depredador de las ciudades a través del transporte para conseguir un territorio más amable. Una apuesta que pondrá a Euskadi en el mapa internacional de la innovación. 
No es palabrería. Este laboratorio nace del acuerdo que la Fundación Mubil, en cuyo patronato están la Diputación de Gipuzkoa y el Ente Vasco de Energía, firmó en marzo con el célebre MIT de Boston (Instituto Tecnológico de Massachusetts). Desde entonces, Mubil forma parte de su City Science Network: una red internacional, exclusiva y colaborativa en la que instituciones, investigadores y regiones tratan de construir comunidades más habitables, equitativas y resilientes a través de laboratorios locales de investigación centrados en distintas especialidades. Shanghái, Helsinki, Toronto, Taipei, Hamburgo, Guadalajara (México), Andorra, Ho Chi Minh y Concepción (Chile) son los otros integrantes.
El desafío es grande, pero también la financiación. El convenio con el MIT se traduce en 1,2 millones de euros para los próximos tres años, así que toca sacar chispas al dinero. Siguiendo la filosofía del City Science Network, el City Science Lab Gipuzkoa creará y experimentará soluciones y pilotos en el propio territorio. Serán sobre movilidad porque es la especialidad de la Fundación Mubil, y deberán dar respuestas reales a desafíos reales. Todo eso, a la vez que se absorbe conocimiento del resto de la red.
Profesores y estudiantes colaboran
Formar parte del entramado del MIT permitirá cooperar con centros referentes en innovación y sostenibilidad. También, acceder a todas las capacidades investigadoras, de conocimiento y tecnológicas del instituto estadounidense. Mucha miga. “Estamos ante una gran oportunidad: hacer que el territorio sea un actor relevante en el ámbito de la movilidad inteligente y sostenible a nivel internacional, y aprender. Hablamos de una red internacional con un alto grado de innovación en las tecnologías más punteras y una metodología de trabajo única que se aplica sobre entornos reales”, subrayó Ane Insausti, directora general de Mubil y ahora también del laboratorio. 
Con ese panorama, no podía ser difícil encontrar aliados para dar el pistoletazo de salida al City Science Lab Gipuzkoa. El director de Tecnun, Raúl Antón, destacó el “orgullo” de impulsar la aventura desde sus inicios y lo beneficioso que resultará para su centro. El laboratorio arrancará con sede tanto en Mubil como en la Escuela de Ingeniería de Navarra, donde se pasará de la teoría a la práctica más vanguardista. “Profesores y estudiantes trabajarán en proyectos que tengan como objetivo responder a los retos de movilidad inteligente de Gipuzkoa”, resumió Antón.
Más oportunidades en 2024
Tecnun es el primer agente que se une al City Science Lab Gipuzkoa, pero toda la gente comprometida en el asunto está convencida de que “se sumarán muchos otros en el futuro”. Esta iniciativa tiene las puertas abiertas a todas las empresas del sector, porque pocas cosas dan más frutos que promover sinergias y fomentar el intercambio de conocimiento. Insausti lo sabe bien. Desde la puesta en marcha de la Fundación en mayo de 2019 y la inauguración de las primeras instalaciones en febrero de 2021 en Tolosa, la colaboración ha sido buscada, encontrada y valorada.
Eso sí, lo mejor está por venir, tanto para Mubil como para el propio City Science Lab Gipuzkoa: el complejo de Zubieta-San Sebastián, donde se ubicarán las instalaciones definitivas de la Fundación. La idea es trasladarse a partir de la primavera de 2024, una vez acaben las obras. Se trata de un polo enorme, con un edificio central de 10.000 metros cuadrados repleto de posibilidades más otros 38.000 anexos para iniciativas públicas y privadas. De momento, ya hay varios compañeros de mudanza confirmados y traen una fuerte inversión bajo el brazo: los centros tecnológicos Tecnalia, CEIT, Vicomtech y Cidetec. A veces, dos son mejor que uno, y cuatro mejor que dos.",4402,"El artículo celebra la alianza estratégica entre la Fundación Mubil y Tecnun para impulsar el **City Science Lab Gipuzkoa**, un laboratorio pionero en movilidad inteligente vinculado a la red global del MIT. Destaca su financiación (1,2 millones de euros), su enfoque práctico en Gipuzkoa y su potencial para posicionar al territorio en la innovación sostenible, aunque omite análisis críticos sobre riesgos o desafíos concretos de su implementación.",reflexivo-conmemorativo,"El texto carece de **tesis crítica o provocadora**, reduciéndose a una **noticia disfrazada de opinión**: describe hechos sin cuestionarlos. Falta profundidad analítica (ej.: ¿por qué Euskadi y no otras regiones españolas?), y el tono es **demasiado laudatorio**, sin matices sobre posibles obstáculos (ej.: burocracia, falta de talento local). Además, repite ideas (como la alianza con el MIT) sin aportar valor adicional, y el cierre con la mudanza a Zubieta parece **anexo sin conexión lógica** con el cuerpo principal. La estructura prioriza lo **institucional** sobre lo **transformador** de la iniciativa.",5.0,3.5,"['Estructura cronológica clara (acuerdo con el MIT → convenio con Tecnun → futuro en Zubieta), que facilita la comprensión del desarrollo del proyecto.', 'Uso efectivo de **datos concretos** (1,2 millones de euros, 10.000 m² en Zubieta) para dar peso a la información, evitando generalidades.', 'Inclusión de voces autorizadas (Ane Insausti, Raúl Antón) que validan el enfoque técnico y estratégico del laboratorio.']","['Añadir **una tesis crítica** (ej.: ¿es suficiente la colaboración público-privada para resolver problemas de movilidad en Gipuzkoa?), o al menos un **contraargumento** (ej.: riesgos de dependencia del MIT o falta de participación ciudadana).', 'Evitar la **repetición de información redundante** (el MIT aparece dos veces sin desarrollar su relevancia más allá de lo obvio).', 'Profundizar en **ejemplos tangibles** de cómo se aplicarán las soluciones del laboratorio (¿qué pilotos concretos se anunciarán?), no solo en lo teórico.', 'Cerrar con un **punto de reflexión** sobre el impacto real en la ciudadanía (ej.: ¿cómo se garantizará que los resultados beneficien a todos los guipuzcoanos?).']",opinion_v4
La economía circular tiene salidas,2023-04-09T05:00:00+02:00,https://cronicavasca.elespanol.com/empresas/20230409/la-economia-circular-tiene-salidas/754924510_0.html,El Basque Circular Hub refuerza su apuesta por la formación y prácticas remuneradas con un nuevo programa destinado a 61 jóvenes,"La economía circular ha aterrizado en las empresas para incorporar y sofisticar todo eso que ya hacían nuestros abuelos: reducir consumo, estirar al máximo la vida útil de cualquier cosa y reaprovechar todo lo que se pudiera. Aquella rutina doméstica instigada por la necesidad es ahora, en época de grandes desafíos medioambientales y sociales, ventaja competitiva y mejora de la reputación para cualquier compañía. Los nietos de aquellos hombres y mujeres lo saben bien.

El Basque Circular Hub acaba de poner en marcha un nuevo programa de prácticas de jóvenes para el desarrollo de proyectos de economía circular en empresas. La idea es formar a nuevas generaciones que no tienen acceso a enseñanza reglada en este modelo y quieran aprender, abrirles puertas a otras salidas laborales, satisfacer la necesidad del mercado de contar con profesionales cualificados y ayudar a las compañías que reciben a los estudiantes, pymes especialmente, a vislumbrar oportunidades de crecer de manera sostenida y sostenible.

Es un win-win de manual. Y la apuesta va a más. A lo largo de 2022, segundo año con el Basque Circular Hub en funcionamiento, más de un centenar de jóvenes recibió formación especializada e hizo prácticas. El primer programa lanzado en 2023 cuenta con 61 plazas. El centro aspira a convertirse en espacio de referencia para el aprendizaje y ejercicio de la economía circular. Por eso quiere llegar a más estudiantes y empresas. También abarcar nuevos temas, como las finanzas sostenibles o el reporte de información no financiera: todos esos asuntos procedentes del Pacto Verde Europeo que están materializándose en normativas.

Evaluación ambiental, ecodiseño y métricas

Sobre esos mimbres se ha diseñado el nuevo programa de aprendizaje y prácticas remuneradas, que se despliega a su vez en tres líneas de actuación. La primera se llama Neurte y centra el foco en “la evaluación ambiental aplicada a la empresa”. Se pondrá a disposición de las compañías hasta seis personas jóvenes desempleadas, tituladas universitarias de grados técnicos y residentes en Euskadi, que recibirán previamente un curso de 80 horas impartidas por Ihobe.

La segunda línea es Ekodisenatuz, sobre “análisis ambiental y ecodiseño de productos y servicios”: 20 plazas para jóvenes universitarios en último curso de grados técnicos que vivan en el País Vasco, con formación previa de 60 horas a cargo de especialistas en la materia. Y por último, Murrizterean. Esta pata del programa se propone desplegar en las pymes vascas el cálculo de métricas ambientales. De momento, 35 chavales desempleados o universitarios de grados técnicos recibirán de Ihobe 80 horas de curso para ponerse a disposición de empresas con ganas de avanzar en la descarbonización.

Único en el sur de Europa

Los esfuerzos de Basque Circular Hub van encaminados a cumplir los objetivos de la Estrategia Economía Circular 2030 y favorecer el liderazgo de la industria vasca en su transformación sostenible. El proyecto arrancó en marzo de 2021 con la apertura de un centro en Bilbao. En octubre de 2022, se abrió sede en Vitoria. De momento, no hay otra iniciativa igual al sur de Europa que incluya formación avanzada, generación de conocimiento experto en economía circular, prospectiva de mercado y análisis de tendencias. 

Además, el Basque Circular Hub es buen ejemplo de colaboración público-privada. Ihobe está a los mandos, los ayuntamientos de Bilbao y Vitoria-Gasteiz son socios estratégicos y la red de colaboradores incluye a todas las universidades vascas, el Centro de Investigación Aplicada de FP de Euskadi-TKNIKA y la Fundación Novia Salcedo.

Con esos compañeros de viaje, el objetivo principal de Basque Circular Hub en este 2023 es reforzar al máximo las actividades de formación y prácticas para mejorar la empleabilidad de los estudiantes y dar respuesta a los desafíos de las empresas. La economía circular, elixir de la eterna juventud, tiene salidas.",3961,"El artículo analiza el éxito del Basque Circular Hub como referente en economía circular en el sur de Europa, destacando su modelo de formación para jóvenes y prácticas en empresas, con un enfoque en sostenibilidad, colaboración público-privada y alineación con normativas europeas. Se subraya su unicidad y el impacto en la empleabilidad y competitividad empresarial, aunque sin profundizar en desafíos críticos del modelo.",informativo-reflexivo,"El texto carece de una tesis clara y original: se limita a describir hechos sin cuestionar su alcance, limitaciones o contradicciones. La falta de crítica contextual (¿por qué este modelo no se replica en otras regiones?) o de ejemplos concretos de éxito/fracaso resta profundidad. Además, el tono es demasiado celebratorio, sin matices sobre posibles obstáculos (ej.: desempleo persistente, brecha entre grandes empresas y pymes) o la sostenibilidad real del modelo a largo plazo. La estructura se asfixia en datos sin conectarlos con una reflexión más amplia sobre el futuro de la economía circular en España/Europa.",7.0,6.0,"['Desarrollo detallado y bien organizado del programa de prácticas del Basque Circular Hub, con datos concretos (ej.: plazas, sedes, líneas de actuación) que dan credibilidad al relato.', 'Énfasis en la colaboración público-privada como modelo replicable, destacando un aspecto clave para la sostenibilidad de iniciativas similares.', ""Lenguaje claro y accesible, adaptado a un público general sin perder precisión técnica en términos como 'ecodiseño' o 'métricas ambientales'.""]","[""Falta de tesis crítica o provocadora: el artículo no va más allá de lo descriptivo. Una pregunta como *'¿Es la economía circular solo un lavado de imagen corporativo o puede transformar realmente la industria?''* daría profundidad."", 'Ausencia de ejemplos de fracaso o limitaciones: no se aborda cómo las pymes vascas podrían no estar preparadas para absorber a estos jóvenes o si el modelo depende demasiado de subvenciones públicas.', ""Cierre débil y repetitivo: la frase final sobre la 'economía circular como elixir de la eterna juventud' es forzada y no aporta nada nuevo. Un cierre con una pregunta retórica o un dato impactante (ej.: *'Mientras el 80% de las pymes europeas aún no miden su huella ambiental...'*) sería más efectivo."", 'Oportunidad perdida para contrastar con otros hubs europeos: ¿por qué este es único? ¿Qué hacen mal otros modelos? La comparación ausente debilita la argumentación.']",opinion_v4
Una startup alavesa planta batalla a las VTC en favor del taxi,2023-03-20T05:00:00+01:00,https://cronicavasca.elespanol.com/empresas/20230320/una-startup-alavesa-planta-batalla-vtc-favor/773672668_0.html,TaxiCoin crea una aplicación móvil por la que el sector podrá transformarse y revolucionar “la experiencia de usuario”,"Dice el refrán que “quien no llora, no mama”, pero el sector del taxi sigue arrastrando la misma sensación de desamparo desde que empresas como Uber o Cabify asomaron el morro por esta parte del mundo. Las huelgas no lograron detener el feroz desembarco de las VTCs en Madrid, Barcelona o la costa andaluza. Tampoco lo hicieron las normativas aprobadas para lidiar con el capricho del libre mercado porque, según el gremio, se están incumpliendo. Persiste la preocupación y aumentan las exigencias para lograr regulaciones más restrictivas, en focos turísticos y también en zonas como Euskadi donde las licencias de vehículos de transporte con conductor aún son minoría. Parece que no hubiera otra forma de enfrentar la amenaza. O tal vez sí.
Una startup alavesa ha decidido plantar batalla al mercado de las VTCs con una solución tecnológica que empuja al viejo gremio a arremangarse. “A los taxistas no les falta razón. Las VTCs son una competencia injusta. Pero el remedio no es instaurarse en la queja ni prohibir este mercado, sino evolucionar. Salir del estancamiento en el que han vivido, mejorar su reputación y darle al cliente lo que está demandando hoy en día”, arranca Alain Mateo. Es el fundador y CEO de esta empresa de nueva creación llamada TaxiCoin. Su contraataque: una app por la que el sector del taxi podrá transformarse y revolucionar “la experiencia de usuario”.
""Poner en valor"" al taxista
De novedad lo tiene todo. En el mercado ya existen aplicaciones para pedir taxi, pero ésta no trata solo de conectar al conductor y al pasajero para viajar de un punto a otro. El taxista se pone en valor a través del perfil de la app, donde desgrana los servicios que ofrece. Un modelo de negocio que va más allá de la famosa botella de agua del VTC. “Imaginemos un taxista que habla tres idiomas. Ahora eso da igual porque el que coge el taxi no lo sabe, pero la aplicación lo convierte en un punto a su favor. Otras cosas que el usuario puede tener en cuenta son si el vehículo es eléctrico o si puede subir la calefacción en caso de que esté acatarrado, poner su lista de música, disponer de tablet en los asientos traseros...”, ejemplifica Mateo.
Cada conductor decide “hasta dónde quiere llegar”. Ahora bien, la app incluye todo un rosario de “sistemas meritocráticos” que visibilizan su entrega: quien más empeño le ponga acabará teniendo más clientes. La idea es promover “una competencia sana” para incitar a los profesionales del volante a seguir mejorando. Llegar rápido a un sitio y por el camino corto continuará siendo el objetivo prioritario de cualquier persona que suba a un taxi, pero Mateo lo tiene claro: “Este sector necesitaba salir del “tengo el monopolio y solo me dedico a conducir” y evolucionar”.
""Una empresa de aquí que escucha al sector""
Habla con convicción porque el bosquejo de TaxiCoin “nació de un taxista madrileño”, el primero en admitir el pago en bitcoins. Mateo lo conoció a través de uno de los muchos contactos que él y su socio Eric Zárate han fraguado desde que hace ocho años montaron su primera compañía de inteligencia artificial. El tipo les plantó la idea y la radiografía del paciente, el espíritu emprendedor de los alaveses empezó a borbotear y su dominio de las nuevas tecnologías hizo el resto.
Por el camino han logrado barbaridad de apoyos: ayuntamientos, asociaciones, radio emisoras… Mateo lo explica por las maneras de hacer y ser de TaxiCoin, tan diferentes a todo lo que el gremio había conocido hasta ahora. La aplicación que más se usa en España para pedir taxis es Free Now: pertenece a una compañía extranjera, está participada por las multinacionales BMW y Mercedes y defiende la liberalización del sector del taxi. “Nosotros somos una empresa de aquí, que declara aquí y que defiende el sector del taxi”, subraya el fundador de la startup.
Además, el modelo de negocio de TaxiCoin rehuye de altas comisiones. “No queremos hacernos ricos, sino aportar un valor a la mayor cantidad de taxistas posibles”, asegura Mateo. Por eso mismo, se construyó un largo proceso de escucha. No valía con tomar la idea del taxista madrileño y darle forma. Había que contrastar impresiones, tomar en cuenta todas las realidades del gremio, identificar las principales demandas y tejer complicidades. “Nos hemos sentado a la mesa con ellos, les hemos atendido, hemos analizado sus necesidades… ¡Hasta tenemos grupo de whatsapp!”
A punto de salir al mercado
Con toda esa confianza cosechada, el apoyo de BIC Araba a lo largo del periplo y un enfoque absolutamente disruptivo, TaxiCoin está a punto de pisar el acelerador. La startup alavesa ha cerrado una ronda de inversión privada valorada en un millón de euros y apenas faltan unos días para el lanzamiento de la app en las tiendas de Android y Apple. 
La idea inicial era salir en en Euskadi, empezando con Radio Taxi en Vitoria-Gasteiz, pero el proyecto en la capital alavesa se ha truncado. El presidente de la asociación, Juan Carlos Ruiz de Erentxun, informó este lunes de que los trabajadores han rechazado la puesta en marcha de la app por sentirse apartados durante el proceso. Según dijo, él estaba “obligado a guardar silencio por la cláusula de confidencialidad” firmada con TaxiCoin. Unas declaraciones que han sorprendido, y entristecido, a Mateo.
“No es un contrato de confidencialidad, sino una firma para preservar la propiedad intelectual. Hace tiempo que pedimos al presidente reunirnos con los taxistas y empezar a hacer pruebas. Nos negó las reuniones y la comunicación del presidente con los asociados ha sido nefasta. Nos da mucha pena: desde que empezamos con el desarrollo de la aplicación lo que siempre hemos querido es trabajar con los taxistas y ponerlos en valor”, lamenta el fundador de TaxiCoin.
Ahora, toca recomponerse, tomar rumbo hacia Donostia y Bilbao y, tras estas dos capitales, abarcar poco a poco el resto de territorios.“Queremos llegar a acuerdos con marcas, talleres, concesionarios… de tal forma que la app esté presente en todas las ciudades y comunidades. No tiene sentido que cada lugar tenga la suya, lo ideal es que funcione la misma en todas partes: eso dará más valor al taxi y resultará más práctico para el usuario”, explica Mateo. Por ese motivo, TaxiCoin no ha solicitado ni un céntimo de ayuda pública. Coherente hasta el final de la carrera.",6312,"El artículo analiza el lanzamiento de TaxiCoin, una startup alavesa que busca revitalizar el sector del taxi mediante una aplicación tecnológica innovadora que promueve la competencia justa y la mejora de servicios, contrastando con el modelo de las VTCs. Critica la resistencia interna del gremio al cambio y destaca la visión emprendedora y local de la iniciativa, aunque menciona un conflicto con la asociación de taxistas de Vitoria-Gasteiz por falta de transparencia en el proceso de implementación.",crítico y reflexivo,"{'fallos_identificados': ['Falta de análisis crítico profundo sobre el modelo de las VTCs: el texto describe la problemática pero no cuestiona con rigor las causas estructurales (ej.: regulación, fiscalidad, desigualdad de condiciones) ni ofrece alternativas más amplias más allá de la solución tecnológica propuesta.', ""Información contradictoria o confusa: se menciona que el presidente de la asociación de taxistas de Vitoria-Gasteiz 'estaba obligado a guardar silencio' por confidencialidad, pero luego se critica que 'la comunicación del presidente con los asociados ha sido nefasta'. No queda claro si el conflicto es por falta de participación o por opacidad en el proceso, lo que debilita la credibilidad del relato."", ""Dependencia excesiva de declaraciones subjetivas sin contrastar: el artículo se basa casi exclusivamente en las palabras de Alain Mateo (CEO de TaxiCoin) y en reacciones indirectas (ej.: 'los trabajadores han rechazado'), sin entrevistas o datos concretos que respalden afirmaciones clave, como la supuesta 'competencia sana' o el 'espíritu emprendedor' del gremio."", ""Sesgo proactivo hacia la startup: aunque se intenta equilibrar con críticas al gremio ('estancamiento', 'queja'), el tono general es favorable a TaxiCoin, incluso en pasajes donde se describe un conflicto (ej.: 'nos da mucha pena'), lo que puede restar objetividad a una columna de opinión que debería analizar ambas partes con distancia.""]}",7.0,6.5,"['Estructura narrativa efectiva: el artículo combina contexto histórico (llegada de las VTCs), presentación del proyecto (TaxiCoin) y desarrollo de sus características con un ritmo adecuado, evitando párrafos muertos.', 'Detalles concretos sobre la app: se explican funcionalidades innovadoras (perfiles de taxistas, servicios adicionales, métricas meritocráticas) que dan cuerpo a la propuesta y la diferencian de otras plataformas genéricas.', 'Enfoque local y humano: la conexión con un taxista madrileño y el contexto alavés añaden profundidad al relato, mostrando un origen real y una respuesta adaptada a necesidades específicas, lo que humaniza el tema.', 'Crítica al estancamiento del gremio: se identifica un problema real (falta de evolución) y se vincula a la resistencia al cambio, lo que aporta una tesis clara, aunque limitada a la perspectiva de la startup.']","[""Profundizar en las contradicciones del modelo actual: ¿Por qué las VTCs han triunfado si el mercado no es 'libre'? ¿Qué regulaciones específicas se incumplen y cómo afectan al taxista? Incluir estos elementos fortalecería la argumentación más allá de lo descriptivo."", 'Equilibrar el análisis con voces críticas del gremio: incorporar declaraciones directas de taxistas que rechacen la app (no solo las indirectas del presidente) o analistas del sector para contrastar opiniones y evitar un sesgo pro-TaxiCoin.', ""Evitar redundancias en la descripción de la app: frases como 'lo que siempre hemos querido' o 'nos da mucha pena' debilitan el tono crítico. Reemplazarlas por análisis fríos o preguntas incómodas (ej.: '¿Es viable que los taxistas adopten esta herramienta sin perder autonomía?') añadiría matices."", 'Contexto económico y de mercado: ¿Cuál es el impacto real de las VTCs en la rentabilidad del taxi? ¿Cómo compite TaxiCoin en costes frente a Free Now o Uber? Incluir datos básicos (ej.: porcentaje de mercado, comisiones) daría solidez al análisis y evitaría que la columna parezca un *case study* publicitario.']",opinion_v4
China estrena infraestructura solar 'made in Euskadi',2023-03-12T05:00:00+01:00,https://cronicavasca.elespanol.com/empresas/20230312/china-estrena-infraestructura-solar-made-in-euskadi/747925208_0.html,La empresa guipuzcoana Masermic marca un hito al entrar en el restrictivo mercado del país asiático y construir una planta con una novedosa tecnología de diseño y fabricación propios,"En China son muy suyos, sobre todo dentro del sector tecnológico. La estrategia prima al máximo las empresas de la casa con herramientas de la casa. Por eso lo de Masermic puede llamarse hito. Esta compañía asentada en la localidad guipuzcoana de Medaro, de 35 empleados fijos, dedicada a las renovables y la movilidad eléctrica, ha logrado barrer las resistencias de la segunda potencia mundial a todo lo que venga de Occidente e introducirse en su mercado. Lo ha hecho mediante la puesta en marcha de una planta solar con una novedosa tecnología de diseño y fabricación propios. Y está funcionando tan bien, que ya se ha puesto a gestionar el desarrollo de otras dos.

Todo eso ha pasado en los últimos cinco años. Tiempo suficiente para descubrir la idiosincrasia china. “Estamos hablando de un país con una política muy restrictiva, pero también de un mercado al alza con gente realmente ambiciosa que quiere que su nación avance”, asegura Jesús María Iriondo, director general de Masermic. China gradúa al año 2 millones de ingenieros con hambre de proyectos. Dentro de las empresas tecnológicas está presente la Administración. Y su manera de trabajar es arrasadora. “Son compañías de cientos de miles de empleados. No existen los horarios. La intensidad es continua y son muy insistentes. Preguntan mucho para que ningún fleco quede suelto”. Y aun así, o precisamente por eso, los guipuzcoanos han hecho amigos y clientes.

Antes de captar la atención de China, Masermic y su partner alemán SBP Sonne dedicaron mucho tiempo y esfuerzo a la investigación de una tecnología que permitiera campos de concentración solar más eficientes y competitivos. Según explica Iriondo, “son plantas complejas de hasta tres kilómetros de diámetro, ubicadas por lo general en entornos climatológicos agresivos, mucho frío, mucho calor, mucho viento...”. También exigen una notable inversión económica pero, a diferencia de las fotovoltaicas, almacenam energía. Por eso el gigante asiático ha hecho una apuesta a manos llenas y, si hace falta, es capaz de abrir su cancela a la innovación externa.

Una tecnología innovadora, un reconocimiento inédito

En el centro de estas infraestructuras se sitúa una gran torre y en lo más alto de ésta, un área térmica. Allí llega el aceite frío, que ha de alcanzar los 600 grados mediante la concentración de luz solar para luego bajar por el circuito y seguir el proceso. Ese calentamiento lo realizan los heliostatos, 20.000 robots de media en el caso de un campo de 50 megavatios, con cinco metros de altura y forma cuadrada o rectangular. Hasta que llegaron los guipuzcoanos y alumbraron la tecnología STELIO, confiriéndoles estructura pentagonal. El invento funciona, porque mejora el rendimiento de la planta en un 10%. Sin embargo, los inicios no fueron del todo sencillos.

“Cuando salimos al mercado, era difícil convencer porque este sector es muy conservador”, admite el director general de Masermic. El reconocimiento internacional llegó a partir de varios congresos. “Nos dieron un premio en Sudáfrica y luego otro en China al mejor producto en innovación solar de ese año”. Era la primera vez que se entregaba un galardón de esa categoría a una compañía extranjera. Ahí fue cuando una empresa china, de nombre Hami, se fijó en STELIO “y tuvo la osadía de probar”.

Eso sí, tocó pasar unos cuantos filtros tecnológicos y reuniones antes de ponerse manos a la obra. “En China ponen muchas barreras para introducir elementos que no son suyos. Tuvimos que demostrar que nuestra tecnología era todo un paquete, que si no se aceptaba eso conllevaría años de desarrollo de productos”, recuerda Iriondo. Finalmente, la oferta innovadora de Masermic diluyó renuencias y empezó la acción sobre un área militar en la región de Xinjiang. Era 2018.

La pandemia, oportunidad para innovar

Los trabajos para la puesta en marcha del campo solar se prolongaron dos años. Ingeniería, heliostatos, sistemas de control electrónico, software para controlar el mantenimiento de la planta… Llegó 2020 y, cuando la infraestructura ya estaba lista para arrancar, la pandemia sanitaria lo paró todo. Aunque por poco tiempo. “El Gobierno chino tenía clarísimo que había que seguir adelante”, así que tomó una decisión inédita. “Nos concedió una línea de comunicación directa desde nuestra empresa a la planta solar de forma que pudiéramos acometer la puesta en marcha de forma remota. Y para hacer eso, tuvimos que desarrollar un gemelo digital que simulara la planta”.

Este obstáculo convertido en oportunidad redondeó el hito de Masermic. Ahora, la empresa guipuzcoana oferta campos solares con puesta en marcha y mantenimiento en remoto. “Esto agiliza enormemente el proceso de la planta, la reparación de sistemas, su actualización e innovación. Además, se consigue un coste mucho menor para el cliente”, aplaude Iriondo.

El director general de Masermic repasa la experiencia con satisfacción, y no es para menos. El campo de Xinjiang está funcionando a todo trapo: suministra energía durante 22 horas al día, llega a más de 20.000 hogares y reducirá las emisiones de CO2 en 25.000 toneladas anuales. Además, la empresa guipuzcoana está a punto de cerrar una segunda planta con la misma empresa y anda en conversaciones con otra compañía para una tercera. “También estamos recibiendo llamadas de Emiratos Árabes, Marruecos, Arabia Saudí…”, apuntilla Iriondo. Quién lo diría: del “made in” China al “made in” Euskadi.",5459,"El artículo destaca el éxito de la empresa vasca Masermic al exportar su tecnología solar innovadora (STELIO) a China, un mercado tradicionalmente cerrado a empresas occidentales. Explica los desafíos superados —desde la resistencia inicial hasta la adaptación tecnológica durante la pandemia— y el impacto ambiental y comercial del proyecto, destacando su escalabilidad internacional. También subraya la capacidad de Masermic para adaptarse a modelos operativos remotos gracias a herramientas digitales innovadoras, consolidando su posición en el sector global de energías renovables.",reflexivo-conmemorativo,"El texto carece de una tesis explícita más allá de la celebración del logro empresarial, lo que lo convierte en un relato periodístico más que en una columna de opinión. La narración se centra en datos y testimonios sin cuestionamientos profundos (¿por qué China abrió sus puertas ahora? ¿qué implica este éxito para la economía vasca o el modelo energético global?), reduciendo su potencial crítico o analítico. Además, la estructura fragmenta la información en bloques descriptivos sin un hilo conductor claro que vincule las partes (ejemplo: el salto de la tecnología STELIO a los efectos de la pandemia no se integra con una reflexión unificada). Por último, la ausencia de contexto geopolítico o económico —como el papel de China en la cadena de suministro global de renovables— debilita la profundidad del análisis.",6.5,7.0,"['Narrativa detallada y técnica sobre la tecnología STELIO, que permite al lector entender su innovación (estructura pentagonal, eficiencia del 10%) y su aplicación práctica en China, con datos concretos (emisiones evitadas, hogares beneficiados).', 'Uso efectivo de testimonios directos (Jesús María Iriondo) para humanizar el caso y añadir credibilidad, evitando un tono genérico. El contraste entre la cultura laboral china y la adaptabilidad de Masermic aporta matices interesantes.', 'Estructura cronológica clara que facilita el seguimiento del proceso (desde la investigación hasta la pandemia y su solución tecnológica), aunque el ritmo se ralentiza en pasajes descriptivos.', 'Inclusión de un aspecto innovador poco explorado: la gestión remota y el *gemelo digital* como solución durante la pandemia, destacando la proactividad de Masermic ante crisis externas.']","['Definir una tesis clara más allá del éxito empresarial (ejemplo: ¿analizar el caso como ejemplo de cómo las pymes europeas pueden competir en mercados dominados por gigantes asiáticos? ¿o reflexionar sobre la dependencia tecnológica global?). Actualmente, el texto funciona como reportaje pero no como opinión con postura propia.', 'Profundizar en el contexto: ¿por qué China eligió este momento para abrirse a tecnología extranjera? ¿Cómo encaja este proyecto en la estrategia energética china (ejemplo: su apuesta por las renovables para reducir la dependencia del carbón)? Incluir datos comparativos o referencias a otros casos similares reforzaría el rigor.', 'Evitar la reiteración en descripciones técnicas (ejemplo: los heliostatos se explican dos veces con detalles similares). Priorizar la síntesis para mantener el ritmo y evitar que el lector pierda el hilo en pasajes densos.', 'Incorporar una crítica o matices al modelo de Masermic: ¿qué riesgos implican la dependencia de mercados como China o los Emiratos Árabes? ¿Cómo garantiza la empresa la sostenibilidad de sus proyectos a largo plazo? Una columna de opinión debe equilibrar lo celebratorio con interrogantes o advertencias.']",opinion_v4
"""Los parques eólicos no asientan empleo en los pueblos donde se instalan""",2023-02-04T05:00:00+01:00,https://cronicavasca.elespanol.com/empresas/20230204/los-parques-eolicos-asientan-empleo-pueblos-instalan/738926106_0.html,"Un informe del Banco de España tensiona el debate sobre la sostenibilidad de los molinos de viento, mientras Gobierno vasco y grandes eléctricas cogen carrerilla aupados por los fondos europeos para retomar la instalación de estas infraestructuras","Euskadi se afana por recuperar el tiempo perdido con las renovables. Nada más arrancar año, el Gobierno vasco ha decidido plantar fecha de funcionamiento a los parques eólicos pendientes de construir en Labraza y Azaceta: 2025. También empezará a revisar trece solicitudes para la puesta en marcha de otros tantos. El bombardeo de ayudas europeas ha sido clave para desbloquear casi dos décadas sin nuevos molinos de viento, avanzar en la estrategia de descarbonización y, de paso, hacer del medio ambiente un modelo competitivo de negocio. Ahora bien, no todo es sostenible en la apuesta por los aerogeneradores. La última señal de alerta la acaba de lanzar el Banco de España.

Los parques eólicos no asientan empleo en los entornos rurales donde se instalan. Es la sentencia de un informe de 69 páginas que sintetiza la investigación de los analistas Natalia Fabra, Eduardo Gutiérrez, Aitor Lacuesta y Roberto Ramos. Para llegar a ella, se realizó un estudio pormenorizado de 3.200 municipios, incluidos los vascos donde reinan molinos de viento. En todas partes pasa igual. La estrategia de las eléctricas en el proceso de edificación y posterior conservación de estas infraestructuras acaba dejando a los pueblos fuera de juego.

Los puestos de trabajo que se crean durante la construcción abarcan un ramillete amplio de profesiones, desde la persona que monta las placas hasta el ingeniero que las diseña. Ahí los pequeños municipios que acogen los parques eólicos pueden llegar a beneficiarse. Una vez en pie, las empresas propietarias de las infraestructuras llevan el mantenimiento técnico desde las urbes. Las zonas rurales se quedan con las otras consecuencias de las palas.

Los expertos en sostenibilidad afirman que, para que ésta se de, es preciso un equilibrio entre equidad social, crecimiento económico y mantenimiento del medio ambiente. Las conclusiones del informe del Banco de España a cuenta de los parques eólicos ponen en cuestión tal armonía, tensionando un debate de sobra conocido. Por un lado, las voces favorables a estas infraestructuras por los beneficios de una energía limpia, barata e ilimitada en un contexto urgente de lucha contra el cambio climático. Por otro, las denuncias por falta de planificación, impacto paisajístico en zonas de gran valor natural, aumento del coste del suelo, desplazamiento de otras actividades económicas… Y en medio, grandes eléctricas que han visto en los fondos europeos Next Generation su mejor oportunidad para acomodarse a la transición verde.

Las peticiones para construir parques eólicos se han triplicado en un año 

Hace un año solo había cuatro solicitudes para construir centrales eólicas en Euskadi. Con el chaparrón de ayudas procedentes de la UE, se han triplicado. Está la empresa Aixeindar (60% Iberdrola, 40% EVE), con la cartera puesta en los montes alaveses de Labraza y Azazeta. En Ribera Alta ha aparecido Euskal Haizie S.L. Desde Noruega llega Statkraft, que quiere construir un parque entre las mugas de Araba, Bizkaia y Gipuzkoa, en el valle de Aramaiona. También ha asomado la cabeza el Grupo Capital Energy, que instalará sede en la Torre de Bizkaia y está interesado por el entorno de Llodio, Legutiano, Arrazua-Ubarrundia y Elburgo. Y a todo este rosario de gigantes hay que añadir Saitec, con su diseño de parque eólico marino en la costa vizcaína.

Los que ya están a punto de caramelo para el inicio de obras son los parques eólicos de Labraza y Azaceta. El primero, con ocho generadores y una capacidad de 40 MW, se sitúa en el disparadero de salida tras la conclusión favorable de una tramitación ministerial. Para el segundo, con idénticas características, queda la Declaración de Impacto Ambiental que está ultimando el Gobierno Vasco y la aprobación de un plan especial por parte de la Diputación. El interés de la Consejería de Desarrollo Económico es evidente: hay que pegar acelerón y fortalecer el mapa actual.

Una carrera ""hacia la ocupación y destrucción de Álava"" 

Arantza Tapia ha calificado el alud de solicitudes como “una buena noticia” porque “después de mucho tiempo podemos poner más instalaciones renovables”. Euskadi llevaba años sin más parques que los de Badaia y Elgea en Álava, y los del monte Oiz y el Puerto de Bilbao en Bizkaia: apenas 580 MW que se quedan muy lejos de las directrices europeas. Sin embargo, las recientes prisas de una estrategia que tiene en la provincia vasca más meridional su principal punto de mira no han gustado a todo el mundo. “Esta carrera hacia la ocupación y destrucción de Álava deja de lado tanto al medio rural como al medio natural”, denuncia Arabako Mendiak Aske.

La fuerza de este movimiento se la dan centenares de firmas resistentes a los parques eólicos: pueblos, concejos, juntas administrativas, asociaciones y fuerzas políticas de todo el territorio. Alertan los denunciantes que las centrales “están en zonas de exclusión para la implantación de parques eólicos y huertas solares según el Plan Mugarri de la Diputación”. La lista de inconvenientes esgrimida por la plataforma incluye un alto impacto paisajístico, afección a la biodiversidad y especies en peligro de extinción, a zonas de especial protección para las aves (ZEPA) y a zonas de especial conservación (ZEC), así como la destrucción de los corredores ecológicos naturales europeos. Ahora al rosario de contraargumentos se suma la palabra del Banco de España.",5412,"El artículo analiza la contradicción entre la apuesta por los parques eólicos en Euskadi —impulsados por fondos europeos y una supuesta transición ecológica— y su impacto real en las zonas rurales, donde no generan empleo estable ni benefician económicamente a los pueblos, según un informe del Banco de España. Critica la falta de planificación y equidad social en la transición energética, así como la concentración de beneficios en grandes empresas eléctricas, mientras las comunidades locales sufren consecuencias ambientales y de exclusión. También destaca la resistencia ciudadana y política a estos proyectos por su impacto paisajístico y ecológico, contrastando con el optimismo institucional.",crítico y expositivo con toques de denuncia social,"{'fallos': ['El artículo **pierde fuerza en su desarrollo argumental** al no profundizar en las causas estructurales de por qué las eléctricas externalizan el mantenimiento a las ciudades, limitándose a describir el problema sin explorar alternativas concretas (ej.: modelos de cooperativas energéticas locales o participación ciudadana en la gestión). Esto debilita la crítica y la convierte en un diagnóstico sin propuesta.', 'La **introducción es demasiado descriptiva y burocrática** (ej.: detalles sobre fechas de construcción, nombres de empresas o trámites administrativos), lo que ralentiza el ritmo y aleja al lector de la tesis central. Un párrafo inicial más incisivo, como un *gancho* con datos impactantes (ej.: ‘Euskadi invierte 100M€ en eólicos que generan 0 empleos rurales’), habría captado mejor la atención.', 'El **cierre es ambiguo y poco contundente** tras una denuncia tan sólida. La cita de Arantza Tapia (‘buena noticia’) y la mención a la resistencia social quedan **enfrentadas sin síntesis**: el artículo no decide si el problema es la falta de voluntad política, la avaricia empresarial o la incomprensión ciudadana. Una reflexión final más provocadora (ej.: ‘¿Es la transición verde un negocio que excluye?’) habría elevado el tono.', 'Hay **reiteración de ideas** sin progresión: el debate entre beneficios ambientales vs. perjuicios sociales se repite sin añadir matices. Por ejemplo, el impacto en ZEPA/ZEC se menciona dos veces, pero no se vincula a casos específicos de Euskadi (¿qué especies están en riesgo en Labraza o Aramaiona?), lo que empobrece el análisis local.', 'El **tono se vuelve descriptivo en la sección de empresas** (lista de gigantes eléctricas), que funciona como *relleno* más que como argumento. Estas empresas podrían usarse para ilustrar cómo los fondos Next Generation **financian modelos de exclusión**, pero el texto no explora si hay alternativas comunitarias o si las ayudas podrían redirigirse.'], 'notas_condicionantes': {'claridad_y_estructura': 6.0, 'rigor_y_argumentacion': 7.0}}",6.5,7.5,"['**Tesis clara y relevante**: El artículo identifica un **vacío crítico** en la narrativa de las renovables —la desconexión entre discurso ecológico y realidad social—, algo poco explorado en medios generales. La referencia al informe del Banco de España (3.200 municipios analizados) da **peso institucional** a la denuncia, evitando el tono anecdotario.', '**Equilibrio en la exposición del conflicto**: Logra presentar **ambas posturas** (defensores de los eólicos vs. críticos) sin caer en simplismos, usando ejemplos concretos como Labraza o Azaceta para ilustrar el impacto local. Esto evita el sesgo ideológico y enriquece el debate.', '**Uso efectivo de datos contrastados**: La mención a los 580 MW actuales vs. directrices europeas, o la triplicación de solicitudes en un año, **contextualiza la urgencia del problema** sin caer en alarmismo. Los datos son precisos y sirven para sustentar la crítica.', '**Denuncia social con base técnica**: Aunque el rigor académico no es su objetivo, el artículo **vincula problemas económicos (empleo) con ambientales (biodiversidad)**, algo poco común en columnas de opinión sobre energías renovables. Esto amplía el espectro del debate más allá del ‘verde vs. gris’.']","['**Profundizar en alternativas**: El artículo **diagnostica el problema** pero no propone soluciones tangibles. Incluir ejemplos de comunidades que sí han gestionado parques eólicos de forma participativa (ej.: cooperativas en Alemania o Dinamarca) habría añadido **agencia al lector** y evitado que la crítica parezca derrotista.', '**Reducir la información superflua**: Los detalles sobre trámites administrativos (Declaración de Impacto Ambiental, planes especiales) **frenan el ritmo** en la primera mitad. Priorizar datos que **refuercen la tesis** (ej.: ‘El 80% de los empleos en Labraza fueron temporales’) habría optimizado el espacio para lo esencial.', '**Cierre más contundente**: La cita de Arantza Tapia (‘buena noticia’) **contrasta con el tono anterior** y debilita el impacto. Una frase final **provocadora o normativa** (ej.: ‘Mientras las palas giren en el campo, los pueblos seguirán esperando que alguien les pague la factura’) habría cerrado el círculo argumental con más fuerza.', '**Vincular mejor los casos locales con el informe del Banco de España**: El texto menciona que el estudio incluye municipios vascos, pero **no especifica qué dicen los datos concretos de Euskadi** (ej.: ¿qué porcentaje de empleos temporales hay en Álava?). Esto habría **refuerza la credibilidad** al mostrar que el problema no es genérico, sino local y medible.', '**Evitar la neutralidad pasiva en la resistencia ciudadana**: La descripción de las firmas y asociaciones como ‘centenares de firmas resistentes’ **minimiza su peso**. Incluir nombres concretos (ej.: ‘Arabako Mendiak Aske’) o acciones específicas (ej.: ‘la ocupación pacífica de Azaceta’) habría **humanizado la lucha** y dado más cuerpo a la denuncia.', '**Explorar el papel de los fondos europeos**: El artículo menciona que los fondos Next Generation han desbloqueado proyectos, pero **no cuestiona cómo se distribuyen esos fondos**. ¿Por qué no se destinan a crear empleos locales en lugar de subsidiar a gigantes como Iberdrola? Esta falta de crítica al **modelo de financiación** debilita la propuesta de cambio.']",opinion_v4
El Gobierno vasco destina 18 millones de euros a la basura,2023-01-28T05:00:00+01:00,https://cronicavasca.elespanol.com/economia/20230128/el-gobierno-vasco-destina-millones-euros-basura/737176288_0.html,Lakua inyecta fondos europeos Next Generation a 79 proyectos urbanos y rurales para optimizar la gestión de residuos municipales y acercarse al fin a los objetivos de reciclaje y reutilización marcados desde la UE,"Al principio, todo lo que se tiraba al cubo de la basura era solo eso: desecho. Ahora en cualquier parte hay al menos cinco contenedores diferentes con los que separar envases de leche de cáscaras de plátano, botes de conservas, revistas dominicales o pilas del mando a distancia. El objetivo es facilitar la gestión de los residuos que llegan a las plantas de tratamiento para darles segunda vida. Una estrategia que requiere de la complicidad ciudadana en el inicio del ciclo, pero también de instalaciones y tecnologías capaces de completarlo. Y ahí se ha pinchado hueso mucho tiempo. Según estadística del propio Gobierno vasco, en este momento apenas la mitad de los restos domésticos y comerciales entra en la recogida selectiva, de éstos el 38% se recicla, únicamente el 7% acaba convertido en compost y no llega ni al 1% el que se trata para su reutilización. Malas cifras que exigían un golpe de timón.

Euskadi aprobó en plena pandemia sanitaria su Plan de Economía Circular y Bioeconomía, estableciendo la gestión de residuos como uno de sus puntales. Con el programa Next Generation para una recuperación sostenible y resiliente de los países europeos, ha llegado el acelerón. El Gobierno vasco acaba de destinar 18 millones de euros de su línea de ayudas procedentes de la UE a 79 proyectos urbanos y rurales. La idea es que esto ayude a agilizar la tarea pendiente y poder acercarse puntualmente a los tres nuevos horizontes temporales marcados en reutilización y reciclado de residuos municipales: objetivo del 55% en 2025, 60% en 2030 y 65% en 2035.

Una mejor gestión de restos ayudará a reducir los impactos medioambientales. También favorecerá la generación de puestos de trabajo, con la consiguiente cohesión social si las condiciones laborales acompañan. Pero las motivaciones de esta inversión van más allá. Ihobe, Sociedad Pública de Gestión Ambiental del Gobierno vasco, señala claramente que esta acción forma parte de una estrategia para “posicionar Euskadi como una región referente en el ámbito europeo en economía circular, en la que el medio ambiente se convierta en factor clave de competitividad”. Instituciones y empresas ya han comprobado que sumarse a la transición verde, además de permitir cuidar el entorno y el planeta, ayuda a ganar dinero y prestigio convirtiendo desafíos en oportunidades.

Iniciativas en marcha de aquí a 2026

El caso es que no hay prácticamente rincón en Euskadi que se haya quedado sin ayuda. De los 79 proyectos, 34 son de Gipuzkoa, 27 de Bizkaia y 18 alaveses. El criterio principal al seleccionar iniciativas y repartir asignaciones era que respondieran a estos cuatro ámbitos de actuación: implantación o mejora de recogidas separadas, especialmente biorresiduos (residuos orgánicos biodegradables de origen vegetal o animal generados en el ámbito domiciliario y comercial); construcción de instalaciones específicas para su tratamiento; puesta en marcha de nuevas plantas de preparación para la reutilización y el reciclado de otros flujos de restos; e inversiones relativas a instalaciones de recogida, triaje y clasificación, mejora de centrales de tratamiento mecánico-biológico y preparación de Combustible Sólido Recuperado. 

A partir de ahí, se han priorizado aquellos proyectos enfocados en la mejora de la recolección y tratamiento de la fracción orgánica, porque Euskadi quiere contar para 2025 con recogidas generalizadas de biorresiduos en cada uno de sus municipios. Con el foco puesto en ese año y ante la urgencia de cumplir el Pacto Verde, se ha exigido que todas las iniciativas sufragadas mediante los fondos Next Generation estén desarrolladas de aquí a 2026 a más tardar. 

Desde plantas de compostaje a recuperación de muebles

Detrás de las 79 iniciativas hay sobre todo municipios, pero también cuadrillas, mancomunidades y las diputaciones. Algunos proyectos son modestos, otros ambiciosos, según el campo de operaciones y la envergadura de la obra. Por inversión en Álava destaca la iniciativa del Ejecutivo foral para el fomento de la reparación y venta de segunda mano de productos de consumo: 1.850.000 euros con los que conseguir recuperar y sacar al mercado elementos desechados por la ciudadanía, como muebles, textiles, electrodomésticos, material de jardinería… En este mismo territorio también se llevan buen pellizco las plantas de compostaje de Vitoria-Gasteiz y la Llanada Alavesa, con 1,6 millones de euros. 

Uno de los proyectos mas potentes en Gipuzkoa es el Centro de Preparación para la Reutilización de residuos sólidos urbanos de Zubieta (1.789.042 euros), cuya finalidad es llevar a cabo la comprobación, limpieza y reparación de productos o componentes de productos que se hayan convertido en residuos. En Bizkaia, el grueso se lo ha embolsado Garbiker, empresa pública perteneciente a la Diputación de este territorio. Con 1,7 millones se construirán tres plantas comarcales con capacidad para albergar 2.000 toneladas anuales de restos de alimentos. El objetivo será fabricar compost destinado a recuperación de suelos degradados, agricultura o como sustrato para la flora. 

Ihobe insiste en que “el mejor residuo es el que no se genera o, en su defecto, el que, una vez generado, puede recibir un tratamiento tal que le permita incorporarse de nuevo al ciclo productivo con las mismas propiedades que el material de origen, sin que exista una degradación de la materia prima original”. Con la ayuda europea espoleando en esa dirección y el planeta pidiendo a gritos la transición verde, tirar dinero a la basura ha adquirido nuevo significado.",5580,"El artículo analiza la inversión de 18 millones de euros por parte del Gobierno Vasco en 79 proyectos de economía circular y gestión de residuos, financiados con fondos Next Generation, destacando su enfoque en reciclaje, compostaje y reutilización para cumplir objetivos europeos hasta 2035. Critica indirectamente la ineficacia histórica en reciclaje (solo 38% de los residuos selectivos reciclados) y celebra la diversificación de iniciativas, aunque cuestiona si la asignación de fondos será suficiente para alcanzar metas ambiciosas en plazos ajustados (2025-2026).",crítico-reflexivo con toque informativo,"El texto cae en un **sesgo optimista excesivo** al presentar la inversión como una solución mágica sin matizar los desafíos estructurales previos (ej.: solo el 7% de residuos llega a compostaje). Además, **falta una tesis clara y provocadora**: podría haber profundizado en contradicciones, como por qué Euskadi, con infraestructuras avanzadas, no supera el 55% de reciclaje en 2025 (meta UE) o si los 18M son un parche o una apuesta real. También **repite datos sin contexto crítico**: menciona cifras de Ihobe sin contrastar su credibilidad o compararlas con otras regiones. El cierre es débil: la frase sobre 'tirar dinero a la basura' es **ironía forzada** y poco original, dado que el artículo ya expuso los problemas.",7.0,6.5,"['Estructura **informativa sólida** con datos concretos (proyectos por territorio, montos específicos, plazos), que dan cuerpo al análisis y evitan la generalidad.', 'Enfoque **geográfico detallado** que humaniza el tema: destacan iniciativas locales (ej.: compostaje en Álava, plantas en Bizkaia), lo que facilita la identificación del lector con los objetivos.', ""Uso **técnico pero accesible** de términos como 'biorresiduos' o 'Combustible Sólido Recuperado', explicados *in situ* sin caer en simplismos."", 'Crítica **implícita pero efectiva** a la burocracia ambiental: subraya la urgencia del Pacto Verde (2026) y la brecha entre discursos (economía circular) y resultados (solo 38% reciclado)']","['Desarrollar una **tesis más combativa**: ¿Por qué el Gobierno Vasco prioriza estos fondos ahora? ¿Qué falló antes? ¿Es suficiente 18M para 79 proyectos en 4 territorios? **Falta una pregunta incómoda** que eleve el debate.', ""Evitar el **tono celebratorio** sin matices: si el 50% de los residuos *no* entran en selectiva, ¿no es más honesto preguntar si estos proyectos son un **lavado de cara** o una inversión real? La ironía final ('tirar dinero a la basura') resta fuerza al análisis."", 'Incluir **comparativas**: ¿Cómo se posiciona Euskadi frente a otras regiones europeas con metas similares? ¿Qué lecciones pueden extraerse de casos de éxito o fracaso? **El artículo es aislado; pierde oportunidad de contextualizar.**', 'Reducir la **descripción técnica** en favor de **anécdotas o ejemplos humanos**: ¿Cómo afecta esto a un recolector de biorresiduos en Vitoria? ¿Qué empresas locales se beneficiarán? **Falta conexión emocional con el lector no especializado.**']",opinion_v4
La otra cara del negocio de la biomasa,2023-01-14T05:00:00+01:00,https://cronicavasca.elespanol.com/empresas/20230114/la-otra-cara-del-negocio-de-biomasa/733676631_0.html,"El cierre de Glefaran tras años de presión social destapa las controversias de la producción de electricidad a partir de madera, hasta hace poco una de las líneas de la estrategia energética vasca","“La biomasa es la principal energía renovable de Euskadi, y en el horizonte 2030 lo seguirá siendo”. Eso decía el Ente Vasco de la Energía en 2017. Más de un lustro después el discurso se mantiene porque la riqueza forestal del territorio invita a ello, pero hay matices. De las diferentes patas de esta línea estratégica, el impulso de grandes instalaciones generadoras de electricidad mediante residuos leñosos parece haber trastabillado. Hace apenas un año el Ejecutivo de Urkullu aparcaba el proyecto de la central de Lantarón. Con el inicio de 2023, Glefaran ha cerrado. La empresa vizcaína, que se beneficiaba de las ayudas a las renovables, ha echado la culpa a los últimos ajustes regulatorios. “Los costes de producción han pasado a ser significativamente superiores a su precio de venta en el mercado regulado, haciendo inviable la actividad”, afirma. Sin embargo, un hecho coincide en ambos casos y para nada es económico: la contestación social.

Los movimientos locales se han hecho fuertes destapando la cruz de este tipo de infraestructuras. La biomasa es una energía verde, pero sobre las productoras de electricidad a partir de la madera planean sombras grises. Entre otras, el impacto que pueden generar en el medioambiente y en la salud de las personas. Glefaran, que abrió puertas en 2016, llegó a ser advertida por el Gobierno vasco por cuadruplicar algunos valores límite de sus emisiones. También recibió sanciones de ayuntamientos del entorno: contaminación acústica entre otras razones. Y a todo esto, las plataformas ciudadanas no cejaron en plantar batalla legal a la empresa.

La cooperativa de energía vasca Goiener, que sabe mucho sobre biomasa y más sobre los claroscuros del sector, no cuestiona que lo económico haya pesado en el cierre de Glefaran. “Con los precios de mercado tan elevados el último año y medio, era un hecho que las primas o sobreingresos que el Estado destinaba a ciertas tecnologías como suplemento de los ingresos de la venta de dicha energía en el mercado dejaban de tener sentido”, señala la presidenta, Erika Martínez. Ahora bien, “desconocemos si este motivo ha sido suficiente para establecer una relación causa-efecto o si en realidad esta decisión es la excusa que se necesitaba para proceder al cierre”. La versión oficial de la empresa en los medios de comunicación “no puede ocultar la existencia de problemas que venían de largo, sobre todo en lo tocante a la alta contestación social”.

En Goiener ven potencial a la biomasa con fines térmicos, mediante el aprovechamiento de leña, astillas o pellets y la creación de redes de calor. No así en la producción de electricidad, área en la que se acumulan controversias y problemas. Martínez se hace eco de los inconvenientes largas veces denunciados por las plataformas locales, como “el origen mismo de las maderas, la explotación de bosques asociados de manera indiscriminada o sin una mirada de desarrollo basado en la biodiversidad (se gestionan plantaciones, no se cuidan bosques), el tamaño de las instalaciones, su gestión más que gestionable y contaminación por escaso tratamiento de los humos”.

El riesgo de caer en la trampa del ""todo vale""

El negocio de la biomasa tiene dos caras, y además ésta es una realidad exportable a todo el sector de las renovables. O eso advierten quienes trabajan al margen de los oligopolios en favor del autoconsumo. Administraciones, empresas y ciudadanía son cada vez más conscientes de la alta dependencia energética que sufrimos, pero “las prisas para inyectar fondos económicos que permitan reducirla puede hacer que se caiga en la trampa del todo vale”. Un ejemplo: se ha eliminado el requisito de estudios de impacto ambiental para cualquier tecnología renovable.

En Goiener tienen claro que “vamos a ver proliferar grandes fondos de inversión y grandes compañías poniendo en marcha planes basados en energías limpias sin criterios sociales o ambientales, más cuestionados por la ciudadanía que por las propias administraciones públicas… porque si son renovables, no pueden ser malas, ¿verdad?”. La pregunta esconde una reflexión profunda sobre las motivaciones de quienes hacen negocio con la transición verde.

La viabilidad holística frente al beneficio

Recientemente, en el 40 aniversario del EVE, el lehendakari defendía como receta para abordar el “desafío energético local y global” implantar más instalaciones de generación de energía renovable en detrimento del gas. El problema, según Goiener, es que si lo que alienta a las empresas es la obtención del beneficio -cortoplacista, además- “se seguirán cometiendo los errores de siempre”. No serán combustibles fósiles, pero a su juicio viviremos un despliegue de renovables que no tendrá en cuenta el impacto natural, local y remoto. “¿Proyectos económicamente viables? Sí, pero que sean justos, que redistribuyan la riqueza de manera real, que no generen desequilibrios intergeneracionales, que no destruyan el ámbito natural, cercano y lejanos. La viabilidad ha de ser holística”.

Para evitar futuros desatinos, Goiener defiende un cambio estructural del sistema. En el caso de Euskadi, esto pasaría por aparcar la mirada de corte industrial y promover un debate sobre otros modelos societarios, productivos, de distribución de recursos...  “De lo contrario habremos cambiado todo para que nada cambie”, advierte la cooperativa al volver los ojos, de nuevo, a Glefaran. El cierre de la planta ha dado carpetazo a más de seis años de conflicto, pero también deja sin sustento a más de treinta familias. Un recordatorio de que la sostenibilidad es social, económica y medioambiental, o no habrá transición verde.",5656,"El artículo analiza la crisis del modelo de biomasa para generación eléctrica en Euskadi, destacando fallos técnicos, ambientales y sociales como la contaminación, la falta de impacto ambiental y la resistencia ciudadana, que han llevado al cierre de plantas como Glefaran. Critica la priorización del beneficio económico sobre la sostenibilidad integral, advirtiendo sobre los riesgos de una transición energética superficial y sin criterios éticos o ecológicos.",crítico-reflexivo con toque satírico,"{'fallos_estructurales': {'1': 'La introducción es demasiado genérica y tarda en llegar a la tesis central. El salto de la afirmación inicial sobre el Ente Vasco de la Energía a los problemas actuales de Glefaran no está lo suficientemente motivado, lo que genera una lectura lenta en los primeros párrafos.', '2': 'Falta un desarrollo más contundente sobre las alternativas concretas a la biomasa eléctrica. La propuesta de Goiener sobre redes de calor y autoconsumo se menciona, pero no se explora cómo podría implementarse a gran escala o qué barreras enfrenta, lo que debilita la fuerza de la crítica.', '3': ""El uso de la ironía en la pregunta retórica *'¿Proyectos económicamente viables? Sí, pero que sean justos...'* es efectivo, pero podría haber sido más recurrente para reforzar el tono combativo del artículo. La sátira queda dispersa en lugar de ser un hilo conductor.""}, 'errores_de_fondo': {'1': 'El artículo asume que la contestación social es *la* causa principal de los cierres (ejemplo: Glefaran), sin profundizar en si hubo presiones políticas o decisiones administrativas previas que aceleraron el declive. Esta omisión debilita la coherencia de la narrativa.', '2': 'No se contextualiza adecuadamente el marco regulatorio europeo o estatal que podría estar influyendo en los ajustes que hacen inviables proyectos como los de biomasa. Por ejemplo, ¿qué papel juegan las directivas de la UE sobre emisiones o subsidios a renovables?'}, 'problemas_de_ritmo': {'1': ""El párrafo sobre *'la trampa del ""}}",7.0,8.0,"['Análisis detallado de los problemas ambientales y sociales de la biomasa eléctrica, respaldado por ejemplos concretos como las sanciones a Glefaran o los conflictos legales con plataformas ciudadanas.', 'Uso efectivo de fuentes especializadas (como la cooperativa Goiener) para aportar credibilidad y profundidad técnica al artículo, evitando generalizaciones.', 'Tesis clara y bien definida: la crítica al modelo de transición energética basado en el beneficio corto-placista, con una llamada a un enfoque holístico (económico, social y ambiental).', ""Recursos retóricos bien dosificados, especialmente en la sección *'El riesgo de caer en la trampa del ""]","['Desarrollar más las alternativas viables a la biomasa eléctrica, más allá de mencionar redes de calor o autoconsumo. ¿Qué políticas concretas podrían implementarse para evitar repetir errores?', 'Incluir un análisis comparativo con otros territorios (ejemplo: Alemania o España) donde la biomasa haya tenido resultados similares o distintos, para reforzar la tesis con datos externos.', 'Refinar la estructura inicial para evitar la acumulación de datos en los primeros párrafos. Por ejemplo, adelantar el conflicto social de Glefaran desde el inicio como gancho.', ""Aprovechar más la ironía y el sarcasmo para potenciar el tono crítico. La pregunta retórica sobre *'¿verdad?'* es buena, pero podría integrarse en otros párrafos para crear un hilo narrativo más cohesionado.""]",opinion_v4
"Por qué se pueden celebrar las navidades con luces, decoración creativa y sentido común",2022-12-10T05:00:00+01:00,https://cronicavasca.elespanol.com/empresas/20221210/por-pueden-celebrar-navidades-decoracion-creativa-sentido/724927506_0.html,"Jokin Basozabal, socio director de la consultora de calidad y sostenibilidad Intergaiak, experto en gestión de eventos eficiente, se rebela contra los excesos y pone el foco en las alternativas que existen","La historia de la Navidad comenzó por una estrella. Dos mil años y pico después, la luz sigue siendo protagonista de tan señaladas fechas para regocijo de muchos y exasperación de algunos. Hoy hablamos sobre lo humano y nada divino del alumbrado festivo con Jokin Basozabal, socio director de la consultora de calidad y sostenibilidad Intergaiak. Este experto en gestión de eventos eficientes se rebela contra los excesos y pone el foco en las opciones que hay para seguir alegrando las calles de una manera mucho más responsable, sin perder color ni calor.

Cuando un especialista en gestión de eventos sostenibles ve la parafernalia navideña de Vigo, con nueve semanas de luces a todo trapo, ¿algo se le muere en el alma?

Estamos acostumbrados… siempre ha habido excesos. Para ser honestos, para nosotros la referencia no es Vigo sino Las Naciones Unidas y los 17 Objetivos de Desarrollo Sostenible (ODS). Si mal no recuerdo, en el ODS 12 dice “Producción y Consumo Responsables”. . El objetivo debería de ser celebrar unas fiestas navideñas en armonía y no generar excesos que perjudiquen el medioambiente.


Ni en exceso ni en defecto se pueden celebrar las navidades con luces y decoración creativa sin sobrepasar los límites del sentido común


Hablando de excesos, todo ayuntamiento que se precie presume de usar luces LED en el alumbrado navideño, y que gracias a eso el consumo energético se reduce considerablemente. Claro que a estas alturas también sabemos que las LED generan un gran impacto ambiental porque las emisiones de CO2 para fabricarlas son más altas que las producidas en lámparas tradicionales de sodio. ¿Lo comido por lo servido?

Tecnológicamente las bombillas LED consumen menos potencia (kW) y por lo tanto en el mismo tiempo consumen menos energía (kWh). Ahora se recomienda sustituir las incandescentes y/o halógenas por las LED, aunque es verdad que en su producción y ciclo de vida generan emisiones de CO2. El problema está en si nos excedemos en la cantidad de las bombillas. Existen luxómetros que determinan si la intensidad de la luz es adecuada o nos estamos pasando (de potencia y, por ende, de bombillas). Nosotros recomendamos diseñar la iluminación ajustada a las necesidades de los eventos con una potencia (kW) adecuada.

¿Cuál es el coste de electrificar la Navidad? ¿Qué impactos se dan más allá del gasto económico, todo eso que no vemos?

Depende. Depende de dónde venga esa electricidad. ¿De combustibles fósiles o de origen renovable? Por ejemplo, el Ayuntamiento de Vitoria-Gasteiz dice en sus contratos de licitación que su electricidad debe ser con Certificado Garantía Origen Renovable. Eso quiere decir que la energía que se utiliza en el alumbrado proviene de fuentes renovables, disminuyendo notablemente las emisiones de Co2 que emiten las de origen no renovable.


Me gustaría ver a Olentzero, los Reyes Magos y Santa Claus en bicicleta o skate repartiendo regalos


Pero con el aumento de tarifa de los últimos tiempos…

Sí, las tensiones geopolíticas internacionales hacen que nuestro consumo deba ser más responsable. Ésta puede ser una oportunidad para que aumentemos la producción local; a nosotros, por ejemplo, nos gusta mucho el autoconsumo fotovoltaico. Con un sistema de baterías en red también se podrían iluminar las noches navideñas.

Así que la decoración navideña en nuestras calles puede ser tan festiva como la que hemos conocido tradicionalmente pero mucho más sostenible.

Claro. El componente social tiene mucho que decir. ¿Para qué decoramos? ¿Cuánto más mejor o cuánta más calidad mejor? Si decoramos las navidades para generar cercanía y socializar, el resultado puede ser más responsable y sostenible también con el entorno.

He leído que en Manchester han optado por un tipo de iluminación biodegradable y fabricada con materiales reciclados.

Sí, el ecodiseño es un concepto muy innovador que también nosotros queremos trabajar.

La reducción del horario del alumbrado es una cosa que ya se hace, ¿pero qué más opciones hay? Desde Starlight proponen usar dispositivos que regulen la potencia de las luminarias según el volumen de peatones. ¿Esto es factible y… “barato”?

Sí, también hay opción de instalar sensores en el alumbrado público y sin peatones las luces se apagan automáticamente. Es cuestión de voluntad. Una vez más, depende de la sensibilidad de las autoridades. Sobre lo de “barato”… Igual nuestras próximas generaciones pagan cara nuestra falta de sensibilidad por la problemática ambiental.

Lo que está claro que la iluminación navideña llama a la gente y llama al consumo, que es donde está la madre del cordero. Y eso puede implicar más circulación de vehículos, más tráfico en el centro…

Aunque la luz navideña sea noticia ahora, la movilidad es la que realmente más huella de carbono o impacto ambiental genera en el entorno. A nosotros nos gustaría que las compras navideñas se realizaran a productores y comerciantes locales, y a ser posible ver a Olentzero, los Reyes Magos y Santa Claus en bicicleta o skate repartiendo regalos. Serían más sostenibles…

En Intergaiak medís la huella de carbono de grandes eventos con la certificación Erronka Garbia y planteáis alternativas para compensar los impactos. Esto, llevado a la parafernalia navideña, ¿cómo se podría hacer?

Con infraestructura verde. Se calcula la huella de carbono en cualquier atracción y el número de árboles que pueden absorber esas emisiones en equis años. En función de ese cálculo se plantea una infraestructura verde en algún lugar de la ciudad para compensar esas emisiones de CO2. Se pueden generar entornos urbanos muy amables aplicando estos principios.


A quienes puedan decirme que no pasa nada por llenar todo de luces una vez al año, les diría que los excesos conducen a la insuficiencia


¿Y hay alternativas a la electrificación de la Navidad como modo de engalanar la ciudad esta época del año? ¿Hace falta un poquito más de imaginación o, como se dice ahora, innovación?

Depende…A nosotros nos gusta la cultura japonesa y en algunas zonas de la isla siguen celebrando sus costumbres respetando la naturaleza y el entorno de manera muy consciente.

Habrá gente que, leyéndonos, pensará: “a ver, que es una vez al año, tampoco nos volvamos locos, con lo bonita que queda la ciudad y más que se podría hacer...”. ¿Qué respondería?

Que los excesos conducen a la insuficiencia.

Pues hablando de excesos, Bilbao le da unas cuantas vueltas a Vitoria en cuanto a “magnificiencia” del alumbrado navideño. ¿Será por eso de que Gasteiz es la sempiterna hermana “pobre” o tiene autoridades locales con más conciencia medioambiental que postureo?

La verdad es que no considero Vitoria-Gasteiz pobre en ningún sentido. Las calles de Gasteiz se iluminan mucho más por su gente que por sus luminarias. Me parece una ciudad amable para las personas y el medioambiente, y en todo caso… Para gustos, colores.

Y luces.

Eso parece.",6978,"El artículo aborda la sostenibilidad del alumbrado y decoración navideña, cuestionando los excesos energéticos y ambientales desde una perspectiva técnica y social, con aportaciones de Jokin Basozabal (Intergaiak) sobre alternativas como LED eficientes, energías renovables, ecodiseño y reducción de consumo. Critica la falta de voluntad política y promueve soluciones innovadoras, vinculando tradición y responsabilidad ecológica.",crítico-conscientizador,"{'fallos_mayores': [{'descripción': ""Falta de **tesis clara y unificada** en el desarrollo. El texto oscila entre lo técnico (ej.: comparativa LED vs. sodio) y lo poético (ej.: 'Olentzero en bici'), sin un hilo argumental que las integre. La crítica ambiental se diluye en ejemplos dispersos sin un núcleo contundente."", 'impacto': ""Debilita la coherencia del mensaje y reduce el impacto persuasivo. Un artículo de opinión debe tener un *eje* (ej.: 'La Navidad es insostenible si no cambiamos X, Y, Z'), no un listado de ideas sueltas.""}, {'descripción': ""Repetición obsesiva de la frase *'ni en exceso ni en defecto'* (4 veces), que se convierte en un tópico vaciado de significado. Además, el recurso a la **ironía forzada** (ej.: '¿Lo comido por lo servido?') no conecta con la seriedad del tema tratado, restando elegancia al tono."", 'impacto': 'Falta de originalidad retórica y redundancia que cansan al lector. La ironía debe ser *precisa*, no repetitiva.'}, {'descripción': ""Dependencia excesiva de **datos técnicos sin contextualización emocional**. Frases como *'las LED generan un gran impacto ambiental por sus emisiones de CO2'* carecen de anclaje en lo cotidiano (ej.: '¿Sabías que el alumbrado navideño de Vigo consume tanto como X hogares al año?'). El texto habla *para expertos*, no para el público general."", 'impacto': 'Pérdida de alcance comunicativo. Un artículo de opinión debe equilibrar rigor y accesibilidad.'}, {'descripción': ""Cierre **predecible y genérico** ('los excesos conducen a la insuficiencia'), que no sorprende ni refuerza la tesis. Podría haber sido más provocador o propositivo (ej.: 'Propongo un *derecho a la oscuridad navideña*: 3 horas de luz máxima por ciudad')."", 'impacto': 'Opportunidad perdida para cerrar con fuerza. El final es un *deja vu* de manuales de sostenibilidad.'}], 'notas_criticas_adicionales': [{'observación': ""El artículo **sobrevalora las soluciones técnicas** (sensores, autoconsumo) en detrimento de las políticas públicas. No cuestiona, por ejemplo, por qué los ayuntamientos no priorizan la sostenibilidad navideña en sus presupuestos (ej.: '¿Por qué no hay subvenciones para alternativas biodegradables?')."", 'justificación': 'La crítica ambiental debe ir más allá de lo individual; requiere presión institucional.'}, {'observación': 'Falta de **autocrítica institucional**. El texto cita ejemplos positivos (Vitoria-Gasteiz, Manchester) pero no explica por qué no son la norma, ni cómo presionar para que lo sean. Es un *panfleto pro-sostenibilidad* sin estrategia de cambio.', 'justificación': 'Un artículo de opinión debe proponer *acciones concretas*, no solo describir buenas prácticas.'}]}",6.0,6.5,"[{'descripción': '**Uso de datos concretos** para sustentar la crítica (ej.: impacto ambiental de las LED, Certificado Garantía Origen Renovable de Vitoria-Gasteiz). Aunque no siempre están bien integrados, aportan credibilidad técnica al texto.', 'ejemplo': 'La mención a los *luxómetros* para medir la intensidad lumínica es un recurso útil para entender el problema desde lo práctico.'}, {'descripción': '**Enfoque interdisciplinar**: Combina lo ambiental (huella de carbono), lo social (comercio local) y lo cultural (tradición navideña), lo que enriquece el debate más allá de lo meramente ecológico.', 'ejemplo': 'La referencia a las luces biodegradables de Manchester o al ecodiseño japonés añade capas de análisis que invitan a la reflexión.'}, {'descripción': ""**Llamada a la imaginación** en propuestas alternativas (ej.: 'Olentzero en bici', iluminación regulada por sensores). Rompe con el discurso puramente técnico y humaniza el tema, algo clave para conectar con el lector."", 'ejemplo': 'La comparación con Japón como modelo de sostenibilidad cultural es un acierto para vincular tradición y ecología.'}, {'descripción': '**Crítica al consumo navideño** como motor del tráfico y la contaminación, un ángulo poco explorado en debates sobre sostenibilidad festiva. Expande el foco más allá de la energía.', 'ejemplo': ""La frase *'la movilidad es la que realmente más huella de carbono genera'* es un giro inteligente en la conversación.""}]","[{'descripción': ""Definir una **tesis central clara y repetirla** en cada sección para dar cohesión. Por ejemplo: *'Las navidades pueden ser sostenibles si los ayuntamientos adoptan estas 3 medidas: X, Y, Z'*, y luego desarrollar cada punto."", 'ejemplo_para_ejecutar': 'En lugar de saltar entre LED, sensores y Olentzero, agrupar ideas por ejes (ej.: *1. Energía limpia; 2. Diseño; 3. Movilidad*).'}, {'descripción': ""Reducir la **redundancia** y evitar frases hechas. Por ejemplo, reemplazar *'los excesos conducen a la insuficiencia'* (repetida 3 veces) por una metáfora original: *'Como un árbol que se poda demasiado, la Navidad pierde su esencia si se ahoga en electricidad'*."", 'ejemplo_para_ejecutar': 'Usar recursos retóricos *nuevos* para cada idea, evitando clichés.'}, {'descripción': ""Incluir **cuestionamientos directos a las autoridades**, no solo ejemplos de buenas prácticas. Por ejemplo: *'¿Por qué los ayuntamientos no exigen que el 50% de las luces navideñas sean biodegradables en 2025? ¿Es falta de voluntad o de presión ciudadana?'*."", 'ejemplo_para_ejecutar': 'Proponer *medidas vinculantes* (leyes, sanciones) en lugar de limitarse a recomendar.'}, {'descripción': ""Desarrollar un **cierre impactante** que sintetice la tesis y deje reflexión. En lugar de repetir ideas, proponer una *acción simbólica* (ej.: *'Exijo que mi ciudad apague las luces a las 22:00: es mi derecho a la oscuridad navideña'*)."", 'ejemplo_para_ejecutar': 'Cerrar con una *proposición concreta* que invite al lector a ser parte del cambio.'}, {'descripción': ""Evitar el **tono paternalista** hacia el lector. Frases como *'a quienes puedan decirme que no pasa nada'* suenan condescendientes. Mejor: *'Si crees que las luces navideñas son inocuas, piensa en esto...'* (presentar datos sin juzgar)."", 'ejemplo_para_ejecutar': 'Usar preguntas retóricas o datos para *invitar a la reflexión*, no para *corregir* al lector.'}]",opinion_v4
La Economía B no es lo que piensas,2022-12-03T05:00:00+01:00,https://cronicavasca.elespanol.com/empresas/20221203/la-economia-no-es-lo-que-piensas/723177683_0.html,El movimiento empresarial B Corp entra poco a poco en Euskadi resignificando la letra maldita,"La letra b, asociada al dinero, siempre ha tenido mala prensa. Lo habitual es usarla como adjetivo para referirse al parné que queda fuera del control de la Hacienda Pública. El fraude se puede dar en todas las esferas, desde fontaneros hasta un tal M. Rajoy, pero las operaciones resultan más dañinas y depuradas en los peldaños superiores.

Detrás de la caja b o la contalidad b aparecen paraísos fiscales, sociedades pantalla y demás tejemanejes financieros de dudoso gusto y peor ética. Sin embargo, en los últimos años ha tomado carrerilla un movimiento económico con ganas de resignificar el grafema mediante dichos y hechos. Hablamos de B Corporation, comunidad de alcance internacional formada ya por 4.400 empresas de 77 países del mundo. Poniendo la lupa, aparecen seis que operan desde Euskadi.

Son NUOC Life, Ekomodo, BIKOnsulting, Triodos Bank, Kaya Impacto y Aiguasol. Pertenecen a sectores muy distintos (bancario, consultoría, moda, complementos, energía…), pero comparten objetivo: practicar una Economía B de Buena poniendo en el centro de su actividad a las personas y el planeta. Y eso tiene su aquél. A diferencia de los negocios que sólo persiguen fines económicos, las B Corps han de satisfacer los más altos estándares de desempeño social y ambiental, transparencia pública y responsabilidad.

Legalmente, se les exige que tengan en cuenta en la toma de decisiones a sus trabajadores, clientes, proveedores, entorno y medio ambiente. Por eso entrar en la comunidad es complicado y, una vez conseguido, toca seguir demostrando para quedarse. NUOC, marca donostiarra especializada en botellas reutilizables lifestyle, sabe bien que el Movimiento B no se anda con chiquitas. “Iniciamos los trámites para ser B Corp hace dos años, en plena pandemia. Fue un proceso largo e intenso de siete meses porque son muchas evaluaciones que hay que ir “aprobando” y mucha documentación que presentar”, explican desde la empresa.

Pequeños aventureros

Dentro del movimiento hay compañías de renombre internacional, y eso ha ayudado a que B Corp gane prestigio, pero son los pequeños aventureros quienes han escrito las más grandes historias de inspiración. Detrás de NUOC están Maitane Taboada, David Tena y un viaje por el sudeste asiático en 2015 que les puso de frente la inmensa problemática del plástico de un solo uso y sus consecuencias en los océanos.

“Como viajeros y amantes del surf, tras ese viaje decidimos dejar nuestros respectivos trabajos y ser parte del cambio. Así es como nació NUOC (agua en vietnamita), allá por 2016 en San Sebastián. Nuestro objetivo es ofrecer una alternativa reutilizable, sostenible, responsable y de diseño a las botellas de plástico de un solo uso. Y además, apoyamos proyectos de ONG que brindan acceso a agua en países en vías de desarrollo”, cuentan.

Era de recibo que un proyecto así buscara la manera de obtener “un reconocimiento a tanto trabajo y a tanta lucha por intentar cambiar y mejorar algo el planeta”. Ahora bien, la certificación como tal solo es una parte. Las compañías que integran el Movimiento B comparten jornadas de trabajo, construyen espacios de diálogo y suman fuerzas para introducir cambios que favorezcan otro modelo empresarial. Su último hito fue la aprobación por parte del Gobierno de España de una figura jurídica que reconoce las empresas con propósito dentro de la nueva Ley Crea y Crece. Ahí las B Corps vascas estuvieron empujando con brío.

""Más profundo que un certificado""

“Ser B Corp tiene un significado más profundo que obtener la certificación. Significa que el objeto social de la empresa y el alma sea de crear a través de la compañía un impacto positivo en el planeta y en las personas. Nosotros creemos que las empresas que no son parte de la solución, son parte del problema. Por eso desde que nos pusimos en marcha teníamos claro que queríamos ser una B Corp”. Quien lanza este convencido discurso es Aritz Gartzia, CEO y cofundador de EKOMODO, otra compañía nacida de la pasión por cambiar las cosas.

La historia de EKOMODO comienza en Eko-REC, compañía industrial referente internacional en reciclaje y economía circular: es la única de Europa que recicla botellas de plástico PET (alrededor de 5 millones al día) y sin salir de las instalaciones las convierte en diferentes productos industriales. El caso es que en 2019, tres jóvenes trabajadores de Eko-REC identificaron la oportunidad de cerrar aún más el ciclo del residuo, convirtiendo esa fibra en productos que la gente pudiera usar en su día a día con mucho diseño y total funcionalidad. Desde entonces, Gartzia, Adriana Uribesalgo y David Zabala han ido modelando el más sostenible universo de accesorios. 

NUOC y EKOMODO son ejemplo de empresas que nacen con el propósito de salvar el planeta en el ADN, pero en realidad cualquier compañía podría transformar su cultura y maneras de trabajar para ser más justa, responsable y transparente. “Aunque de primeras pueda resultar abrumador, cada cual desde su actividad puede encontrar la mejor manera de tener ese impacto positivo”, asegura Gartzia. No es cuestión de letras malditas, sino de dónde poner el foco.",5156,"El artículo explora el concepto de la **Economía B** (*B Corporation*), un modelo empresarial que prioriza el impacto social y ambiental sobre el lucro exclusivo, destacando su crecimiento global, casos concretos en Euskadi como NUOC y Ekomodo, y su potencial para transformar la cultura empresarial tradicional. Critica la percepción estereotipada de la letra 'b' asociada al fraude fiscal, contrastándola con esta iniciativa de responsabilidad corporativa.",reflexivo-conciliador,"El texto adolece de un **sesgo demasiado elogioso** hacia el movimiento B Corp sin matizar sus limitaciones prácticas (ej.: ¿qué porcentaje real de empresas *no* lucrativas logran sostenibilidad a largo plazo?). Además, la estructura repite información (como la lista de empresas vascas) sin profundizar en contradicciones o críticas externas al modelo, lo que debilita su credibilidad. La falta de datos concretos sobre el impacto real de estas empresas —más allá de testimonios— resta rigor a las afirmaciones rotundas (ej.: 'cualquier compañía podría transformarse').",7.0,6.5,"[""Logra **desmontar un prejuicio cultural** (la 'b' como fraude) con una transición natural hacia el tema central, usando ironía sutil ('tejemanejes financieros de dudoso gusto') que engancha al lector."", ""Incluye **historias empresariales concretas** (NUOC, Ekomodo) que humanizan el discurso y demuestran viabilidad, evitando el tópico de la 'empresa verde' abstracta."", 'El cierre con la **Ley Crea y Crece** refuerza el contexto político actual, posicionando el artículo como relevante para el debate social-económico.', 'Equilibra **tono académico y cercano** mediante citas directas de emprendedores, lo que facilita la conexión emocional sin caer en subjetividad excesiva.']","['Añadir **datos comparativos** (ej.: % de beneficios reinvertidos vs. modelos tradicionales, casos de fracaso en B Corps) para contrastar el discurso optimista con realidades complejas.', ""Incluir **críticas externas** al modelo (ej.: ¿es realmente escalable?, ¿qué limitaciones tienen las pymes para certificarse?) para evitar el *halo* de 'solución mágica'."", 'Reducir la **reiteración** de ejemplos (las 6 empresas vascas aparecen dos veces sin aportar nuevo ángulo), priorizando profundidad sobre extensión.', 'Especificar **métricas de impacto** (ej.: toneladas de CO₂ evitadas por Ekomodo, % de trabajadores con condiciones justas en NUOC) para respaldar las afirmaciones cualitativas.']",opinion_v4
El encuentro al que Elon Musk debería ir,2022-11-28T05:00:00+01:00,https://cronicavasca.elespanol.com/economia/20221128/el-encuentro-al-que-elon-musk-deberia/721927814_0.html,La tercera edición de la Semana del Emprendimiento de Bizkaia “Sarekin Week” se adentra en la triple sostenibilidad como modelo empresarial de futuro,"Elon Musk es el tipo más rico del mundo. Ha amasado una fortuna con algunas ideas buenas e inversiones arriesgadas. También ha cometido errores mayúsculos por proyectos considerados por muchos delirantes. Solo los idiotas subestiman el miedo y él no lo conoce. Le chifla poner todos los huevos en la cesta de la innovación. En ocasiones roza la bancarrota, pero finalmente alza el vuelo. Su meta es, o eso dice, salvar el mundo. Por eso invierte en vehículos eléctricos, paneles solares e inteligencia artificial. Quiere prolongar la existencia de la humanidad en la Tierra, además de construir una colonia marciana. Y mientras gasta, gana y sueña, la vida se convierte en pesadilla para quienes forman parte de su órbita. En Twitter ha habido oleada de dimisiones: los trabajadores no están dispuestos a aceptar la “cultura corporativa” del sudafricano, una suerte de nueva esclavitud que justifica con apasionadas arengas sobre éxito y competitividad. Elon Musk ha alcanzado la cima del emprendimiento dejando cadáveres por el camino. En la Sarekin Week le advertirían de que así no hay futuro.

Hablamos de la Semana del Emprendimiento de Bizkaia, que tendrá lugar del 28 de noviembre al 2 de diciembre en varios espacios congresuales del Gran Bilbao. En esta tercera edición se podrá volver a descubrir las oportunidades de emprendimiento que ofrece el entorno y fórmulas para tomar decisiones con mayor conocimiento y perspectivas de éxito. Eso sí, desde la triple sostenibilidad como modelo empresarial al que aspirar. Se trata de que las compañías, sin dejar de hacer dinero, cuiden de los suyos y del entorno; es decir, que procuren que sus acciones tengan un impacto social y medioambiental positivo con una gestión económica responsable. Y sí, existen negocios que caminan en esa línea. Lo asegura uno de los ponentes de las mesas redondas inaugurales de la Sarekin Week: Paco Álvarez, el exvicepresidente de la Bolsa de París reconvertido en portavoz internacional de la Economía del Bien Común. Un profesional combativo al que no es posible dar gato por liebre.

“Cada vez hay más empresas que lo están haciendo bien y que comprenden que pueden ser rentables financieramente si también lo son socialmente y medioambientalmente. Ello es debido a la toma de conciencia de la sociedad, aunque sea lenta, pero también a las normas que poco a poco se van imponiendo: los ODS, la Agenda 2030, informes no financieros conocidos por las siglas NFRD, CSRD (NFRD renovada), CSDD, Taxonomy Regulation, ESAP… sin olvidar la ley recientemente votada en España sobre creación y crecimiento de empresas que introduce a las Sociedades de Beneficio e Interés Común”, explica Álvarez.

Ahora bien, esa realidad no le impide cuestionar el tan manoseado concepto de sostenibilidad. El presidente de la Federación para el fomento de la Economía del Bien Común afirma que quienes defienden el modelo económico liberal-capitalista “tienen la habilidad de detectar lo que la sociedad empieza a tener en cuenta para adaptarlo, modificarlo o desfigurarlo, con el objetivo de que lo esencial del modelo, que es únicamente el lucro, no se vea afectado peligrosamente”. Hoy en día la palabra “sostenible” salta al escenario nada más encenderse los micrófonos de cualquier foro empresarial o político, “aunque a menudo se deforme, como se ha deformado la palabra economía, la palabra empresa, la palabra emprendimiento…”.

La sostenibilidad va ganando terrenno

Las trampas son inevitables, pero nadie podrá rebatir que los desafíos sociales y climáticos del siglo XXI están empujando a trabajar con un poco más de justicia y responsabilidad, ya sea por necesidad, convicción, moda o apariencia. “Por eso poco a poco los conceptos de la Economía del Bien Común van ganando terreno. Y por eso hay que ser precavidos y desenmascarar con pruebas a los que hacen el paripé”, sostiene Álvarez. El término anglosajón greenwashing, lo que viene siendo el lavado de cara de toda la vida, no ha nacido por casualidad. “Recordemos que grandes empresas que habían obtenido premios por sus políticas de Responsabilidad Social Corporativa han sido condenadas por haber mentido, particularmente en el sector de la automoción o en el sector financiero”, alerta.

Con el discurso de Álvarez suele pasar que, por un instante, cunde el desaliento. Sin embargo, rápidamente insiste en que “hay motivos para la esperanza”. El movimiento de compañías dispuestas a marcar un cambio de rumbo sigue creciendo y lo hace con indicadores reales que demuestran que la sostenibilidad puede ser más que parches y cantos de sirenas. Es el caso de la Asociación de Empresas Triple Balance SANNAS, que estará presente en la Sarekin Week a través de su cofundador Luis Madrid. Este experto en Innovación Social y Diseño Estratégico impartirá el taller “Mide la sostenibilidad de tu empresa o proyecto. Métricas de triple balance”, con el que enseñará la herramienta de autoevaluación creada por SANNAS.

“Suelo parafrasear el dicho “lo que no se mide no existe” y digo: “lo que no se mide también existe y muchas veces juega en tu contra”. En la empresa nos podemos encontrar con problemas de exceso de rotación de la plantilla, competencia desleal o incluso falta de fidelidad por parte de los clientes, que te dejan por un producto “más barato”. Todos estos elementos se pueden abordar desde la sostenibilidad, ya que es un concepto que no solo habla de reciclar papel, que también; te ayuda a pensar cuál es tu papel en al mundo como empresa, mucho más allá de ganar dinero”, subraya. Por eso, Madrid tiene la sensación de que, más tarde o temprano, la mayoría de negocios se dará cuenta de que “ser sostenible es mucho mas rentable que no serlo, y a partir de ahí habrá un cambio orgánico”.

Destaca el papel de Euskadi

Sobre el papel de Euskadi en este nuevo escenario, el especialista en Triple Balance tiene sobre todo palabras bonitas. Ha acompañado a varias empresas, fundaciones y administraciones públicas de la zona a transitar hacia ese modelo, y su conclusión es que “no tenéis nada que envidiar a los países mas avanzados del mundo en temas de sostenibilidad”. El País Vasco ha tomado la delantera en todo el Estado a nivel legal, pero lo que más destaca Luis Madrid es “el compromiso” que ha detectado en unas cuantas organizaciones. El año pasado participó en el codiseño de la primera Estrategia de Sostenibilidad Triple Balance hecha por un servicio de Bomberos en España “y fueron los Bomberos de Bizkaia”.

A Paco Álvarez le gusta evocar a Einstein cuando dijo aquello de que “la culpa de lo que se hace mal no es de los que lo hacen mal, es de los que miran a los que lo hacen mal… y no hacen nada”. Por eso la Sarekin Week pone el foco en las buenas prácticas, grandes y humildes. La idea es que el ejemplo cunda partiendo de experiencias empresariales sostenibles reales, sin importar tanto ser los mejores del mundo sino los mejores para el mundo. Que no es lo mismo. El sistema ha aupado a Elon Musk, pero el planeta reclama muchos pequeños emprendedores dispuestos a ser agentes de cambio.",7085,"El artículo contrasta el modelo empresarial de Elon Musk, caracterizado por la innovación arriesgada pero con impacto negativo en sus empleados, con la Economía del Bien Común y la sostenibilidad real, destacando iniciativas como la Sarekin Week y casos de empresas vascas que priorizan el triple balance (económico, social y ambiental). Critica el *greenwashing* y promueve un emprendimiento ético y medible, con ejemplos concretos de cómo la sostenibilidad puede ser rentable y transformadora.",crítico-reflexivo con toques irónicos,"El artículo cae en la **falta de cohesión temática**: pasa abruptamente de analizar a Elon Musk (primer párrafo) a promocionar la Sarekin Week (segundo párrafo) sin un puente lógico que relacione ambos ejes. La crítica a Musk es superficial, reducida a tópicos como 'dejar cadáveres' sin profundizar en sus consecuencias reales o en alternativas concretas. Además, el tono **provocador inicial** (ej. 'los idiotas subestiman el miedo') se diluye en un desarrollo más descriptivo que argumental, especialmente en la segunda mitad, donde la defensa de la Economía del Bien Común carece de **contradicciones o ejemplos críticos** que le den mordiente. Finalmente, el cierre con Einstein es **forzado**: no aporta nada nuevo y parece un *cliché* para justificar la promoción de la semana de emprendimiento, sin vincularlo a la tesis previa.",4.0,3.5,"['Contraste efectivo entre dos modelos: el disruptivo de Musk (aunque mal desarrollado) y el de la Economía del Bien Común, que ofrece alternativas concretas con nombres propios (Paco Álvarez, Luis Madrid) y ejemplos tangibles (SANNAS, Bomberos de Bizkaia).', 'Uso de **datos normativos recientes** (CSRD, Taxonomy Regulation) para respaldar la tesis de que la sostenibilidad es un marco en expansión, aunque no siempre bien aplicado.', 'Inclusión de **voces expertas** con perfil reconocible (Álvarez, Madrid), lo que da autoridad al artículo y evita el *opinionismo* vacío.', 'Ritmo ágil en la primera mitad, con frases cortas y un tono que capta la atención, especialmente en la crítica inicial a Musk.']","['**Tesis ambigua**: El artículo no responde claramente a la pregunta implícita en el título (*¿Qué encuentro debería asistir Musk?*). La respuesta —la Sarekin Week— se presenta como un *deber ser* moral, pero sin argumentar por qué ese evento (y no otro) sería formativo para él o relevante para su modelo.', ""**Falta de crítica constructiva**: La mención a Musk es más un *chiste fácil* ('dejar cadáveres') que un análisis profundo. No se explora si su fracaso laboral podría ser una oportunidad para repensar su liderazgo, ni se contrastan sus logros con sus fracasos desde una perspectiva más matizada."", '**Promoción desequilibrada**: La segunda parte se centra casi exclusivamente en alabar la Sarekin Week y la Economía del Bien Común sin **contrapesos**. Por ejemplo, no se menciona si estas iniciativas tienen limitaciones (ej.: ¿son escalables?, ¿dependen de subvenciones?), ni se cuestiona si el modelo es viable en sectores como el tecnológico (donde Musk opera).', ""**Cierre débil**: La cita de Einstein y el énfasis en el 'compromiso' vasco caen en lo **retórico**. No hay un cierre que sintetice una lección concreta para el lector, ni una llamada a la acción clara más allá de asistir al evento. Además, el tono cambia bruscamente a lo 'inspirador' sin transición."", '**Estructura caótica**: Los saltos entre temas (Musk → Sarekin Week → Economía del Bien Común → casos vascos) **rompen la narrativa**. No hay un hilo conductor que una estas ideas, lo que hace que el artículo se sienta como un *collage* de ideas sueltas.', '**Falta de profundidad en los ejemplos**: Se mencionan iniciativas como los Bomberos de Bizkaia o SANNAS, pero **no se explican cómo funcionan** ni qué métricas concretas usan para medir su sostenibilidad. Esto debilita la credibilidad de la tesis.']",opinion_v4
Mujeres emprendedoras de toda Europa llegan de inmersión a Euskadi,2022-11-19T05:00:00+01:00,https://cronicavasca.elespanol.com/igualdad/20221119/mujeres-emprendedoras-de-europa-llegan-inmersion-euskadi/719678035_0.html,"Donostia y Kuartango (Álava) acogen 45 participantes de The Break, programa financiado por la UE que incluye formación y retiro en diferentes zonas de España","Desde que recaló a principios de mes en el corazón de Euskadi, Tania Rodríguez está descubriendo un nuevo mundo dentro del viejo continente. Mexicana de nacimiento, finlandesa desde hace casi dos décadas por cosas que tiene la vida, es una de las 280 mujeres emprendedoras europeas participantes en The Break: un programa financiado con Fondos Next Generation de la UE que incluye formación y retiro durante 28 días en doce zonas de España. El objetivo, ayudarlas a mejorar sus negocios, husmear oportunidades comerciales o de inversión y coser alianzas.

San Sebastián y Kuartango (Álava) forman parte de ese mapa por méritos propios. Más de 50 organizaciones de toda la Península se postularon para ser anfitrionas y desarrolladoras de The Break en sus respectivas ciudades o pueblos. La Escuela de Organización Industrial e Impact Hub Madrid, promotoras del proyecto, seleccionaron doce; entre ellas las vascas Impact Hub Donostia y BIKOnsulting.

“Desde el principio ha sido una aventura emocionante y enriquecedora. Las mujeres eligen destino dentro del listado disponible y nosotros ponemos las condiciones para que aprovechen la experiencia al máximo. Aprenden, hacen piña y, además, contribuyen a un reto local. En nuestro campo de operaciones, que es Kuartango, han de buscar soluciones innovadoras al desafío de la movilidad rural”, explica Ivan del Caz, socio de la cooperativa alavesa BIKO.

Qué hacen

Las participantes de inmersión en Euskadi son 45, y han venido repartidas en dos tandas. Impact Hub Donostia recibió a doce participantes en octubre y ahora en noviembre tiene a otras doce (más una online). En el caso de BIKO, fueron once el mes pasado y diez ahora. Tanto en Donostia como en Kuartango, todas las mujeres viven el mismo proceso durante los 28 días de estancia: reciben mentorías a cargo de sus anfitriones y conocen de primera mano iniciativas empresariales vascas de las que absorber conocimientos e inspiración.

Ya han compartido espacio, tiempo y experiencias con Basque Culinary Center, BIC Araba o Mondragon Team Academy, entre otras potentes compañías. “Estamos conociendo proyectos muy interesantes. Yo soy diseñadora gráfica y chef, y tengo un negocio de salsas mexicanas. Me estoy llevando tanto enseñanzas como contactos increíbles para abrirme paso”, afirma Tania.

Otro imprescindible en The Break son los encuentros con emprendedoras locales, todo un vehículo de desahogo y aprendizaje. Impact Hub Donostia organizó un networking en octubre y ha repetido esta semana con el mismo éxito. “Hemos contado con una treintena de participantes, la mitad de The Break, la otra mitad residentes en Gipuzkoa. Cada una de ellas con historias e intereses diversos, pero todas compartiendo un nexo común: los retos y dificultades con que se encuentran tanto emprendiendo como liderando sus organizaciones en sectores muy diferentes”, señalan. En Álava, las quedadas están siendo con Femprende-Mujeres Emprendedoras de la Cuadrilla de Añana. Más informales y muy rurales, pero con similares desafíos.

Procedencias y dedicaciones varias

The Break es un arca de Noé donde la diversidad confluye irremediablemente en lo común. Hay mujeres de Italia, Holanda, Polonia, Bélgica, Alemania, Rumanía, Croacia, Portugal… Y entre sus negocios lo mismo se cuentan microempresas de marketing que de cosmética, servicios de consultoría o de educación vial. Eso sí, en su apuesta por el emprendimiento, acentos, orígenes, intereses y pasiones convergen en el mismo camino.  El tiempo que les queda libre entre mentorías y encuentros empresariales lo aprovechan para gestionar sus negocios con la varita del teletrabajo, pero también para conocer en equipo la zona y paladear costumbres tan nuestras como el pintxopote.

Además, comparten estancia; en el caso de Tania y sus compañeras, una casita rural próxima al Valle Salado de Añana. Esa interacción desde la primera legaña del día está siendo fundamental, dicen, para estrechar relaciones tanto en lo humano como en lo laboral. 

Todo lo hacen juntas y el roce, de momento, no ha hecho más que cariño, conocimiento y complicidad. A fin de cuentas, es de lo que trata The Break: trenzar una red de emprendimiento europeo femenino que empodere a las mujeres. Ellas son clave para transitar hacia una economía sostenible e inclusiva.",4324,"El artículo describe el programa **The Break**, financiado por la UE, que reúne a 280 mujeres emprendedoras europeas en Euskadi (San Sebastián y Kuartango) durante 28 días para recibir formación, networking y mentorías, con el objetivo de fortalecer sus negocios y crear alianzas transnacionales. Destaca la diversidad cultural y sectorial de las participantes, así como su integración en la comunidad local y el intercambio de experiencias. El enfoque recae en el empoderamiento femenino como motor de una economía inclusiva, aunque el texto prioriza lo anecdótico sobre el análisis crítico o la profundidad temática.",descriptivo-informativo con toques narrativos,"El artículo cae en la **descripción excesivamente detallada y poco crítica**, perdiendo oportunidades para analizar el impacto real del programa (ej.: ¿qué tan sostenibles son estas alianzas?, ¿cómo se mide el éxito más allá de testimonios individuales?). La falta de contexto económico o político sobre los Fondos Next Generation y su distribución en proyectos como *The Break* debilita la profundidad. Además, el tono a veces se vuelve **sentimental sin necesidad** (ej.: 'el roce no ha hecho más que cariño'), lo que resta seriedad a un tema que merecería un enfoque más analítico. Por último, la estructura repite información (como las cifras de participantes) sin aportar datos comparativos o desafíos concretos del emprendimiento femenino en Europa, lo que limita su valor periodístico más allá del *reportaje de éxito*.",5.0,4.5,"['Estructura cronológica clara (llegada de las participantes → actividades → testimonios → diversidad cultural), que facilita la lectura y el seguimiento de la narrativa.', 'Inclusión de voces diversas (ej.: Tania Rodríguez, Ivan del Caz) que humanizan el tema y dan autenticidad al relato, evitando un enfoque genérico.', 'Recurso visual implícito a través de detalles sensoriales (pintxopote, casita rural) que enriquecen la experiencia del lector y conectan emocionalmente con el lector.', 'Énfasis en la **diversidad geográfica y sectorial** de las participantes, un ángulo poco explorado en medios que suele centrarse en casos aislados o locales.']","['Añadir **datos cuantitativos o cualitativos** que contextualicen el impacto del programa: ¿cuántas alianzas comerciales se han cerrado?, ¿qué porcentaje de participantes ha escalado sus negocios después del taller? Sin métricas, el éxito queda en el plano anecdótico.', 'Incluir **perspectivas críticas** desde emprendedoras locales o expertos en economía feminista para equilibrar el tono celebratorio. Por ejemplo: ¿qué barreras estructurales (acceso a financiación, brecha de género en sectores) persisten pese a iniciativas como *The Break*?', 'Evitar repeticiones innecesarias (ej.: las cifras de participantes se mencionan al menos 3 veces con poca variación) y profundizar en **casos concretos** que ilustren tensiones o aprendizajes conflictivos del programa, no solo éxitos.', 'Explorar el **enfoque de Euskadi** como laboratorio de políticas de emprendimiento: ¿qué hace único este territorio en comparación con otras regiones europeas? ¿Cómo se financia el programa localmente? La falta de este análisis geopolítico limita el alcance del artículo.']",opinion_v4
